{"ast":null,"code":"module.exports = {\n  C: {\n    \"40\": 0.00368,\n    \"51\": 0.00368,\n    \"52\": 0.02577,\n    \"56\": 0.00368,\n    \"59\": 0.00368,\n    \"62\": 0.00368,\n    \"63\": 0.00736,\n    \"68\": 0.00368,\n    \"71\": 0.00368,\n    \"76\": 0.00368,\n    \"80\": 0.00368,\n    \"88\": 0.00368,\n    \"101\": 0.01104,\n    \"102\": 0.00368,\n    \"103\": 0.00368,\n    \"106\": 0.00368,\n    \"110\": 0.00368,\n    \"113\": 0.00368,\n    \"114\": 0.00368,\n    \"115\": 0.35338,\n    \"117\": 0.00368,\n    \"118\": 0.02209,\n    \"119\": 0.00736,\n    \"120\": 0.00368,\n    \"121\": 0.00736,\n    \"122\": 0.01472,\n    \"123\": 0.02209,\n    \"124\": 0.7951,\n    \"125\": 0.54111,\n    \"126\": 0.00368,\n    _: \"2 3 4 5 6 7 8 9 10 11 12 13 14 15 16 17 18 19 20 21 22 23 24 25 26 27 28 29 30 31 32 33 34 35 36 37 38 39 41 42 43 44 45 46 47 48 49 50 53 54 55 57 58 60 61 64 65 66 67 69 70 72 73 74 75 77 78 79 81 82 83 84 85 86 87 89 90 91 92 93 94 95 96 97 98 99 100 104 105 107 108 109 111 112 116 127 128 3.5 3.6\"\n  },\n  D: {\n    \"26\": 0.00736,\n    \"34\": 0.00368,\n    \"38\": 0.00368,\n    \"41\": 0.00368,\n    \"42\": 0.00368,\n    \"43\": 0.00368,\n    \"44\": 0.00736,\n    \"45\": 0.00368,\n    \"46\": 0.00368,\n    \"47\": 0.00368,\n    \"49\": 0.02945,\n    \"50\": 0.01104,\n    \"51\": 0.00736,\n    \"64\": 0.00368,\n    \"66\": 0.00736,\n    \"68\": 0.00736,\n    \"69\": 0.00368,\n    \"70\": 0.00368,\n    \"73\": 0.00368,\n    \"74\": 0.01841,\n    \"79\": 0.03681,\n    \"80\": 0.01841,\n    \"81\": 0.00736,\n    \"83\": 0.00736,\n    \"84\": 0.00368,\n    \"85\": 0.00368,\n    \"86\": 0.00736,\n    \"87\": 0.02577,\n    \"88\": 0.00368,\n    \"89\": 0.00368,\n    \"90\": 0.01841,\n    \"91\": 0.06994,\n    \"92\": 0.01841,\n    \"94\": 0.00368,\n    \"95\": 0.00368,\n    \"96\": 0.00736,\n    \"97\": 0.01104,\n    \"98\": 0.00368,\n    \"99\": 0.01104,\n    \"100\": 0.01104,\n    \"101\": 0.00736,\n    \"102\": 0.04049,\n    \"103\": 0.06994,\n    \"104\": 0.01104,\n    \"105\": 0.03681,\n    \"106\": 0.14724,\n    \"107\": 0.01841,\n    \"108\": 0.03681,\n    \"109\": 2.89695,\n    \"110\": 0.00368,\n    \"111\": 0.01841,\n    \"112\": 0.02209,\n    \"113\": 0.00736,\n    \"114\": 0.01841,\n    \"115\": 0.02209,\n    \"116\": 0.16196,\n    \"117\": 0.01104,\n    \"118\": 0.05522,\n    \"119\": 0.06626,\n    \"120\": 0.1546,\n    \"121\": 0.18037,\n    \"122\": 0.5227,\n    \"123\": 10.71171,\n    \"124\": 4.53867,\n    \"125\": 0.01472,\n    _: \"4 5 6 7 8 9 10 11 12 13 14 15 16 17 18 19 20 21 22 23 24 25 27 28 29 30 31 32 33 35 36 37 39 40 48 52 53 54 55 56 57 58 59 60 61 62 63 65 67 71 72 75 76 77 78 93 126 127\"\n  },\n  F: {\n    \"31\": 0.00368,\n    \"36\": 0.01104,\n    \"46\": 0.00736,\n    \"56\": 0.01104,\n    \"68\": 0.00368,\n    \"69\": 0.00368,\n    \"70\": 0.00736,\n    \"79\": 0.02577,\n    \"80\": 0.00368,\n    \"82\": 0.00368,\n    \"83\": 0.00368,\n    \"84\": 0.00736,\n    \"85\": 0.06258,\n    \"86\": 0.01841,\n    \"87\": 0.00368,\n    \"88\": 0.00368,\n    \"95\": 0.41227,\n    \"101\": 0.00368,\n    \"102\": 0.00736,\n    \"105\": 0.00368,\n    \"106\": 0.01104,\n    \"107\": 0.85399,\n    \"108\": 0.90553,\n    \"109\": 0.3092,\n    _: \"9 11 12 15 16 17 18 19 20 21 22 23 24 25 26 27 28 29 30 32 33 34 35 37 38 39 40 41 42 43 44 45 47 48 49 50 51 52 53 54 55 57 58 60 62 63 64 65 66 67 71 72 73 74 75 76 77 78 81 89 90 91 92 93 94 96 97 98 99 100 103 104 9.5-9.6 10.0-10.1 10.5 10.6 11.1 11.5 11.6 12.1\"\n  },\n  B: {\n    \"14\": 0.00368,\n    \"18\": 0.01104,\n    \"84\": 0.00368,\n    \"89\": 0.00736,\n    \"92\": 0.01472,\n    \"100\": 0.00368,\n    \"108\": 0.00368,\n    \"109\": 0.01472,\n    \"115\": 0.00368,\n    \"116\": 0.00368,\n    \"117\": 0.00368,\n    \"118\": 0.01104,\n    \"119\": 0.00368,\n    \"120\": 0.02577,\n    \"121\": 0.01841,\n    \"122\": 0.12884,\n    \"123\": 1.99142,\n    \"124\": 0.99755,\n    _: \"12 13 15 16 17 79 80 81 83 85 86 87 88 90 91 93 94 95 96 97 98 99 101 102 103 104 105 106 107 110 111 112 113 114\"\n  },\n  E: {\n    \"9\": 0.00736,\n    \"14\": 0.01472,\n    _: \"0 4 5 6 7 8 10 11 12 13 15 3.1 3.2 6.1 7.1 9.1 10.1 11.1 12.1\",\n    \"5.1\": 0.22454,\n    \"13.1\": 0.03681,\n    \"14.1\": 0.02945,\n    \"15.1\": 0.01104,\n    \"15.2-15.3\": 0.00736,\n    \"15.4\": 0.02945,\n    \"15.5\": 0.02209,\n    \"15.6\": 0.16565,\n    \"16.0\": 0.00736,\n    \"16.1\": 0.06994,\n    \"16.2\": 0.03681,\n    \"16.3\": 0.05522,\n    \"16.4\": 0.02945,\n    \"16.5\": 0.05153,\n    \"16.6\": 0.15092,\n    \"17.0\": 0.05153,\n    \"17.1\": 0.08834,\n    \"17.2\": 0.09571,\n    \"17.3\": 0.26135,\n    \"17.4\": 0.78037,\n    \"17.5\": 0.00736\n  },\n  G: {\n    \"8\": 0,\n    \"3.2\": 0,\n    \"4.0-4.1\": 0,\n    \"4.2-4.3\": 0.00423,\n    \"5.0-5.1\": 0.00423,\n    \"6.0-6.1\": 0.01057,\n    \"7.0-7.1\": 0.01691,\n    \"8.1-8.4\": 0.00423,\n    \"9.0-9.2\": 0.01057,\n    \"9.3\": 0.05286,\n    \"10.0-10.2\": 0.01057,\n    \"10.3\": 0.08457,\n    \"11.0-11.2\": 0.07189,\n    \"11.3-11.4\": 0.02114,\n    \"12.0-12.1\": 0.0148,\n    \"12.2-12.5\": 0.34464,\n    \"13.0-13.1\": 0.00634,\n    \"13.2\": 0.06977,\n    \"13.3\": 0.01691,\n    \"13.4-13.7\": 0.06554,\n    \"14.0-14.4\": 0.12897,\n    \"14.5-14.8\": 0.19663,\n    \"15.0-15.1\": 0.09092,\n    \"15.2-15.3\": 0.1036,\n    \"15.4\": 0.1184,\n    \"15.5\": 0.15012,\n    \"15.6-15.8\": 1.31089,\n    \"16.0\": 0.30658,\n    \"16.1\": 0.63853,\n    \"16.2\": 0.30658,\n    \"16.3\": 0.54127,\n    \"16.4\": 0.11206,\n    \"16.5\": 0.23469,\n    \"16.6-16.7\": 1.85427,\n    \"17.0\": 0.22201,\n    \"17.1\": 0.41018,\n    \"17.2\": 0.5455,\n    \"17.3\": 3.97918,\n    \"17.4\": 8.98171,\n    \"17.5\": 0.08246\n  },\n  P: {\n    \"4\": 0.07306,\n    \"20\": 0.03131,\n    \"21\": 0.05218,\n    \"22\": 0.07306,\n    \"23\": 0.33397,\n    \"24\": 1.66987,\n    _: \"5.0-5.4 6.2-6.4 8.2 9.2 12.0 14.0 15.0\",\n    \"7.2-7.4\": 0.07306,\n    \"10.1\": 0.01044,\n    \"11.1-11.2\": 0.01044,\n    \"13.0\": 0.01044,\n    \"16.0\": 0.01044,\n    \"17.0\": 0.01044,\n    \"18.0\": 0.06262,\n    \"19.0\": 0.03131\n  },\n  I: {\n    \"0\": 0.04405,\n    \"3\": 0,\n    \"4\": 0,\n    \"2.1\": 0,\n    \"2.2\": 0,\n    \"2.3\": 0,\n    \"4.1\": 0.00001,\n    \"4.2-4.3\": 0.00003,\n    \"4.4\": 0,\n    \"4.4.3-4.4.4\": 0.00011\n  },\n  A: {\n    \"6\": 0.0077,\n    \"7\": 0.00385,\n    \"8\": 0.02311,\n    \"9\": 0.00385,\n    \"10\": 0.00385,\n    \"11\": 0.12327,\n    _: \"5.5\"\n  },\n  K: {\n    \"0\": 0.40442,\n    _: \"10 11 12 11.1 11.5 12.1\"\n  },\n  J: {\n    _: \"7 10\"\n  },\n  N: {\n    _: \"10 11\"\n  },\n  S: {\n    _: \"2.5 3.0-3.1\"\n  },\n  Q: {\n    \"14.9\": 0.01264\n  },\n  O: {\n    \"0\": 0.31595\n  },\n  H: {\n    \"0\": 0\n  },\n  L: {\n    \"0\": 36.96008\n  },\n  R: {\n    _: \"0\"\n  },\n  M: {\n    \"0\": 0.08215\n  }\n};","map":{"version":3,"names":["module","exports","C","_","D","F","B","E","G","P","I","A","K","J","N","S","Q","O","H","L","R","M"],"sources":["C:/Users/chest/OneDrive/Documentos/GitHub/HackUPC/frontend/node_modules/caniuse-lite/data/regions/KZ.js"],