{"ast":null,"code":"module.exports = {\n  C: {\n    \"7\": 0.00168,\n    \"34\": 0.00337,\n    \"106\": 0.00168,\n    \"109\": 0.00168,\n    \"115\": 0.02188,\n    \"116\": 0.0101,\n    \"118\": 0.01346,\n    \"123\": 0.03198,\n    \"124\": 0.26423,\n    \"125\": 0.15652,\n    \"126\": 0.00673,\n    _: \"2 3 4 5 6 8 9 10 11 12 13 14 15 16 17 18 19 20 21 22 23 24 25 26 27 28 29 30 31 32 33 35 36 37 38 39 40 41 42 43 44 45 46 47 48 49 50 51 52 53 54 55 56 57 58 59 60 61 62 63 64 65 66 67 68 69 70 71 72 73 74 75 76 77 78 79 80 81 82 83 84 85 86 87 88 89 90 91 92 93 94 95 96 97 98 99 100 101 102 103 104 105 107 108 110 111 112 113 114 117 119 120 121 122 127 128 3.5 3.6\"\n  },\n  D: {\n    \"11\": 0.00337,\n    \"33\": 0.00168,\n    \"38\": 0.00505,\n    \"43\": 0.00337,\n    \"56\": 0.00337,\n    \"58\": 0.04544,\n    \"59\": 0.00505,\n    \"64\": 0.12791,\n    \"65\": 0.00168,\n    \"68\": 0.04712,\n    \"69\": 0.00842,\n    \"70\": 0.00505,\n    \"71\": 0.00168,\n    \"72\": 0.00168,\n    \"73\": 0.00673,\n    \"74\": 0.00337,\n    \"75\": 0.00168,\n    \"77\": 0.01515,\n    \"78\": 0.00505,\n    \"79\": 0.05217,\n    \"80\": 0.00168,\n    \"81\": 0.00505,\n    \"83\": 0.0101,\n    \"85\": 0.00168,\n    \"86\": 0.00168,\n    \"87\": 0.04712,\n    \"88\": 0.02693,\n    \"91\": 0.00168,\n    \"93\": 0.00337,\n    \"95\": 0.00337,\n    \"98\": 0.0101,\n    \"99\": 0.03198,\n    \"102\": 0.01346,\n    \"103\": 0.03703,\n    \"104\": 0.00842,\n    \"105\": 0.00505,\n    \"106\": 0.00842,\n    \"107\": 0.00168,\n    \"108\": 0.01346,\n    \"109\": 0.2777,\n    \"110\": 0.0101,\n    \"111\": 0.03198,\n    \"112\": 0.0101,\n    \"113\": 0.00168,\n    \"114\": 0.01178,\n    \"115\": 0.00505,\n    \"116\": 0.01683,\n    \"117\": 0.02188,\n    \"118\": 0.00673,\n    \"119\": 0.23899,\n    \"120\": 0.06227,\n    \"121\": 0.05049,\n    \"122\": 0.24908,\n    \"123\": 6.95416,\n    \"124\": 3.38451,\n    \"125\": 0.02861,\n    _: \"4 5 6 7 8 9 10 12 13 14 15 16 17 18 19 20 21 22 23 24 25 26 27 28 29 30 31 32 34 35 36 37 39 40 41 42 44 45 46 47 48 49 50 51 52 53 54 55 57 60 61 62 63 66 67 76 84 89 90 92 94 96 97 100 101 126 127\"\n  },\n  F: {\n    \"18\": 0.00168,\n    \"79\": 0.01683,\n    \"83\": 0.00168,\n    \"95\": 0.00337,\n    \"105\": 0.00168,\n    \"106\": 0.00168,\n    \"107\": 0.02861,\n    \"108\": 0.19186,\n    \"109\": 0.10603,\n    _: \"9 11 12 15 16 17 19 20 21 22 23 24 25 26 27 28 29 30 31 32 33 34 35 36 37 38 39 40 41 42 43 44 45 46 47 48 49 50 51 52 53 54 55 56 57 58 60 62 63 64 65 66 67 68 69 70 71 72 73 74 75 76 77 78 80 81 82 84 85 86 87 88 89 90 91 92 93 94 96 97 98 99 100 101 102 103 104 9.5-9.6 10.0-10.1 10.5 10.6 11.1 11.5 11.6 12.1\"\n  },\n  B: {\n    \"12\": 0.00168,\n    \"14\": 0.00168,\n    \"15\": 0.00168,\n    \"16\": 0.00673,\n    \"17\": 0.00168,\n    \"18\": 0.01851,\n    \"84\": 0.00673,\n    \"89\": 0.00168,\n    \"90\": 0.00505,\n    \"92\": 0.02525,\n    \"100\": 0.00168,\n    \"107\": 0.00842,\n    \"108\": 0.00337,\n    \"109\": 0.0101,\n    \"111\": 0.00168,\n    \"112\": 0.00337,\n    \"114\": 0.00337,\n    \"115\": 0.00168,\n    \"117\": 0.00168,\n    \"118\": 0.00842,\n    \"119\": 0.02356,\n    \"120\": 0.0101,\n    \"121\": 0.0202,\n    \"122\": 0.08078,\n    \"123\": 1.21849,\n    \"124\": 0.50658,\n    _: \"13 79 80 81 83 85 86 87 88 91 93 94 95 96 97 98 99 101 102 103 104 105 106 110 113 116\"\n  },\n  E: {\n    \"13\": 0.00337,\n    \"14\": 0.00842,\n    \"15\": 0.00168,\n    _: \"0 4 5 6 7 8 9 10 11 12 3.1 3.2 6.1 7.1 9.1 10.1 11.1 12.1 16.0 17.5\",\n    \"5.1\": 0.00168,\n    \"13.1\": 0.00505,\n    \"14.1\": 0.04039,\n    \"15.1\": 0.00168,\n    \"15.2-15.3\": 0.00337,\n    \"15.4\": 0.00673,\n    \"15.5\": 0.00337,\n    \"15.6\": 0.05049,\n    \"16.1\": 0.00842,\n    \"16.2\": 0.00505,\n    \"16.3\": 0.00842,\n    \"16.4\": 0.00168,\n    \"16.5\": 0.00505,\n    \"16.6\": 0.0101,\n    \"17.0\": 0.00673,\n    \"17.1\": 0.00337,\n    \"17.2\": 0.01178,\n    \"17.3\": 0.0202,\n    \"17.4\": 0.08415\n  },\n  G: {\n    \"8\": 0,\n    \"3.2\": 0,\n    \"4.0-4.1\": 0,\n    \"4.2-4.3\": 0.00168,\n    \"5.0-5.1\": 0.00168,\n    \"6.0-6.1\": 0.00419,\n    \"7.0-7.1\": 0.00671,\n    \"8.1-8.4\": 0.00168,\n    \"9.0-9.2\": 0.00419,\n    \"9.3\": 0.02096,\n    \"10.0-10.2\": 0.00419,\n    \"10.3\": 0.03354,\n    \"11.0-11.2\": 0.02851,\n    \"11.3-11.4\": 0.00838,\n    \"12.0-12.1\": 0.00587,\n    \"12.2-12.5\": 0.13667,\n    \"13.0-13.1\": 0.00252,\n    \"13.2\": 0.02767,\n    \"13.3\": 0.00671,\n    \"13.4-13.7\": 0.02599,\n    \"14.0-14.4\": 0.05115,\n    \"14.5-14.8\": 0.07798,\n    \"15.0-15.1\": 0.03605,\n    \"15.2-15.3\": 0.04108,\n    \"15.4\": 0.04695,\n    \"15.5\": 0.05953,\n    \"15.6-15.8\": 0.51984,\n    \"16.0\": 0.12158,\n    \"16.1\": 0.25321,\n    \"16.2\": 0.12158,\n    \"16.3\": 0.21464,\n    \"16.4\": 0.04444,\n    \"16.5\": 0.09307,\n    \"16.6-16.7\": 0.73532,\n    \"17.0\": 0.08804,\n    \"17.1\": 0.16266,\n    \"17.2\": 0.21632,\n    \"17.3\": 1.57797,\n    \"17.4\": 3.56175,\n    \"17.5\": 0.0327\n  },\n  P: {\n    \"4\": 0.14288,\n    \"20\": 0.04082,\n    \"21\": 0.13268,\n    \"22\": 0.28576,\n    \"23\": 0.56132,\n    \"24\": 1.65334,\n    _: \"5.0-5.4 8.2 10.1 12.0\",\n    \"6.2-6.4\": 0.07144,\n    \"7.2-7.4\": 0.79605,\n    \"9.2\": 0.01021,\n    \"11.1-11.2\": 0.02041,\n    \"13.0\": 0.01021,\n    \"14.0\": 0.03062,\n    \"15.0\": 0.02041,\n    \"16.0\": 0.08165,\n    \"17.0\": 0.01021,\n    \"18.0\": 0.02041,\n    \"19.0\": 0.30617\n  },\n  I: {\n    \"0\": 0.14083,\n    \"3\": 0,\n    \"4\": 0.00001,\n    \"2.1\": 0,\n    \"2.2\": 0,\n    \"2.3\": 0,\n    \"4.1\": 0.00003,\n    \"4.2-4.3\": 0.00008,\n    \"4.4\": 0,\n    \"4.4.3-4.4.4\": 0.00035\n  },\n  A: {\n    \"8\": 0.00748,\n    \"11\": 0.00935,\n    _: \"6 7 9 10 5.5\"\n  },\n  K: {\n    \"0\": 2.32054,\n    _: \"10 11 12 11.1 11.5 12.1\"\n  },\n  J: {\n    _: \"7 10\"\n  },\n  N: {\n    _: \"10 11\"\n  },\n  S: {\n    _: \"2.5 3.0-3.1\"\n  },\n  Q: {\n    _: \"14.9\"\n  },\n  O: {\n    \"0\": 1.94641\n  },\n  H: {\n    \"0\": 0.1\n  },\n  L: {\n    \"0\": 67.18929\n  },\n  R: {\n    _: \"0\"\n  },\n  M: {\n    \"0\": 0.04991\n  }\n};","map":{"version":3,"names":["module","exports","C","_","D","F","B","E","G","P","I","A","K","J","N","S","Q","O","H","L","R","M"],"sources":["C:/Users/chest/OneDrive/Documentos/GitHub/HackUPC/frontend/node_modules/caniuse-lite/data/regions/SO.js"],