{"ast":null,"code":"module.exports = {\n  C: {\n    \"48\": 0.00325,\n    \"52\": 0.013,\n    \"78\": 0.0325,\n    \"81\": 0.00325,\n    \"87\": 0.0065,\n    \"91\": 0.00325,\n    \"105\": 0.00325,\n    \"112\": 0.00325,\n    \"115\": 0.2535,\n    \"116\": 0.00325,\n    \"119\": 0.00325,\n    \"120\": 0.00325,\n    \"121\": 0.00325,\n    \"122\": 0.00325,\n    \"123\": 0.02925,\n    \"124\": 1.04,\n    \"125\": 0.44525,\n    \"126\": 0.00325,\n    _: \"2 3 4 5 6 7 8 9 10 11 12 13 14 15 16 17 18 19 20 21 22 23 24 25 26 27 28 29 30 31 32 33 34 35 36 37 38 39 40 41 42 43 44 45 46 47 49 50 51 53 54 55 56 57 58 59 60 61 62 63 64 65 66 67 68 69 70 71 72 73 74 75 76 77 79 80 82 83 84 85 86 88 89 90 92 93 94 95 96 97 98 99 100 101 102 103 104 106 107 108 109 110 111 113 114 117 118 127 128 3.5 3.6\"\n  },\n  D: {\n    \"33\": 0.00325,\n    \"49\": 0.0065,\n    \"50\": 0.0065,\n    \"52\": 0.00975,\n    \"63\": 0.0065,\n    \"65\": 0.00325,\n    \"69\": 0.013,\n    \"70\": 0.00325,\n    \"73\": 0.0065,\n    \"74\": 0.013,\n    \"76\": 0.0065,\n    \"78\": 0.013,\n    \"79\": 0.01625,\n    \"80\": 0.00325,\n    \"81\": 0.0195,\n    \"84\": 0.00975,\n    \"86\": 0.00975,\n    \"87\": 0.00975,\n    \"88\": 0.15925,\n    \"89\": 0.0065,\n    \"91\": 0.052,\n    \"92\": 0.02275,\n    \"93\": 0.0195,\n    \"94\": 0.013,\n    \"95\": 0.00325,\n    \"97\": 0.00325,\n    \"98\": 0.00325,\n    \"99\": 0.013,\n    \"102\": 0.02275,\n    \"103\": 0.02275,\n    \"104\": 0.00975,\n    \"105\": 0.039,\n    \"106\": 0.0065,\n    \"107\": 0.00975,\n    \"108\": 0.065,\n    \"109\": 0.663,\n    \"111\": 0.04225,\n    \"112\": 0.0065,\n    \"113\": 0.00325,\n    \"114\": 0.013,\n    \"115\": 0.00975,\n    \"116\": 0.11375,\n    \"117\": 0.065,\n    \"118\": 0.02275,\n    \"119\": 0.07475,\n    \"120\": 0.169,\n    \"121\": 0.15275,\n    \"122\": 0.871,\n    \"123\": 10.41625,\n    \"124\": 3.90975,\n    \"125\": 0.01625,\n    _: \"4 5 6 7 8 9 10 11 12 13 14 15 16 17 18 19 20 21 22 23 24 25 26 27 28 29 30 31 32 34 35 36 37 38 39 40 41 42 43 44 45 46 47 48 51 53 54 55 56 57 58 59 60 61 62 64 66 67 68 71 72 75 77 83 85 90 96 100 101 110 126 127\"\n  },\n  F: {\n    \"106\": 0.00325,\n    \"107\": 0.1885,\n    \"108\": 0.36725,\n    \"109\": 0.04875,\n    _: \"9 11 12 15 16 17 18 19 20 21 22 23 24 25 26 27 28 29 30 31 32 33 34 35 36 37 38 39 40 41 42 43 44 45 46 47 48 49 50 51 52 53 54 55 56 57 58 60 62 63 64 65 66 67 68 69 70 71 72 73 74 75 76 77 78 79 80 81 82 83 84 85 86 87 88 89 90 91 92 93 94 95 96 97 98 99 100 101 102 103 104 105 9.5-9.6 10.0-10.1 10.5 10.6 11.1 11.5 11.6 12.1\"\n  },\n  B: {\n    \"12\": 0.00325,\n    \"13\": 0.00325,\n    \"15\": 0.0065,\n    \"16\": 0.0065,\n    \"17\": 0.00325,\n    \"18\": 0.026,\n    \"84\": 0.0065,\n    \"90\": 0.00325,\n    \"92\": 0.02925,\n    \"99\": 0.00325,\n    \"100\": 0.00325,\n    \"102\": 0.00325,\n    \"103\": 0.00325,\n    \"109\": 0.0065,\n    \"111\": 0.0065,\n    \"112\": 0.0065,\n    \"114\": 0.0065,\n    \"115\": 0.00975,\n    \"116\": 0.00325,\n    \"117\": 0.00975,\n    \"118\": 0.06175,\n    \"119\": 0.00975,\n    \"120\": 0.04225,\n    \"121\": 0.052,\n    \"122\": 0.2795,\n    \"123\": 4.03,\n    \"124\": 2.0865,\n    _: \"14 79 80 81 83 85 86 87 88 89 91 93 94 95 96 97 98 101 104 105 106 107 108 110 113\"\n  },\n  E: {\n    \"12\": 0.0065,\n    \"14\": 0.0195,\n    \"15\": 0.00975,\n    _: \"0 4 5 6 7 8 9 10 11 13 3.1 3.2 5.1 6.1 7.1 9.1 10.1 11.1 15.4\",\n    \"12.1\": 0.00325,\n    \"13.1\": 0.00975,\n    \"14.1\": 0.078,\n    \"15.1\": 0.00325,\n    \"15.2-15.3\": 0.00325,\n    \"15.5\": 0.04225,\n    \"15.6\": 0.36075,\n    \"16.0\": 0.00975,\n    \"16.1\": 0.02925,\n    \"16.2\": 0.013,\n    \"16.3\": 0.01625,\n    \"16.4\": 0.00975,\n    \"16.5\": 0.039,\n    \"16.6\": 0.273,\n    \"17.0\": 0.00975,\n    \"17.1\": 0.0585,\n    \"17.2\": 0.18525,\n    \"17.3\": 0.43225,\n    \"17.4\": 1.06925,\n    \"17.5\": 0.0065\n  },\n  G: {\n    \"8\": 0,\n    \"3.2\": 0,\n    \"4.0-4.1\": 0,\n    \"4.2-4.3\": 0.00179,\n    \"5.0-5.1\": 0.00179,\n    \"6.0-6.1\": 0.00447,\n    \"7.0-7.1\": 0.00714,\n    \"8.1-8.4\": 0.00179,\n    \"9.0-9.2\": 0.00447,\n    \"9.3\": 0.02233,\n    \"10.0-10.2\": 0.00447,\n    \"10.3\": 0.03572,\n    \"11.0-11.2\": 0.03036,\n    \"11.3-11.4\": 0.00893,\n    \"12.0-12.1\": 0.00625,\n    \"12.2-12.5\": 0.14556,\n    \"13.0-13.1\": 0.00268,\n    \"13.2\": 0.02947,\n    \"13.3\": 0.00714,\n    \"13.4-13.7\": 0.02768,\n    \"14.0-14.4\": 0.05447,\n    \"14.5-14.8\": 0.08305,\n    \"15.0-15.1\": 0.0384,\n    \"15.2-15.3\": 0.04376,\n    \"15.4\": 0.05001,\n    \"15.5\": 0.0634,\n    \"15.6-15.8\": 0.55368,\n    \"16.0\": 0.12949,\n    \"16.1\": 0.26969,\n    \"16.2\": 0.12949,\n    \"16.3\": 0.22861,\n    \"16.4\": 0.04733,\n    \"16.5\": 0.09913,\n    \"16.6-16.7\": 0.78318,\n    \"17.0\": 0.09377,\n    \"17.1\": 0.17325,\n    \"17.2\": 0.2304,\n    \"17.3\": 1.68067,\n    \"17.4\": 3.79357,\n    \"17.5\": 0.03483\n  },\n  P: {\n    \"4\": 0.19772,\n    \"20\": 0.07284,\n    \"21\": 0.22894,\n    \"22\": 0.27056,\n    \"23\": 1.57134,\n    \"24\": 4.42266,\n    _: \"5.0-5.4 8.2 10.1\",\n    \"6.2-6.4\": 0.01041,\n    \"7.2-7.4\": 0.36422,\n    \"9.2\": 0.01041,\n    \"11.1-11.2\": 0.02081,\n    \"12.0\": 0.01041,\n    \"13.0\": 0.02081,\n    \"14.0\": 0.01041,\n    \"15.0\": 0.02081,\n    \"16.0\": 0.03122,\n    \"17.0\": 0.01041,\n    \"18.0\": 0.02081,\n    \"19.0\": 0.18731\n  },\n  I: {\n    \"0\": 0.04033,\n    \"3\": 0,\n    \"4\": 0,\n    \"2.1\": 0,\n    \"2.2\": 0,\n    \"2.3\": 0,\n    \"4.1\": 0.00001,\n    \"4.2-4.3\": 0.00002,\n    \"4.4\": 0,\n    \"4.4.3-4.4.4\": 0.0001\n  },\n  A: {\n    \"11\": 0.0195,\n    _: \"6 7 8 9 10 5.5\"\n  },\n  K: {\n    \"0\": 0.82025,\n    _: \"10 11 12 11.1 11.5 12.1\"\n  },\n  J: {\n    _: \"7 10\"\n  },\n  N: {\n    _: \"10 11\"\n  },\n  S: {\n    _: \"2.5 3.0-3.1\"\n  },\n  Q: {\n    \"14.9\": 0.00675\n  },\n  O: {\n    \"0\": 0.513\n  },\n  H: {\n    \"0\": 0.01\n  },\n  L: {\n    \"0\": 52.3385\n  },\n  R: {\n    _: \"0\"\n  },\n  M: {\n    \"0\": 0.216\n  }\n};","map":{"version":3,"names":["module","exports","C","_","D","F","B","E","G","P","I","A","K","J","N","S","Q","O","H","L","R","M"],"sources":["C:/Users/chest/OneDrive/Documentos/GitHub/HackUPC/frontend/node_modules/caniuse-lite/data/regions/FJ.js"],