{"ast":null,"code":"module.exports = {\n  C: {\n    \"38\": 0.00428,\n    \"39\": 0.00428,\n    \"40\": 0.00428,\n    \"52\": 0.10693,\n    \"60\": 0.00428,\n    \"78\": 0.01711,\n    \"86\": 0.00855,\n    \"88\": 0.25234,\n    \"91\": 0.01283,\n    \"92\": 0.00855,\n    \"95\": 0.00428,\n    \"102\": 0.00428,\n    \"103\": 0.01283,\n    \"104\": 0.01283,\n    \"105\": 0.00428,\n    \"106\": 0.00428,\n    \"107\": 0.00428,\n    \"109\": 0.00428,\n    \"110\": 0.00428,\n    \"111\": 0.00428,\n    \"113\": 0.01711,\n    \"115\": 0.68004,\n    \"116\": 0.00428,\n    \"118\": 0.02139,\n    \"119\": 0.00855,\n    \"120\": 0.00428,\n    \"121\": 0.00855,\n    \"122\": 0.01283,\n    \"123\": 0.03422,\n    \"124\": 1.06925,\n    \"125\": 0.61161,\n    \"126\": 0.00428,\n    _: \"2 3 4 5 6 7 8 9 10 11 12 13 14 15 16 17 18 19 20 21 22 23 24 25 26 27 28 29 30 31 32 33 34 35 36 37 41 42 43 44 45 46 47 48 49 50 51 53 54 55 56 57 58 59 61 62 63 64 65 66 67 68 69 70 71 72 73 74 75 76 77 79 80 81 82 83 84 85 87 89 90 93 94 96 97 98 99 100 101 108 112 114 117 127 128 3.5\",\n    \"3.6\": 0.00855\n  },\n  D: {\n    \"33\": 0.00428,\n    \"34\": 0.00855,\n    \"38\": 0.00428,\n    \"39\": 0.00428,\n    \"40\": 0.00428,\n    \"41\": 0.01283,\n    \"42\": 0.00428,\n    \"43\": 0.00855,\n    \"44\": 0.00855,\n    \"45\": 0.00855,\n    \"46\": 0.00428,\n    \"47\": 0.00428,\n    \"49\": 0.01711,\n    \"51\": 0.01711,\n    \"70\": 0.00855,\n    \"71\": 0.00428,\n    \"75\": 0.00428,\n    \"79\": 0.02566,\n    \"80\": 0.01711,\n    \"81\": 0.00428,\n    \"83\": 0.00428,\n    \"84\": 0.00855,\n    \"85\": 0.00428,\n    \"86\": 0.00855,\n    \"87\": 0.01711,\n    \"88\": 0.00855,\n    \"89\": 0.00428,\n    \"90\": 0.00855,\n    \"91\": 0.00428,\n    \"92\": 0.00428,\n    \"94\": 0.01711,\n    \"96\": 0.01711,\n    \"97\": 0.01283,\n    \"98\": 0.00428,\n    \"99\": 0.23096,\n    \"100\": 0.02139,\n    \"101\": 0.01711,\n    \"102\": 0.10693,\n    \"103\": 0.04277,\n    \"104\": 0.02566,\n    \"105\": 0.03422,\n    \"106\": 0.1112,\n    \"107\": 0.03849,\n    \"108\": 0.70143,\n    \"109\": 4.1658,\n    \"110\": 0.03849,\n    \"111\": 0.01283,\n    \"112\": 0.07271,\n    \"113\": 0.29084,\n    \"114\": 0.29511,\n    \"115\": 0.03422,\n    \"116\": 0.21813,\n    \"117\": 0.02139,\n    \"118\": 0.11976,\n    \"119\": 0.06416,\n    \"120\": 0.15397,\n    \"121\": 0.26517,\n    \"122\": 0.74848,\n    \"123\": 15.12775,\n    \"124\": 6.88597,\n    \"125\": 0.01711,\n    \"126\": 0.00855,\n    _: \"4 5 6 7 8 9 10 11 12 13 14 15 16 17 18 19 20 21 22 23 24 25 26 27 28 29 30 31 32 35 36 37 48 50 52 53 54 55 56 57 58 59 60 61 62 63 64 65 66 67 68 69 72 73 74 76 77 78 93 95 127\"\n  },\n  F: {\n    \"31\": 0.00428,\n    \"36\": 0.00428,\n    \"77\": 0.00428,\n    \"79\": 0.03422,\n    \"82\": 0.00855,\n    \"85\": 0.04705,\n    \"86\": 0.01711,\n    \"94\": 0.00855,\n    \"95\": 0.44053,\n    \"101\": 0.00855,\n    \"102\": 0.00855,\n    \"103\": 0.00855,\n    \"105\": 0.00428,\n    \"106\": 0.00428,\n    \"107\": 1.04787,\n    \"108\": 1.1163,\n    \"109\": 0.27801,\n    _: \"9 11 12 15 16 17 18 19 20 21 22 23 24 25 26 27 28 29 30 32 33 34 35 37 38 39 40 41 42 43 44 45 46 47 48 49 50 51 52 53 54 55 56 57 58 60 62 63 64 65 66 67 68 69 70 71 72 73 74 75 76 78 80 81 83 84 87 88 89 90 91 92 93 96 97 98 99 100 104 9.5-9.6 10.0-10.1 10.5 10.6 11.1 11.5 11.6\",\n    \"12.1\": 0.00428\n  },\n  B: {\n    \"14\": 0.00428,\n    \"16\": 0.00428,\n    \"18\": 0.00855,\n    \"92\": 0.00428,\n    \"105\": 0.00428,\n    \"108\": 0.00428,\n    \"109\": 0.01711,\n    \"110\": 0.00428,\n    \"112\": 0.02994,\n    \"113\": 0.00428,\n    \"115\": 0.00428,\n    \"117\": 0.00428,\n    \"118\": 0.02139,\n    \"119\": 0.00855,\n    \"120\": 0.07699,\n    \"121\": 0.01283,\n    \"122\": 0.1112,\n    \"123\": 1.20184,\n    \"124\": 0.56884,\n    _: \"12 13 15 17 79 80 81 83 84 85 86 87 88 89 90 91 93 94 95 96 97 98 99 100 101 102 103 104 106 107 111 114 116\"\n  },\n  E: {\n    \"9\": 0.01711,\n    \"14\": 0.01283,\n    _: \"0 4 5 6 7 8 10 11 12 13 15 3.1 3.2 6.1 7.1 10.1 11.1\",\n    \"5.1\": 0.03422,\n    \"9.1\": 0.00428,\n    \"12.1\": 0.00428,\n    \"13.1\": 0.01283,\n    \"14.1\": 0.02139,\n    \"15.1\": 0.00428,\n    \"15.2-15.3\": 0.00428,\n    \"15.4\": 0.01283,\n    \"15.5\": 0.01283,\n    \"15.6\": 0.07271,\n    \"16.0\": 0.01283,\n    \"16.1\": 0.01711,\n    \"16.2\": 0.02566,\n    \"16.3\": 0.03849,\n    \"16.4\": 0.05988,\n    \"16.5\": 0.07699,\n    \"16.6\": 0.09837,\n    \"17.0\": 0.04277,\n    \"17.1\": 0.03849,\n    \"17.2\": 0.05988,\n    \"17.3\": 0.08554,\n    \"17.4\": 0.38065,\n    \"17.5\": 0.00428\n  },\n  G: {\n    \"8\": 0,\n    \"3.2\": 0,\n    \"4.0-4.1\": 0,\n    \"4.2-4.3\": 0.00264,\n    \"5.0-5.1\": 0.00264,\n    \"6.0-6.1\": 0.0066,\n    \"7.0-7.1\": 0.01055,\n    \"8.1-8.4\": 0.00264,\n    \"9.0-9.2\": 0.0066,\n    \"9.3\": 0.03298,\n    \"10.0-10.2\": 0.0066,\n    \"10.3\": 0.05277,\n    \"11.0-11.2\": 0.04485,\n    \"11.3-11.4\": 0.01319,\n    \"12.0-12.1\": 0.00923,\n    \"12.2-12.5\": 0.21502,\n    \"13.0-13.1\": 0.00396,\n    \"13.2\": 0.04353,\n    \"13.3\": 0.01055,\n    \"13.4-13.7\": 0.04089,\n    \"14.0-14.4\": 0.08047,\n    \"14.5-14.8\": 0.12268,\n    \"15.0-15.1\": 0.05672,\n    \"15.2-15.3\": 0.06464,\n    \"15.4\": 0.07387,\n    \"15.5\": 0.09366,\n    \"15.6-15.8\": 0.81787,\n    \"16.0\": 0.19128,\n    \"16.1\": 0.39838,\n    \"16.2\": 0.19128,\n    \"16.3\": 0.3377,\n    \"16.4\": 0.06992,\n    \"16.5\": 0.14643,\n    \"16.6-16.7\": 1.1569,\n    \"17.0\": 0.13851,\n    \"17.1\": 0.25592,\n    \"17.2\": 0.34034,\n    \"17.3\": 2.48264,\n    \"17.4\": 5.60376,\n    \"17.5\": 0.05145\n  },\n  P: {\n    \"4\": 0.09306,\n    \"20\": 0.03102,\n    \"21\": 0.0517,\n    \"22\": 0.06204,\n    \"23\": 0.19646,\n    \"24\": 1.76812,\n    _: \"5.0-5.4 8.2 10.1 12.0 13.0 15.0 16.0\",\n    \"6.2-6.4\": 0.02068,\n    \"7.2-7.4\": 0.03102,\n    \"9.2\": 0.01034,\n    \"11.1-11.2\": 0.02068,\n    \"14.0\": 0.01034,\n    \"17.0\": 0.01034,\n    \"18.0\": 0.01034,\n    \"19.0\": 0.02068\n  },\n  I: {\n    \"0\": 0.11399,\n    \"3\": 0,\n    \"4\": 0.00001,\n    \"2.1\": 0,\n    \"2.2\": 0,\n    \"2.3\": 0,\n    \"4.1\": 0.00002,\n    \"4.2-4.3\": 0.00007,\n    \"4.4\": 0,\n    \"4.4.3-4.4.4\": 0.00029\n  },\n  A: {\n    \"6\": 0.00436,\n    \"7\": 0.00436,\n    \"8\": 0.06975,\n    \"9\": 0.01308,\n    \"10\": 0.00872,\n    \"11\": 0.12206,\n    _: \"5.5\"\n  },\n  K: {\n    \"0\": 0.43495,\n    _: \"10 11 12 11.1 11.5 12.1\"\n  },\n  J: {\n    _: \"7 10\"\n  },\n  N: {\n    _: \"10 11\"\n  },\n  S: {\n    \"2.5\": 0.00572,\n    _: \"3.0-3.1\"\n  },\n  Q: {\n    _: \"14.9\"\n  },\n  O: {\n    \"0\": 0.0744\n  },\n  H: {\n    \"0\": 0\n  },\n  L: {\n    \"0\": 41.61705\n  },\n  R: {\n    _: \"0\"\n  },\n  M: {\n    \"0\": 0.14308\n  }\n};","map":{"version":3,"names":["module","exports","C","_","D","F","B","E","G","P","I","A","K","J","N","S","Q","O","H","L","R","M"],"sources":["C:/Users/chest/OneDrive/Documentos/GitHub/HackUPC/frontend/node_modules/caniuse-lite/data/regions/MD.js"],