{"ast":null,"code":"module.exports = {\n  C: {\n    \"4\": 0.0486,\n    \"72\": 0.00286,\n    \"103\": 0.00572,\n    \"108\": 0.00286,\n    \"113\": 0.0143,\n    \"115\": 0.43743,\n    \"116\": 0.00286,\n    \"118\": 0.00286,\n    \"121\": 0.01715,\n    \"122\": 0.05718,\n    \"123\": 0.0143,\n    \"124\": 1.82404,\n    \"125\": 0.46602,\n    _: \"2 3 5 6 7 8 9 10 11 12 13 14 15 16 17 18 19 20 21 22 23 24 25 26 27 28 29 30 31 32 33 34 35 36 37 38 39 40 41 42 43 44 45 46 47 48 49 50 51 52 53 54 55 56 57 58 59 60 61 62 63 64 65 66 67 68 69 70 71 73 74 75 76 77 78 79 80 81 82 83 84 85 86 87 88 89 90 91 92 93 94 95 96 97 98 99 100 101 102 104 105 106 107 109 110 111 112 114 117 119 120 126 127 128 3.5 3.6\"\n  },\n  D: {\n    \"47\": 0.00286,\n    \"49\": 0.00572,\n    \"58\": 0.01144,\n    \"65\": 0.02287,\n    \"68\": 0.00286,\n    \"69\": 0.02573,\n    \"70\": 0.00286,\n    \"73\": 0.00858,\n    \"76\": 0.02573,\n    \"78\": 0.00286,\n    \"79\": 0.00572,\n    \"80\": 0.00286,\n    \"81\": 0.01144,\n    \"83\": 0.01144,\n    \"84\": 0.00286,\n    \"86\": 0.00286,\n    \"87\": 0.01144,\n    \"88\": 0.00286,\n    \"89\": 0.00286,\n    \"90\": 0.00572,\n    \"92\": 0.00858,\n    \"93\": 0.02573,\n    \"94\": 0.04003,\n    \"99\": 0.00572,\n    \"100\": 0.00858,\n    \"102\": 0.00858,\n    \"103\": 0.14867,\n    \"104\": 0.00286,\n    \"108\": 0.00286,\n    \"109\": 0.76335,\n    \"111\": 0.06004,\n    \"112\": 0.00858,\n    \"113\": 0.00572,\n    \"114\": 0.00858,\n    \"115\": 0.02001,\n    \"116\": 0.12008,\n    \"117\": 0.00858,\n    \"118\": 0.00858,\n    \"119\": 0.06576,\n    \"120\": 0.07148,\n    \"121\": 0.10292,\n    \"122\": 0.65471,\n    \"123\": 10.77271,\n    \"124\": 4.76881,\n    \"125\": 0.02001,\n    _: \"4 5 6 7 8 9 10 11 12 13 14 15 16 17 18 19 20 21 22 23 24 25 26 27 28 29 30 31 32 33 34 35 36 37 38 39 40 41 42 43 44 45 46 48 50 51 52 53 54 55 56 57 59 60 61 62 63 64 66 67 71 72 74 75 77 85 91 95 96 97 98 101 105 106 107 110 126 127\"\n  },\n  F: {\n    \"95\": 0.00286,\n    \"107\": 0.77193,\n    \"108\": 0.35452,\n    \"109\": 0.18869,\n    _: \"9 11 12 15 16 17 18 19 20 21 22 23 24 25 26 27 28 29 30 31 32 33 34 35 36 37 38 39 40 41 42 43 44 45 46 47 48 49 50 51 52 53 54 55 56 57 58 60 62 63 64 65 66 67 68 69 70 71 72 73 74 75 76 77 78 79 80 81 82 83 84 85 86 87 88 89 90 91 92 93 94 96 97 98 99 100 101 102 103 104 105 106 9.5-9.6 10.0-10.1 10.5 10.6 11.1 11.5 11.6\",\n    \"12.1\": 0.00286\n  },\n  B: {\n    \"15\": 0.00858,\n    \"16\": 0.00286,\n    \"18\": 0.00858,\n    \"92\": 0.01144,\n    \"99\": 0.00572,\n    \"100\": 0.00286,\n    \"109\": 0.03145,\n    \"110\": 0.00858,\n    \"114\": 0.01144,\n    \"118\": 0.00286,\n    \"119\": 0.00286,\n    \"120\": 0.02573,\n    \"121\": 0.03145,\n    \"122\": 0.15439,\n    \"123\": 2.40156,\n    \"124\": 0.90916,\n    _: \"12 13 14 17 79 80 81 83 84 85 86 87 88 89 90 91 93 94 95 96 97 98 101 102 103 104 105 106 107 108 111 112 113 115 116 117\"\n  },\n  E: {\n    \"14\": 0.01715,\n    _: \"0 4 5 6 7 8 9 10 11 12 13 15 3.1 3.2 5.1 6.1 7.1 9.1 10.1 11.1 12.1 17.5\",\n    \"13.1\": 0.00286,\n    \"14.1\": 0.0486,\n    \"15.1\": 0.00572,\n    \"15.2-15.3\": 0.00858,\n    \"15.4\": 0.00572,\n    \"15.5\": 0.00286,\n    \"15.6\": 0.21157,\n    \"16.0\": 0.02859,\n    \"16.1\": 0.00286,\n    \"16.2\": 0.08863,\n    \"16.3\": 0.02573,\n    \"16.4\": 0.01144,\n    \"16.5\": 0.02001,\n    \"16.6\": 0.09435,\n    \"17.0\": 0.01144,\n    \"17.1\": 0.01144,\n    \"17.2\": 0.00572,\n    \"17.3\": 0.06004,\n    \"17.4\": 0.36881\n  },\n  G: {\n    \"8\": 0,\n    \"3.2\": 0,\n    \"4.0-4.1\": 0,\n    \"4.2-4.3\": 0.00293,\n    \"5.0-5.1\": 0.00293,\n    \"6.0-6.1\": 0.00732,\n    \"7.0-7.1\": 0.01172,\n    \"8.1-8.4\": 0.00293,\n    \"9.0-9.2\": 0.00732,\n    \"9.3\": 0.03661,\n    \"10.0-10.2\": 0.00732,\n    \"10.3\": 0.05858,\n    \"11.0-11.2\": 0.04979,\n    \"11.3-11.4\": 0.01464,\n    \"12.0-12.1\": 0.01025,\n    \"12.2-12.5\": 0.2387,\n    \"13.0-13.1\": 0.00439,\n    \"13.2\": 0.04833,\n    \"13.3\": 0.01172,\n    \"13.4-13.7\": 0.0454,\n    \"14.0-14.4\": 0.08933,\n    \"14.5-14.8\": 0.13619,\n    \"15.0-15.1\": 0.06297,\n    \"15.2-15.3\": 0.07176,\n    \"15.4\": 0.08201,\n    \"15.5\": 0.10397,\n    \"15.6-15.8\": 0.90794,\n    \"16.0\": 0.21234,\n    \"16.1\": 0.44225,\n    \"16.2\": 0.21234,\n    \"16.3\": 0.37489,\n    \"16.4\": 0.07761,\n    \"16.5\": 0.16255,\n    \"16.6-16.7\": 1.28429,\n    \"17.0\": 0.15376,\n    \"17.1\": 0.2841,\n    \"17.2\": 0.37782,\n    \"17.3\": 2.75603,\n    \"17.4\": 6.22083,\n    \"17.5\": 0.05711\n  },\n  P: {\n    \"4\": 0.50277,\n    \"20\": 0.11522,\n    \"21\": 0.17806,\n    \"22\": 0.07332,\n    \"23\": 0.4085,\n    \"24\": 6.30552,\n    _: \"5.0-5.4 6.2-6.4 8.2 9.2 10.1\",\n    \"7.2-7.4\": 0.42945,\n    \"11.1-11.2\": 0.01047,\n    \"12.0\": 0.01047,\n    \"13.0\": 0.03142,\n    \"14.0\": 0.01047,\n    \"15.0\": 0.01047,\n    \"16.0\": 0.08379,\n    \"17.0\": 0.0419,\n    \"18.0\": 0.0419,\n    \"19.0\": 0.08379\n  },\n  I: {\n    \"0\": 0.01422,\n    \"3\": 0,\n    \"4\": 0,\n    \"2.1\": 0,\n    \"2.2\": 0,\n    \"2.3\": 0,\n    \"4.1\": 0,\n    \"4.2-4.3\": 0.00001,\n    \"4.4\": 0,\n    \"4.4.3-4.4.4\": 0.00004\n  },\n  A: {\n    \"11\": 0.05432,\n    _: \"6 7 8 9 10 5.5\"\n  },\n  K: {\n    \"0\": 0.38556,\n    _: \"10 11 12 11.1 11.5 12.1\"\n  },\n  J: {\n    _: \"7 10\"\n  },\n  N: {\n    _: \"10 11\"\n  },\n  S: {\n    _: \"2.5 3.0-3.1\"\n  },\n  Q: {\n    \"14.9\": 0.06426\n  },\n  O: {\n    \"0\": 0.97104\n  },\n  H: {\n    \"0\": 0\n  },\n  L: {\n    \"0\": 48.00396\n  },\n  R: {\n    _: \"0\"\n  },\n  M: {\n    \"0\": 0.0714\n  }\n};","map":{"version":3,"names":["module","exports","C","_","D","F","B","E","G","P","I","A","K","J","N","S","Q","O","H","L","R","M"],"sources":["C:/Users/chest/OneDrive/Documentos/GitHub/HackUPC/frontend/node_modules/caniuse-lite/data/regions/SR.js"],