{"ast":null,"code":"module.exports = {\n  C: {\n    \"2\": 0.00407,\n    \"3\": 0.05692,\n    \"4\": 0.03253,\n    \"5\": 0.02033,\n    \"6\": 0.00813,\n    \"7\": 0.00813,\n    \"9\": 0.0122,\n    \"10\": 0.0122,\n    \"11\": 0.0122,\n    \"12\": 0.02033,\n    \"13\": 0.02033,\n    \"15\": 0.01626,\n    \"16\": 0.01626,\n    \"17\": 0.00813,\n    \"18\": 0.00407,\n    \"19\": 0.0122,\n    \"20\": 0.01626,\n    \"21\": 0.0122,\n    \"22\": 0.00813,\n    \"23\": 0.02033,\n    \"24\": 0.00813,\n    \"25\": 0.00407,\n    \"26\": 0.0122,\n    \"28\": 0.02033,\n    \"29\": 0.00813,\n    \"30\": 0.01626,\n    \"31\": 0.0122,\n    \"32\": 0.0244,\n    \"33\": 0.04473,\n    \"34\": 0.03253,\n    \"35\": 0.04473,\n    \"36\": 0.0122,\n    \"37\": 0.00813,\n    \"38\": 0.01626,\n    \"39\": 0.0244,\n    \"40\": 0.07319,\n    \"41\": 0.02846,\n    \"42\": 0.0122,\n    \"43\": 0.0122,\n    \"44\": 0.00407,\n    \"48\": 0.00407,\n    \"78\": 0.00407,\n    \"91\": 0.00407,\n    \"96\": 0.0122,\n    \"108\": 0.26429,\n    \"115\": 0.05692,\n    \"118\": 0.00407,\n    \"120\": 0.0122,\n    \"121\": 0.06506,\n    \"122\": 0.0122,\n    \"123\": 0.10165,\n    \"124\": 1.60607,\n    \"125\": 0.69529,\n    _: \"8 14 27 45 46 47 49 50 51 52 53 54 55 56 57 58 59 60 61 62 63 64 65 66 67 68 69 70 71 72 73 74 75 76 77 79 80 81 82 83 84 85 86 87 88 89 90 92 93 94 95 97 98 99 100 101 102 103 104 105 106 107 109 110 111 112 113 114 116 117 119 126 127 128\",\n    \"3.5\": 0.02846,\n    \"3.6\": 0.09758\n  },\n  D: {\n    \"4\": 0.0122,\n    \"5\": 0.0122,\n    \"6\": 0.00813,\n    \"7\": 0.00407,\n    \"9\": 0.00407,\n    \"10\": 0.00813,\n    \"11\": 0.02846,\n    \"12\": 0.01626,\n    \"13\": 0.00407,\n    \"14\": 0.00813,\n    \"16\": 0.00813,\n    \"17\": 0.01626,\n    \"18\": 0.00813,\n    \"19\": 0.0122,\n    \"20\": 0.01626,\n    \"21\": 0.02846,\n    \"22\": 0.00813,\n    \"23\": 0.00813,\n    \"25\": 0.00813,\n    \"27\": 0.0122,\n    \"28\": 0.01626,\n    \"29\": 0.00813,\n    \"30\": 0.01626,\n    \"31\": 0.05286,\n    \"32\": 0.00813,\n    \"33\": 0.02846,\n    \"34\": 0.01626,\n    \"35\": 0.00813,\n    \"36\": 0.04066,\n    \"37\": 0.04879,\n    \"38\": 0.04473,\n    \"39\": 0.04879,\n    \"40\": 0.07319,\n    \"41\": 0.07725,\n    \"42\": 0.06099,\n    \"43\": 0.13824,\n    \"44\": 0.19517,\n    \"45\": 0.17077,\n    \"46\": 0.15857,\n    \"47\": 0.08539,\n    \"51\": 0.21956,\n    \"68\": 0.00407,\n    \"70\": 0.08945,\n    \"80\": 0.0122,\n    \"87\": 0.04066,\n    \"88\": 0.02846,\n    \"94\": 0.00813,\n    \"102\": 0.00813,\n    \"103\": 0.08132,\n    \"105\": 0.00813,\n    \"106\": 0.00407,\n    \"107\": 0.02846,\n    \"109\": 0.91892,\n    \"111\": 0.00407,\n    \"113\": 0.0122,\n    \"114\": 0.0122,\n    \"116\": 0.42286,\n    \"117\": 0.04473,\n    \"118\": 0.01626,\n    \"119\": 0.35374,\n    \"120\": 0.15857,\n    \"121\": 0.39034,\n    \"122\": 0.77661,\n    \"123\": 7.24155,\n    \"124\": 4.45227,\n    _: \"8 15 24 26 48 49 50 52 53 54 55 56 57 58 59 60 61 62 63 64 65 66 67 69 71 72 73 74 75 76 77 78 79 81 83 84 85 86 89 90 91 92 93 95 96 97 98 99 100 101 104 108 110 112 115 125 126 127\"\n  },\n  F: {\n    \"11\": 0.00813,\n    \"12\": 0.02033,\n    \"15\": 0.00407,\n    \"19\": 0.00407,\n    \"20\": 0.00407,\n    \"26\": 0.00813,\n    \"28\": 0.00407,\n    \"29\": 0.00407,\n    \"30\": 0.01626,\n    \"31\": 0.05692,\n    \"32\": 0.00813,\n    \"33\": 0.00407,\n    \"36\": 0.0244,\n    \"83\": 0.00407,\n    \"107\": 5.5135,\n    \"108\": 0.37001,\n    \"109\": 0.04879,\n    _: \"9 16 17 18 21 22 23 24 25 27 34 35 37 38 39 40 41 42 43 44 45 46 47 48 49 50 51 52 53 54 55 56 57 58 60 62 63 64 65 66 67 68 69 70 71 72 73 74 75 76 77 78 79 80 81 82 84 85 86 87 88 89 90 91 92 93 94 95 96 97 98 99 100 101 102 103 104 105 106 10.0-10.1 10.5 11.1\",\n    \"9.5-9.6\": 0.00407,\n    \"10.6\": 0.00407,\n    \"11.5\": 0.00813,\n    \"11.6\": 0.00813,\n    \"12.1\": 0.05286\n  },\n  B: {\n    \"12\": 0.03253,\n    \"92\": 0.00813,\n    \"100\": 0.02846,\n    \"107\": 0.00407,\n    \"109\": 0.60177,\n    \"110\": 0.02846,\n    \"114\": 0.00813,\n    \"120\": 0.00813,\n    \"121\": 0.02846,\n    \"122\": 0.1789,\n    \"123\": 2.72422,\n    \"124\": 1.20354,\n    _: \"13 14 15 16 17 18 79 80 81 83 84 85 86 87 88 89 90 91 93 94 95 96 97 98 99 101 102 103 104 105 106 108 111 112 113 115 116 117 118 119\"\n  },\n  E: {\n    \"4\": 0.00813,\n    \"5\": 0.04066,\n    \"6\": 0.00813,\n    \"7\": 0.00407,\n    \"8\": 0.03659,\n    \"9\": 0.44319,\n    \"13\": 0.00407,\n    \"14\": 0.0122,\n    \"15\": 0.0122,\n    _: \"0 10 11 12 9.1 10.1 11.1 12.1 16.1\",\n    \"3.1\": 0.0122,\n    \"3.2\": 0.00407,\n    \"5.1\": 0.03253,\n    \"6.1\": 0.01626,\n    \"7.1\": 0.03253,\n    \"13.1\": 0.11385,\n    \"14.1\": 0.11385,\n    \"15.1\": 0.26836,\n    \"15.2-15.3\": 0.05286,\n    \"15.4\": 0.02033,\n    \"15.5\": 0.08132,\n    \"15.6\": 0.32121,\n    \"16.0\": 0.08539,\n    \"16.2\": 0.15044,\n    \"16.3\": 0.12198,\n    \"16.4\": 0.03659,\n    \"16.5\": 0.71562,\n    \"16.6\": 0.45133,\n    \"17.0\": 0.0122,\n    \"17.1\": 0.03253,\n    \"17.2\": 0.18297,\n    \"17.3\": 0.68309,\n    \"17.4\": 1.31332,\n    \"17.5\": 0.04879\n  },\n  G: {\n    \"8\": 0,\n    \"3.2\": 0,\n    \"4.0-4.1\": 0,\n    \"4.2-4.3\": 0.00462,\n    \"5.0-5.1\": 0.00462,\n    \"6.0-6.1\": 0.01154,\n    \"7.0-7.1\": 0.01847,\n    \"8.1-8.4\": 0.00462,\n    \"9.0-9.2\": 0.01154,\n    \"9.3\": 0.05772,\n    \"10.0-10.2\": 0.01154,\n    \"10.3\": 0.09236,\n    \"11.0-11.2\": 0.0785,\n    \"11.3-11.4\": 0.02309,\n    \"12.0-12.1\": 0.01616,\n    \"12.2-12.5\": 0.37635,\n    \"13.0-13.1\": 0.00693,\n    \"13.2\": 0.07619,\n    \"13.3\": 0.01847,\n    \"13.4-13.7\": 0.07158,\n    \"14.0-14.4\": 0.14084,\n    \"14.5-14.8\": 0.21473,\n    \"15.0-15.1\": 0.09928,\n    \"15.2-15.3\": 0.11314,\n    \"15.4\": 0.1293,\n    \"15.5\": 0.16393,\n    \"15.6-15.8\": 1.43153,\n    \"16.0\": 0.33479,\n    \"16.1\": 0.69729,\n    \"16.2\": 0.33479,\n    \"16.3\": 0.59108,\n    \"16.4\": 0.12237,\n    \"16.5\": 0.25629,\n    \"16.6-16.7\": 2.02492,\n    \"17.0\": 0.24244,\n    \"17.1\": 0.44793,\n    \"17.2\": 0.5957,\n    \"17.3\": 4.34539,\n    \"17.4\": 9.80829,\n    \"17.5\": 0.09005\n  },\n  P: {\n    \"4\": 0.3145,\n    \"20\": 0.01084,\n    \"21\": 0.01084,\n    \"22\": 0.08676,\n    \"23\": 0.10845,\n    \"24\": 4.64162,\n    _: \"5.0-5.4 7.2-7.4 8.2 9.2 10.1 11.1-11.2 13.0 14.0 15.0 16.0 17.0 18.0 19.0\",\n    \"6.2-6.4\": 0.17352,\n    \"12.0\": 0.01084\n  },\n  I: {\n    \"0\": 2.00338,\n    \"3\": 0,\n    \"4\": 0.0002,\n    \"2.1\": 0,\n    \"2.2\": 0,\n    \"2.3\": 0,\n    \"4.1\": 0.0004,\n    \"4.2-4.3\": 0.00121,\n    \"4.4\": 0,\n    \"4.4.3-4.4.4\": 0.00503\n  },\n  A: {\n    \"6\": 0.05323,\n    \"7\": 0.09828,\n    \"8\": 1.05241,\n    \"9\": 0.18837,\n    \"10\": 0.18837,\n    \"11\": 0.61015,\n    \"5.5\": 0.02047\n  },\n  K: {\n    \"0\": 0.14428,\n    _: \"10 11 12 11.1 11.5 12.1\"\n  },\n  J: {\n    _: \"7 10\"\n  },\n  N: {\n    _: \"10 11\"\n  },\n  S: {\n    \"2.5\": 0.07714,\n    _: \"3.0-3.1\"\n  },\n  Q: {\n    \"14.9\": 0.01187\n  },\n  O: {\n    \"0\": 0.2611\n  },\n  H: {\n    \"0\": 0.01\n  },\n  L: {\n    \"0\": 26.9418\n  },\n  R: {\n    _: \"0\"\n  },\n  M: {\n    \"0\": 0.20769\n  }\n};","map":{"version":3,"names":["module","exports","C","_","D","F","B","E","G","P","I","A","K","J","N","S","Q","O","H","L","R","M"],"sources":["C:/Users/chest/OneDrive/Documentos/GitHub/HackUPC/frontend/node_modules/caniuse-lite/data/regions/GL.js"],