{"ast":null,"code":"module.exports = {\n  C: {\n    \"47\": 0.0028,\n    \"64\": 0.01679,\n    \"69\": 0.00839,\n    \"88\": 0.16788,\n    \"89\": 0.35255,\n    \"91\": 0.64074,\n    \"115\": 0.04197,\n    \"116\": 0.10073,\n    \"119\": 0.0056,\n    \"121\": 0.06156,\n    \"123\": 0.01399,\n    \"124\": 0.1427,\n    \"125\": 0.04197,\n    _: \"2 3 4 5 6 7 8 9 10 11 12 13 14 15 16 17 18 19 20 21 22 23 24 25 26 27 28 29 30 31 32 33 34 35 36 37 38 39 40 41 42 43 44 45 46 48 49 50 51 52 53 54 55 56 57 58 59 60 61 62 63 65 66 67 68 70 71 72 73 74 75 76 77 78 79 80 81 82 83 84 85 86 87 90 92 93 94 95 96 97 98 99 100 101 102 103 104 105 106 107 108 109 110 111 112 113 114 117 118 120 122 126 127 128 3.5 3.6\"\n  },\n  D: {\n    \"57\": 0.00839,\n    \"61\": 0.0028,\n    \"69\": 0.01679,\n    \"70\": 0.0028,\n    \"71\": 0.02798,\n    \"73\": 0.02798,\n    \"74\": 0.0028,\n    \"77\": 0.0028,\n    \"78\": 0.0056,\n    \"79\": 0.0028,\n    \"80\": 0.00839,\n    \"83\": 0.04757,\n    \"84\": 0.0056,\n    \"85\": 0.0028,\n    \"86\": 0.0028,\n    \"87\": 0.0056,\n    \"89\": 0.00839,\n    \"90\": 0.02518,\n    \"91\": 0.01399,\n    \"92\": 0.0056,\n    \"95\": 0.01399,\n    \"96\": 0.01679,\n    \"97\": 0.0056,\n    \"98\": 0.01119,\n    \"99\": 0.0028,\n    \"100\": 0.04757,\n    \"101\": 0.01399,\n    \"102\": 0.12871,\n    \"103\": 0.01679,\n    \"104\": 0.0056,\n    \"105\": 0.02238,\n    \"106\": 0.01959,\n    \"107\": 0.03637,\n    \"108\": 0.1399,\n    \"109\": 5.54843,\n    \"110\": 0.01399,\n    \"111\": 0.00839,\n    \"112\": 0.01399,\n    \"113\": 0.0028,\n    \"114\": 0.01679,\n    \"115\": 0.01399,\n    \"116\": 0.01959,\n    \"117\": 0.0056,\n    \"118\": 0.0028,\n    \"119\": 0.03917,\n    \"120\": 0.07555,\n    \"121\": 0.1455,\n    \"122\": 0.40011,\n    \"123\": 7.79243,\n    \"124\": 4.46841,\n    \"125\": 0.06995,\n    _: \"4 5 6 7 8 9 10 11 12 13 14 15 16 17 18 19 20 21 22 23 24 25 26 27 28 29 30 31 32 33 34 35 36 37 38 39 40 41 42 43 44 45 46 47 48 49 50 51 52 53 54 55 56 58 59 60 62 63 64 65 66 67 68 72 75 76 81 88 93 94 126 127\"\n  },\n  F: {\n    \"46\": 0.0028,\n    \"48\": 0.0028,\n    \"51\": 0.0028,\n    \"60\": 0.00839,\n    \"76\": 0.0028,\n    \"77\": 0.0056,\n    \"79\": 0.01399,\n    \"81\": 0.01119,\n    \"83\": 0.0056,\n    \"90\": 0.0028,\n    \"93\": 0.0056,\n    \"95\": 0.02518,\n    \"100\": 0.0028,\n    \"103\": 0.0028,\n    \"106\": 0.06995,\n    \"107\": 0.04197,\n    \"108\": 0.02798,\n    \"109\": 0.04197,\n    _: \"9 11 12 15 16 17 18 19 20 21 22 23 24 25 26 27 28 29 30 31 32 33 34 35 36 37 38 39 40 41 42 43 44 45 47 49 50 52 53 54 55 56 57 58 62 63 64 65 66 67 68 69 70 71 72 73 74 75 78 80 82 84 85 86 87 88 89 91 92 94 96 97 98 99 101 102 104 105 9.5-9.6 10.0-10.1 10.5 10.6 11.1 11.5 11.6 12.1\"\n  },\n  B: {\n    \"18\": 0.0056,\n    \"84\": 0.01399,\n    \"88\": 0.01959,\n    \"89\": 0.03917,\n    \"90\": 0.04197,\n    \"91\": 0.0028,\n    \"92\": 0.15389,\n    \"96\": 0.01399,\n    \"99\": 0.01119,\n    \"100\": 0.01959,\n    \"103\": 0.0056,\n    \"108\": 0.0028,\n    \"109\": 0.01399,\n    \"111\": 0.0056,\n    \"112\": 0.04757,\n    \"114\": 0.01119,\n    \"115\": 0.00839,\n    \"117\": 0.01399,\n    \"118\": 0.0028,\n    \"119\": 0.0056,\n    \"120\": 0.10073,\n    \"121\": 0.00839,\n    \"122\": 0.01679,\n    \"123\": 0.21824,\n    \"124\": 0.1371,\n    _: \"12 13 14 15 16 17 79 80 81 83 85 86 87 93 94 95 97 98 101 102 104 105 106 107 110 113 116\"\n  },\n  E: {\n    _: \"0 4 5 6 7 8 9 10 11 12 13 14 15 3.1 3.2 5.1 6.1 7.1 9.1 10.1 11.1 12.1 13.1 15.2-15.3 15.4 15.5 16.0 16.1 16.3 16.5\",\n    \"14.1\": 0.0028,\n    \"15.1\": 0.0028,\n    \"15.6\": 0.02798,\n    \"16.2\": 0.0028,\n    \"16.4\": 0.0028,\n    \"16.6\": 0.17627,\n    \"17.0\": 0.0028,\n    \"17.1\": 0.03358,\n    \"17.2\": 0.00839,\n    \"17.3\": 0.0056,\n    \"17.4\": 0.1343,\n    \"17.5\": 0.0028\n  },\n  G: {\n    \"8\": 0,\n    \"3.2\": 0,\n    \"4.0-4.1\": 0,\n    \"4.2-4.3\": 0.00135,\n    \"5.0-5.1\": 0.00135,\n    \"6.0-6.1\": 0.00338,\n    \"7.0-7.1\": 0.00542,\n    \"8.1-8.4\": 0.00135,\n    \"9.0-9.2\": 0.00338,\n    \"9.3\": 0.01692,\n    \"10.0-10.2\": 0.00338,\n    \"10.3\": 0.02708,\n    \"11.0-11.2\": 0.02302,\n    \"11.3-11.4\": 0.00677,\n    \"12.0-12.1\": 0.00474,\n    \"12.2-12.5\": 0.11035,\n    \"13.0-13.1\": 0.00203,\n    \"13.2\": 0.02234,\n    \"13.3\": 0.00542,\n    \"13.4-13.7\": 0.02099,\n    \"14.0-14.4\": 0.0413,\n    \"14.5-14.8\": 0.06296,\n    \"15.0-15.1\": 0.02911,\n    \"15.2-15.3\": 0.03317,\n    \"15.4\": 0.03791,\n    \"15.5\": 0.04807,\n    \"15.6-15.8\": 0.41973,\n    \"16.0\": 0.09816,\n    \"16.1\": 0.20445,\n    \"16.2\": 0.09816,\n    \"16.3\": 0.17331,\n    \"16.4\": 0.03588,\n    \"16.5\": 0.07515,\n    \"16.6-16.7\": 0.59372,\n    \"17.0\": 0.07108,\n    \"17.1\": 0.13134,\n    \"17.2\": 0.17466,\n    \"17.3\": 1.27409,\n    \"17.4\": 2.87585,\n    \"17.5\": 0.0264\n  },\n  P: {\n    \"4\": 0.09992,\n    \"20\": 0.00999,\n    \"21\": 0.24979,\n    \"22\": 0.32972,\n    \"23\": 0.31973,\n    \"24\": 0.97917,\n    \"5.0-5.4\": 0.02997,\n    \"6.2-6.4\": 0.03997,\n    \"7.2-7.4\": 0.15986,\n    _: \"8.2 9.2 12.0 14.0\",\n    \"10.1\": 0.00999,\n    \"11.1-11.2\": 0.00999,\n    \"13.0\": 0.03997,\n    \"15.0\": 0.00999,\n    \"16.0\": 0.02997,\n    \"17.0\": 0.01998,\n    \"18.0\": 0.15986,\n    \"19.0\": 0.28975\n  },\n  I: {\n    \"0\": 0.00717,\n    \"3\": 0,\n    \"4\": 0,\n    \"2.1\": 0,\n    \"2.2\": 0,\n    \"2.3\": 0,\n    \"4.1\": 0,\n    \"4.2-4.3\": 0,\n    \"4.4\": 0,\n    \"4.4.3-4.4.4\": 0.00002\n  },\n  A: {\n    \"11\": 0.1343,\n    _: \"6 7 8 9 10 5.5\"\n  },\n  K: {\n    \"0\": 0.25207,\n    _: \"10 11 12 11.1 11.5 12.1\"\n  },\n  J: {\n    _: \"7 10\"\n  },\n  N: {\n    _: \"10 11\"\n  },\n  S: {\n    _: \"2.5 3.0-3.1\"\n  },\n  Q: {\n    \"14.9\": 0.02161\n  },\n  O: {\n    \"0\": 0.28808\n  },\n  H: {\n    \"0\": 0\n  },\n  L: {\n    \"0\": 63.34452\n  },\n  R: {\n    _: \"0\"\n  },\n  M: {\n    \"0\": 0.02881\n  }\n};","map":{"version":3,"names":["module","exports","C","_","D","F","B","E","G","P","I","A","K","J","N","S","Q","O","H","L","R","M"],"sources":["C:/Users/chest/OneDrive/Documentos/GitHub/HackUPC/frontend/node_modules/caniuse-lite/data/regions/TM.js"],