{"ast":null,"code":"module.exports = {\n  C: {\n    \"31\": 0.00533,\n    \"38\": 0.01066,\n    \"40\": 0.00533,\n    \"47\": 0.00533,\n    \"48\": 0.01066,\n    \"50\": 0.1332,\n    \"52\": 0.15984,\n    \"53\": 0.11722,\n    \"56\": 0.10123,\n    \"59\": 0.01598,\n    \"68\": 0.00533,\n    \"72\": 0.00533,\n    \"77\": 0.01066,\n    \"78\": 0.03197,\n    \"83\": 0.00533,\n    \"84\": 0.00533,\n    \"87\": 0.00533,\n    \"88\": 0.01066,\n    \"91\": 0.01598,\n    \"92\": 0.00533,\n    \"95\": 0.00533,\n    \"98\": 0.00533,\n    \"99\": 0.00533,\n    \"100\": 0.00533,\n    \"101\": 0.00533,\n    \"102\": 0.84715,\n    \"103\": 0.01066,\n    \"104\": 0.01066,\n    \"105\": 0.00533,\n    \"106\": 0.01066,\n    \"107\": 0.01066,\n    \"108\": 0.01066,\n    \"109\": 0.01066,\n    \"110\": 0.01066,\n    \"111\": 0.01066,\n    \"112\": 0.00533,\n    \"113\": 0.01598,\n    \"114\": 0.01598,\n    \"115\": 1.12421,\n    \"116\": 0.02131,\n    \"117\": 0.01066,\n    \"118\": 0.04262,\n    \"119\": 0.02131,\n    \"120\": 0.02131,\n    \"121\": 0.0373,\n    \"122\": 0.05861,\n    \"123\": 0.1705,\n    \"124\": 4.51814,\n    \"125\": 2.60006,\n    \"126\": 0.00533,\n    _: \"2 3 4 5 6 7 8 9 10 11 12 13 14 15 16 17 18 19 20 21 22 23 24 25 26 27 28 29 30 32 33 34 35 36 37 39 41 42 43 44 45 46 49 51 54 55 57 58 60 61 62 63 64 65 66 67 69 70 71 73 74 75 76 79 80 81 82 85 86 89 90 93 94 96 97 127 128 3.5 3.6\"\n  },\n  D: {\n    \"41\": 0.00533,\n    \"43\": 0.04262,\n    \"44\": 0.00533,\n    \"49\": 0.01598,\n    \"52\": 0.00533,\n    \"56\": 0.00533,\n    \"57\": 0.00533,\n    \"58\": 0.00533,\n    \"60\": 0.01066,\n    \"61\": 0.00533,\n    \"62\": 0.00533,\n    \"63\": 0.00533,\n    \"64\": 0.01066,\n    \"66\": 0.07459,\n    \"70\": 0.00533,\n    \"72\": 0.00533,\n    \"74\": 0.00533,\n    \"75\": 0.00533,\n    \"76\": 0.01066,\n    \"77\": 0.01598,\n    \"78\": 0.00533,\n    \"79\": 0.03197,\n    \"80\": 0.01066,\n    \"81\": 0.03197,\n    \"83\": 0.01066,\n    \"84\": 0.01066,\n    \"85\": 0.03197,\n    \"86\": 0.03197,\n    \"87\": 0.04262,\n    \"88\": 0.01598,\n    \"89\": 0.01066,\n    \"90\": 0.01066,\n    \"91\": 0.0959,\n    \"92\": 0.00533,\n    \"93\": 0.07992,\n    \"94\": 0.05861,\n    \"95\": 0.00533,\n    \"96\": 0.02131,\n    \"97\": 0.02131,\n    \"98\": 0.01066,\n    \"99\": 0.02131,\n    \"100\": 0.01598,\n    \"101\": 0.02664,\n    \"102\": 0.02664,\n    \"103\": 0.10123,\n    \"104\": 0.0373,\n    \"105\": 0.02664,\n    \"106\": 0.50616,\n    \"107\": 0.04262,\n    \"108\": 0.05328,\n    \"109\": 1.02298,\n    \"110\": 0.04795,\n    \"111\": 0.04262,\n    \"112\": 0.0373,\n    \"113\": 0.06394,\n    \"114\": 0.06926,\n    \"115\": 0.21312,\n    \"116\": 0.12254,\n    \"117\": 0.05328,\n    \"118\": 0.14918,\n    \"119\": 0.25042,\n    \"120\": 0.21845,\n    \"121\": 2.55744,\n    \"122\": 1.79021,\n    \"123\": 12.59539,\n    \"124\": 4.7579,\n    \"125\": 0.01598,\n    _: \"4 5 6 7 8 9 10 11 12 13 14 15 16 17 18 19 20 21 22 23 24 25 26 27 28 29 30 31 32 33 34 35 36 37 38 39 40 42 45 46 47 48 50 51 53 54 55 59 65 67 68 69 71 73 126 127\"\n  },\n  F: {\n    \"36\": 0.00533,\n    \"46\": 0.01066,\n    \"94\": 0.00533,\n    \"95\": 0.06926,\n    \"102\": 0.01598,\n    \"105\": 0.00533,\n    \"106\": 0.03197,\n    \"107\": 1.55578,\n    \"108\": 0.90576,\n    \"109\": 0.34099,\n    _: \"9 11 12 15 16 17 18 19 20 21 22 23 24 25 26 27 28 29 30 31 32 33 34 35 37 38 39 40 41 42 43 44 45 47 48 49 50 51 52 53 54 55 56 57 58 60 62 63 64 65 66 67 68 69 70 71 72 73 74 75 76 77 78 79 80 81 82 83 84 85 86 87 88 89 90 91 92 93 96 97 98 99 100 101 103 104 9.5-9.6 10.0-10.1 10.5 10.6 11.1 11.5 11.6\",\n    \"12.1\": 0.00533\n  },\n  B: {\n    \"17\": 0.01066,\n    \"18\": 0.00533,\n    \"92\": 0.00533,\n    \"97\": 0.00533,\n    \"98\": 0.00533,\n    \"100\": 0.00533,\n    \"101\": 0.00533,\n    \"103\": 0.00533,\n    \"105\": 0.00533,\n    \"106\": 0.00533,\n    \"107\": 0.01066,\n    \"108\": 0.01066,\n    \"109\": 0.14386,\n    \"110\": 0.01066,\n    \"111\": 0.09058,\n    \"112\": 0.00533,\n    \"113\": 0.00533,\n    \"114\": 0.01598,\n    \"115\": 0.01066,\n    \"116\": 0.01066,\n    \"117\": 0.01598,\n    \"118\": 0.01066,\n    \"119\": 0.01598,\n    \"120\": 0.04795,\n    \"121\": 0.06926,\n    \"122\": 0.4369,\n    \"123\": 5.17349,\n    \"124\": 2.42957,\n    _: \"12 13 14 15 16 79 80 81 83 84 85 86 87 88 89 90 91 93 94 95 96 99 102 104\"\n  },\n  E: {\n    \"7\": 0.02131,\n    \"8\": 0.00533,\n    \"11\": 0.00533,\n    \"13\": 0.00533,\n    \"14\": 0.02664,\n    \"15\": 0.00533,\n    _: \"0 4 5 6 9 10 12 3.1 3.2 6.1 7.1 10.1\",\n    \"5.1\": 0.01066,\n    \"9.1\": 0.00533,\n    \"11.1\": 0.01598,\n    \"12.1\": 0.01066,\n    \"13.1\": 0.06394,\n    \"14.1\": 0.09058,\n    \"15.1\": 0.01066,\n    \"15.2-15.3\": 0.01066,\n    \"15.4\": 0.02131,\n    \"15.5\": 0.03197,\n    \"15.6\": 0.31968,\n    \"16.0\": 0.08525,\n    \"16.1\": 0.06926,\n    \"16.2\": 0.05861,\n    \"16.3\": 0.12254,\n    \"16.4\": 0.03197,\n    \"16.5\": 0.05861,\n    \"16.6\": 0.40493,\n    \"17.0\": 0.05861,\n    \"17.1\": 0.11189,\n    \"17.2\": 0.20246,\n    \"17.3\": 0.5328,\n    \"17.4\": 1.81152,\n    \"17.5\": 0.01066\n  },\n  G: {\n    \"8\": 0,\n    \"3.2\": 0,\n    \"4.0-4.1\": 0,\n    \"4.2-4.3\": 0.00276,\n    \"5.0-5.1\": 0.00276,\n    \"6.0-6.1\": 0.00691,\n    \"7.0-7.1\": 0.01105,\n    \"8.1-8.4\": 0.00276,\n    \"9.0-9.2\": 0.00691,\n    \"9.3\": 0.03455,\n    \"10.0-10.2\": 0.00691,\n    \"10.3\": 0.05527,\n    \"11.0-11.2\": 0.04698,\n    \"11.3-11.4\": 0.01382,\n    \"12.0-12.1\": 0.00967,\n    \"12.2-12.5\": 0.22523,\n    \"13.0-13.1\": 0.00415,\n    \"13.2\": 0.0456,\n    \"13.3\": 0.01105,\n    \"13.4-13.7\": 0.04284,\n    \"14.0-14.4\": 0.08429,\n    \"14.5-14.8\": 0.12851,\n    \"15.0-15.1\": 0.05942,\n    \"15.2-15.3\": 0.06771,\n    \"15.4\": 0.07738,\n    \"15.5\": 0.09811,\n    \"15.6-15.8\": 0.85672,\n    \"16.0\": 0.20036,\n    \"16.1\": 0.41731,\n    \"16.2\": 0.20036,\n    \"16.3\": 0.35374,\n    \"16.4\": 0.07324,\n    \"16.5\": 0.15338,\n    \"16.6-16.7\": 1.21184,\n    \"17.0\": 0.14509,\n    \"17.1\": 0.26807,\n    \"17.2\": 0.35651,\n    \"17.3\": 2.60056,\n    \"17.4\": 5.86991,\n    \"17.5\": 0.05389\n  },\n  P: {\n    \"4\": 0.0849,\n    \"20\": 0.05306,\n    \"21\": 0.10612,\n    \"22\": 0.07429,\n    \"23\": 0.30776,\n    \"24\": 3.38533,\n    _: \"5.0-5.4 8.2 9.2 10.1 12.0\",\n    \"6.2-6.4\": 0.01061,\n    \"7.2-7.4\": 0.02122,\n    \"11.1-11.2\": 0.01061,\n    \"13.0\": 0.01061,\n    \"14.0\": 0.01061,\n    \"15.0\": 0.01061,\n    \"16.0\": 0.02122,\n    \"17.0\": 0.03184,\n    \"18.0\": 0.01061,\n    \"19.0\": 0.03184\n  },\n  I: {\n    \"0\": 0.03723,\n    \"3\": 0,\n    \"4\": 0,\n    \"2.1\": 0,\n    \"2.2\": 0,\n    \"2.3\": 0,\n    \"4.1\": 0.00001,\n    \"4.2-4.3\": 0.00002,\n    \"4.4\": 0,\n    \"4.4.3-4.4.4\": 0.00009\n  },\n  A: {\n    \"8\": 0.01102,\n    \"9\": 0.00551,\n    \"10\": 0.00551,\n    \"11\": 0.13779,\n    _: \"6 7 5.5\"\n  },\n  K: {\n    \"0\": 0.73833,\n    _: \"10 11 12 11.1 11.5 12.1\"\n  },\n  J: {\n    _: \"7 10\"\n  },\n  N: {\n    _: \"10 11\"\n  },\n  S: {\n    _: \"2.5 3.0-3.1\"\n  },\n  Q: {\n    \"14.9\": 0.00935\n  },\n  O: {\n    \"0\": 0.14019\n  },\n  H: {\n    \"0\": 0\n  },\n  L: {\n    \"0\": 26.71474\n  },\n  R: {\n    _: \"0\"\n  },\n  M: {\n    \"0\": 1.03273\n  }\n};","map":{"version":3,"names":["module","exports","C","_","D","F","B","E","G","P","I","A","K","J","N","S","Q","O","H","L","R","M"],"sources":["C:/Users/chest/OneDrive/Documentos/GitHub/HackUPC/frontend/node_modules/caniuse-lite/data/regions/DE.js"],