{"ast":null,"code":"module.exports = {\n  C: {\n    \"29\": 0.0125,\n    \"30\": 0.00417,\n    \"35\": 0.00834,\n    \"37\": 0.00834,\n    \"38\": 0.02501,\n    \"40\": 0.0125,\n    \"41\": 0.00417,\n    \"42\": 0.00834,\n    \"43\": 0.00417,\n    \"44\": 0.02501,\n    \"47\": 0.02084,\n    \"48\": 0.02084,\n    \"50\": 0.02084,\n    \"52\": 0.00417,\n    \"53\": 0.01667,\n    \"56\": 0.04168,\n    \"57\": 0.00417,\n    \"60\": 0.00834,\n    \"61\": 0.00417,\n    \"63\": 0.01667,\n    \"67\": 0.03334,\n    \"68\": 0.00417,\n    \"72\": 0.05418,\n    \"78\": 0.02501,\n    \"79\": 0.12921,\n    \"80\": 0.00417,\n    \"85\": 0.1042,\n    \"87\": 0.00417,\n    \"88\": 0.00834,\n    \"91\": 0.00417,\n    \"94\": 0.00417,\n    \"95\": 0.00417,\n    \"96\": 0.00417,\n    \"97\": 0.00417,\n    \"98\": 0.00834,\n    \"99\": 0.00834,\n    \"103\": 0.00417,\n    \"105\": 0.00834,\n    \"107\": 0.00417,\n    \"110\": 0.02084,\n    \"112\": 0.00417,\n    \"113\": 0.00417,\n    \"114\": 0.0125,\n    \"115\": 1.22539,\n    \"116\": 0.02084,\n    \"117\": 0.02084,\n    \"118\": 0.02084,\n    \"119\": 0.02501,\n    \"120\": 0.02084,\n    \"121\": 0.04585,\n    \"122\": 0.07919,\n    \"123\": 0.25008,\n    \"124\": 3.57614,\n    \"125\": 1.16287,\n    \"126\": 0.06669,\n    _: \"2 3 4 5 6 7 8 9 10 11 12 13 14 15 16 17 18 19 20 21 22 23 24 25 26 27 28 31 32 33 34 36 39 45 46 49 51 54 55 58 59 62 64 65 66 69 70 71 73 74 75 76 77 81 82 83 84 86 89 90 92 93 100 101 102 104 106 108 109 111 127 128 3.5 3.6\"\n  },\n  D: {\n    \"11\": 0.00417,\n    \"29\": 0.00417,\n    \"31\": 0.03751,\n    \"34\": 0.02501,\n    \"40\": 0.00417,\n    \"41\": 0.01667,\n    \"42\": 0.04585,\n    \"43\": 0.02501,\n    \"48\": 0.0125,\n    \"49\": 0.01667,\n    \"51\": 0.03751,\n    \"54\": 0.00417,\n    \"55\": 0.00417,\n    \"58\": 0.05418,\n    \"63\": 0.00834,\n    \"64\": 0.0125,\n    \"65\": 0.0125,\n    \"66\": 0.00417,\n    \"67\": 0.0125,\n    \"68\": 0.03751,\n    \"69\": 0.03334,\n    \"71\": 0.00417,\n    \"72\": 0.00417,\n    \"73\": 0.00417,\n    \"74\": 0.02501,\n    \"75\": 0.00834,\n    \"76\": 0.00417,\n    \"77\": 0.00417,\n    \"78\": 0.00417,\n    \"79\": 0.0125,\n    \"80\": 0.08336,\n    \"81\": 0.00417,\n    \"84\": 0.02084,\n    \"85\": 0.03334,\n    \"86\": 0.0125,\n    \"87\": 0.03751,\n    \"88\": 0.02501,\n    \"90\": 0.00417,\n    \"91\": 0.00417,\n    \"92\": 0.00834,\n    \"95\": 0.00417,\n    \"96\": 0.00834,\n    \"97\": 0.04585,\n    \"98\": 0.00417,\n    \"99\": 0.0125,\n    \"100\": 0.00834,\n    \"101\": 0.03334,\n    \"102\": 0.02084,\n    \"103\": 0.35845,\n    \"105\": 0.01667,\n    \"106\": 0.00834,\n    \"107\": 0.02084,\n    \"108\": 0.01667,\n    \"109\": 2.01314,\n    \"110\": 0.02501,\n    \"111\": 0.02918,\n    \"112\": 0.03334,\n    \"113\": 0.01667,\n    \"114\": 0.05835,\n    \"115\": 0.06669,\n    \"116\": 0.24174,\n    \"117\": 0.04168,\n    \"118\": 0.12504,\n    \"119\": 0.13754,\n    \"120\": 0.40013,\n    \"121\": 0.33761,\n    \"122\": 1.36294,\n    \"123\": 14.25039,\n    \"124\": 3.66367,\n    \"125\": 0.04168,\n    _: \"4 5 6 7 8 9 10 12 13 14 15 16 17 18 19 20 21 22 23 24 25 26 27 28 30 32 33 35 36 37 38 39 44 45 46 47 50 52 53 56 57 59 60 61 62 70 83 89 93 94 104 126 127\"\n  },\n  F: {\n    \"42\": 0.00417,\n    \"64\": 0.0125,\n    \"71\": 0.00417,\n    \"72\": 0.00417,\n    \"80\": 0.00417,\n    \"85\": 0.00834,\n    \"95\": 0.04168,\n    \"101\": 0.00417,\n    \"102\": 0.00834,\n    \"103\": 0.00417,\n    \"106\": 0.00417,\n    \"107\": 0.04168,\n    \"108\": 0.68355,\n    \"109\": 0.09586,\n    _: \"9 11 12 15 16 17 18 19 20 21 22 23 24 25 26 27 28 29 30 31 32 33 34 35 36 37 38 39 40 41 43 44 45 46 47 48 49 50 51 52 53 54 55 56 57 58 60 62 63 65 66 67 68 69 70 73 74 75 76 77 78 79 81 82 83 84 86 87 88 89 90 91 92 93 94 96 97 98 99 100 104 105 9.5-9.6 10.0-10.1 10.5 10.6 11.1 11.5 11.6 12.1\"\n  },\n  B: {\n    \"12\": 0.06669,\n    \"13\": 0.02084,\n    \"14\": 0.00417,\n    \"15\": 0.00834,\n    \"16\": 0.05002,\n    \"17\": 0.03334,\n    \"18\": 0.07502,\n    \"80\": 0.00417,\n    \"84\": 0.02084,\n    \"89\": 0.05002,\n    \"90\": 0.03334,\n    \"92\": 0.07502,\n    \"96\": 0.04168,\n    \"97\": 0.0125,\n    \"98\": 0.00417,\n    \"100\": 0.1042,\n    \"102\": 0.00417,\n    \"103\": 0.00834,\n    \"105\": 0.00834,\n    \"106\": 0.00834,\n    \"108\": 0.00417,\n    \"109\": 0.04585,\n    \"110\": 0.0125,\n    \"111\": 0.0125,\n    \"112\": 0.0125,\n    \"113\": 0.05418,\n    \"114\": 0.06252,\n    \"115\": 0.02918,\n    \"116\": 0.08336,\n    \"117\": 0.02501,\n    \"118\": 0.02918,\n    \"119\": 0.02918,\n    \"120\": 0.13754,\n    \"121\": 0.15422,\n    \"122\": 0.63354,\n    \"123\": 3.46778,\n    \"124\": 1.45046,\n    _: \"79 81 83 85 86 87 88 91 93 94 95 99 101 104 107\"\n  },\n  E: {\n    \"10\": 0.00834,\n    \"11\": 0.00417,\n    \"14\": 0.00417,\n    \"15\": 0.01667,\n    _: \"0 4 5 6 7 8 9 12 13 3.1 3.2 5.1 6.1 7.1 9.1 10.1 11.1 16.0 17.5\",\n    \"12.1\": 0.02084,\n    \"13.1\": 0.03751,\n    \"14.1\": 0.05835,\n    \"15.1\": 0.01667,\n    \"15.2-15.3\": 0.02501,\n    \"15.4\": 0.00834,\n    \"15.5\": 0.02084,\n    \"15.6\": 0.03751,\n    \"16.1\": 0.02918,\n    \"16.2\": 0.02918,\n    \"16.3\": 0.02501,\n    \"16.4\": 0.0125,\n    \"16.5\": 0.1167,\n    \"16.6\": 0.05002,\n    \"17.0\": 0.04585,\n    \"17.1\": 0.03334,\n    \"17.2\": 0.07086,\n    \"17.3\": 0.02918,\n    \"17.4\": 0.04585\n  },\n  G: {\n    \"8\": 0,\n    \"3.2\": 0,\n    \"4.0-4.1\": 0,\n    \"4.2-4.3\": 0.0014,\n    \"5.0-5.1\": 0.0014,\n    \"6.0-6.1\": 0.00351,\n    \"7.0-7.1\": 0.00562,\n    \"8.1-8.4\": 0.0014,\n    \"9.0-9.2\": 0.00351,\n    \"9.3\": 0.01755,\n    \"10.0-10.2\": 0.00351,\n    \"10.3\": 0.02808,\n    \"11.0-11.2\": 0.02387,\n    \"11.3-11.4\": 0.00702,\n    \"12.0-12.1\": 0.00491,\n    \"12.2-12.5\": 0.11443,\n    \"13.0-13.1\": 0.00211,\n    \"13.2\": 0.02317,\n    \"13.3\": 0.00562,\n    \"13.4-13.7\": 0.02176,\n    \"14.0-14.4\": 0.04283,\n    \"14.5-14.8\": 0.06529,\n    \"15.0-15.1\": 0.03019,\n    \"15.2-15.3\": 0.0344,\n    \"15.4\": 0.03931,\n    \"15.5\": 0.04985,\n    \"15.6-15.8\": 0.43527,\n    \"16.0\": 0.1018,\n    \"16.1\": 0.21202,\n    \"16.2\": 0.1018,\n    \"16.3\": 0.17973,\n    \"16.4\": 0.03721,\n    \"16.5\": 0.07793,\n    \"16.6-16.7\": 0.6157,\n    \"17.0\": 0.07372,\n    \"17.1\": 0.1362,\n    \"17.2\": 0.18113,\n    \"17.3\": 1.32126,\n    \"17.4\": 2.98232,\n    \"17.5\": 0.02738\n  },\n  P: {\n    \"4\": 0.02008,\n    \"20\": 0.03012,\n    \"21\": 0.1004,\n    \"22\": 0.09036,\n    \"23\": 0.21084,\n    \"24\": 0.45179,\n    _: \"5.0-5.4 6.2-6.4 8.2 10.1 12.0 15.0\",\n    \"7.2-7.4\": 0.11044,\n    \"9.2\": 0.06024,\n    \"11.1-11.2\": 0.03012,\n    \"13.0\": 0.01004,\n    \"14.0\": 0.02008,\n    \"16.0\": 0.04016,\n    \"17.0\": 0.01004,\n    \"18.0\": 0.02008,\n    \"19.0\": 0.11044\n  },\n  I: {\n    \"0\": 0.01161,\n    \"3\": 0,\n    \"4\": 0,\n    \"2.1\": 0,\n    \"2.2\": 0,\n    \"2.3\": 0,\n    \"4.1\": 0,\n    \"4.2-4.3\": 0.00001,\n    \"4.4\": 0,\n    \"4.4.3-4.4.4\": 0.00003\n  },\n  A: {\n    \"11\": 0.08336,\n    _: \"6 7 8 9 10 5.5\"\n  },\n  K: {\n    \"0\": 1.07457,\n    _: \"10 11 12 11.1 11.5 12.1\"\n  },\n  J: {\n    _: \"7 10\"\n  },\n  N: {\n    _: \"10 11\"\n  },\n  S: {\n    _: \"2.5 3.0-3.1\"\n  },\n  Q: {\n    \"14.9\": 0.01749\n  },\n  O: {\n    \"0\": 0.65307\n  },\n  H: {\n    \"0\": 0.01\n  },\n  L: {\n    \"0\": 49.54209\n  },\n  R: {\n    _: \"0\"\n  },\n  M: {\n    \"0\": 0.05831\n  }\n};","map":{"version":3,"names":["module","exports","C","_","D","F","B","E","G","P","I","A","K","J","N","S","Q","O","H","L","R","M"],"sources":["C:/Users/chest/OneDrive/Documentos/GitHub/HackUPC/frontend/node_modules/caniuse-lite/data/regions/TL.js"],