{"ast":null,"code":"module.exports = {\n  C: {\n    \"4\": 0.09309,\n    \"52\": 0.01773,\n    \"59\": 0.0133,\n    \"78\": 0.0133,\n    \"88\": 0.0133,\n    \"91\": 0.01773,\n    \"102\": 0.00887,\n    \"103\": 0.00887,\n    \"113\": 0.00443,\n    \"115\": 0.26598,\n    \"117\": 0.00887,\n    \"119\": 0.00443,\n    \"120\": 0.00887,\n    \"121\": 0.0133,\n    \"122\": 0.01773,\n    \"123\": 0.0399,\n    \"124\": 0.8334,\n    \"125\": 0.43,\n    _: \"2 3 5 6 7 8 9 10 11 12 13 14 15 16 17 18 19 20 21 22 23 24 25 26 27 28 29 30 31 32 33 34 35 36 37 38 39 40 41 42 43 44 45 46 47 48 49 50 51 53 54 55 56 57 58 60 61 62 63 64 65 66 67 68 69 70 71 72 73 74 75 76 77 79 80 81 82 83 84 85 86 87 89 90 92 93 94 95 96 97 98 99 100 101 104 105 106 107 108 109 110 111 112 114 116 118 126 127 128 3.5 3.6\"\n  },\n  D: {\n    \"38\": 0.0133,\n    \"47\": 0.00887,\n    \"49\": 0.02217,\n    \"55\": 0.00443,\n    \"65\": 0.00443,\n    \"66\": 0.0532,\n    \"71\": 0.00443,\n    \"75\": 0.0133,\n    \"77\": 0.00887,\n    \"78\": 0.00443,\n    \"79\": 0.05763,\n    \"80\": 0.00443,\n    \"81\": 0.0133,\n    \"83\": 0.00443,\n    \"85\": 0.00887,\n    \"86\": 0.00887,\n    \"87\": 0.0532,\n    \"88\": 0.0133,\n    \"89\": 0.00887,\n    \"90\": 0.00443,\n    \"91\": 0.28371,\n    \"92\": 0.0133,\n    \"93\": 0.05763,\n    \"94\": 0.01773,\n    \"95\": 0.00443,\n    \"96\": 0.00887,\n    \"97\": 0.00887,\n    \"98\": 0.00887,\n    \"99\": 0.00887,\n    \"100\": 0.00887,\n    \"101\": 0.00887,\n    \"102\": 0.0133,\n    \"103\": 0.06206,\n    \"104\": 0.01773,\n    \"105\": 0.01773,\n    \"106\": 0.02217,\n    \"107\": 0.0266,\n    \"108\": 0.03546,\n    \"109\": 3.19619,\n    \"110\": 0.02217,\n    \"111\": 0.0266,\n    \"112\": 0.0266,\n    \"113\": 0.01773,\n    \"114\": 0.04876,\n    \"115\": 0.01773,\n    \"116\": 0.11083,\n    \"117\": 0.0266,\n    \"118\": 0.0399,\n    \"119\": 0.09753,\n    \"120\": 0.17289,\n    \"121\": 0.23495,\n    \"122\": 1.00629,\n    \"123\": 18.30829,\n    \"124\": 7.89074,\n    \"125\": 0.0399,\n    _: \"4 5 6 7 8 9 10 11 12 13 14 15 16 17 18 19 20 21 22 23 24 25 26 27 28 29 30 31 32 33 34 35 36 37 39 40 41 42 43 44 45 46 48 50 51 52 53 54 56 57 58 59 60 61 62 63 64 67 68 69 70 72 73 74 76 84 126 127\"\n  },\n  F: {\n    \"36\": 0.00443,\n    \"95\": 0.0532,\n    \"106\": 0.00443,\n    \"107\": 2.57114,\n    \"108\": 0.4433,\n    \"109\": 0.23938,\n    _: \"9 11 12 15 16 17 18 19 20 21 22 23 24 25 26 27 28 29 30 31 32 33 34 35 37 38 39 40 41 42 43 44 45 46 47 48 49 50 51 52 53 54 55 56 57 58 60 62 63 64 65 66 67 68 69 70 71 72 73 74 75 76 77 78 79 80 81 82 83 84 85 86 87 88 89 90 91 92 93 94 96 97 98 99 100 101 102 103 104 105 9.5-9.6 10.0-10.1 10.5 10.6 11.1 11.5 11.6 12.1\"\n  },\n  B: {\n    \"15\": 0.01773,\n    \"17\": 0.00887,\n    \"92\": 0.01773,\n    \"109\": 0.04433,\n    \"114\": 0.00443,\n    \"118\": 0.00443,\n    \"119\": 0.00887,\n    \"120\": 0.02217,\n    \"121\": 0.02217,\n    \"122\": 0.17289,\n    \"123\": 2.59774,\n    \"124\": 1.25454,\n    _: \"12 13 14 16 18 79 80 81 83 84 85 86 87 88 89 90 91 93 94 95 96 97 98 99 100 101 102 103 104 105 106 107 108 110 111 112 113 115 116 117\"\n  },\n  E: {\n    \"14\": 0.00887,\n    _: \"0 4 5 6 7 8 9 10 11 12 13 15 3.1 3.2 6.1 7.1 9.1 10.1 12.1 15.1 15.2-15.3 16.0 17.5\",\n    \"5.1\": 0.01773,\n    \"11.1\": 0.0133,\n    \"13.1\": 0.0133,\n    \"14.1\": 0.02217,\n    \"15.4\": 0.00443,\n    \"15.5\": 0.00887,\n    \"15.6\": 0.0532,\n    \"16.1\": 0.0133,\n    \"16.2\": 0.00887,\n    \"16.3\": 0.02217,\n    \"16.4\": 0.00887,\n    \"16.5\": 0.0133,\n    \"16.6\": 0.06206,\n    \"17.0\": 0.01773,\n    \"17.1\": 0.0266,\n    \"17.2\": 0.04433,\n    \"17.3\": 0.07979,\n    \"17.4\": 0.27928\n  },\n  G: {\n    \"8\": 0,\n    \"3.2\": 0.00072,\n    \"4.0-4.1\": 0,\n    \"4.2-4.3\": 0,\n    \"5.0-5.1\": 0.00215,\n    \"6.0-6.1\": 0,\n    \"7.0-7.1\": 0.00287,\n    \"8.1-8.4\": 0,\n    \"9.0-9.2\": 0.00072,\n    \"9.3\": 0.01651,\n    \"10.0-10.2\": 0,\n    \"10.3\": 0.01149,\n    \"11.0-11.2\": 0.02082,\n    \"11.3-11.4\": 0.00862,\n    \"12.0-12.1\": 0.00718,\n    \"12.2-12.5\": 0.05888,\n    \"13.0-13.1\": 0.00144,\n    \"13.2\": 0,\n    \"13.3\": 0.00144,\n    \"13.4-13.7\": 0.00431,\n    \"14.0-14.4\": 0.01436,\n    \"14.5-14.8\": 0.03231,\n    \"15.0-15.1\": 0.0079,\n    \"15.2-15.3\": 0.01364,\n    \"15.4\": 0.01508,\n    \"15.5\": 0.02369,\n    \"15.6-15.8\": 0.42865,\n    \"16.0\": 0.09693,\n    \"16.1\": 0.19458,\n    \"16.2\": 0.08042,\n    \"16.3\": 0.16012,\n    \"16.4\": 0.01795,\n    \"16.5\": 0.05242,\n    \"16.6-16.7\": 0.72591,\n    \"17.0\": 0.05816,\n    \"17.1\": 0.12134,\n    \"17.2\": 0.16012,\n    \"17.3\": 1.4906,\n    \"17.4\": 3.31292,\n    \"17.5\": 0.03016\n  },\n  P: {\n    \"4\": 0.07389,\n    \"20\": 0.02111,\n    \"21\": 0.04222,\n    \"22\": 0.04222,\n    \"23\": 0.14777,\n    \"24\": 1.68885,\n    _: \"5.0-5.4 6.2-6.4 8.2 9.2 10.1 12.0 13.0 14.0 15.0 16.0 18.0\",\n    \"7.2-7.4\": 0.12666,\n    \"11.1-11.2\": 0.01056,\n    \"17.0\": 0.04222,\n    \"19.0\": 0.02111\n  },\n  I: {\n    \"0\": 0.03885,\n    \"3\": 0,\n    \"4\": 0.00001,\n    \"2.1\": 0,\n    \"2.2\": 0,\n    \"2.3\": 0,\n    \"4.1\": 0,\n    \"4.2-4.3\": 0.00001,\n    \"4.4\": 0,\n    \"4.4.3-4.4.4\": 0.00008\n  },\n  A: {\n    \"8\": 0.00946,\n    \"11\": 0.1324,\n    _: \"6 7 9 10 5.5\"\n  },\n  K: {\n    \"0\": 0.2616,\n    _: \"10 11 12 11.1 11.5 12.1\"\n  },\n  J: {\n    _: \"7 10\"\n  },\n  N: {\n    _: \"10 11\"\n  },\n  S: {\n    _: \"2.5 3.0-3.1\"\n  },\n  Q: {\n    _: \"14.9\"\n  },\n  O: {\n    \"0\": 0.04453\n  },\n  H: {\n    \"0\": 0\n  },\n  L: {\n    \"0\": 46.44509\n  },\n  R: {\n    _: \"0\"\n  },\n  M: {\n    \"0\": 0.12802\n  }\n};","map":{"version":3,"names":["module","exports","C","_","D","F","B","E","G","P","I","A","K","J","N","S","Q","O","H","L","R","M"],"sources":["C:/Users/chest/OneDrive/Documentos/GitHub/HackUPC/frontend/node_modules/caniuse-lite/data/regions/alt-sa.js"],