{"ast":null,"code":"module.exports = {\n  C: {\n    \"40\": 0.00435,\n    \"68\": 0.06086,\n    \"78\": 0.00435,\n    \"83\": 0.00435,\n    \"88\": 0.00435,\n    \"108\": 0.01304,\n    \"113\": 0.00435,\n    \"115\": 0.16084,\n    \"120\": 0.00435,\n    \"121\": 0.00435,\n    \"122\": 0.00869,\n    \"123\": 0.03043,\n    \"124\": 0.7955,\n    \"125\": 0.39123,\n    _: \"2 3 4 5 6 7 8 9 10 11 12 13 14 15 16 17 18 19 20 21 22 23 24 25 26 27 28 29 30 31 32 33 34 35 36 37 38 39 41 42 43 44 45 46 47 48 49 50 51 52 53 54 55 56 57 58 59 60 61 62 63 64 65 66 67 69 70 71 72 73 74 75 76 77 79 80 81 82 84 85 86 87 89 90 91 92 93 94 95 96 97 98 99 100 101 102 103 104 105 106 107 109 110 111 112 114 116 117 118 119 126 127 128 3.5\",\n    \"3.6\": 0.00435\n  },\n  D: {\n    \"4\": 0.00435,\n    \"11\": 0.00435,\n    \"26\": 0.00435,\n    \"37\": 0.00435,\n    \"38\": 0.00435,\n    \"39\": 0.00435,\n    \"40\": 0.00435,\n    \"41\": 0.00435,\n    \"42\": 0.00435,\n    \"43\": 0.00869,\n    \"44\": 0.00869,\n    \"45\": 0.00869,\n    \"46\": 0.00869,\n    \"47\": 0.00435,\n    \"49\": 0.01739,\n    \"51\": 0.01304,\n    \"56\": 0.00869,\n    \"70\": 0.00435,\n    \"75\": 0.00435,\n    \"76\": 0.00869,\n    \"77\": 0.02608,\n    \"79\": 0.06521,\n    \"80\": 0.00435,\n    \"81\": 0.00435,\n    \"86\": 0.00869,\n    \"87\": 0.00869,\n    \"88\": 0.01304,\n    \"90\": 0.00435,\n    \"92\": 0.00435,\n    \"93\": 0.33907,\n    \"94\": 0.00435,\n    \"95\": 0.00435,\n    \"97\": 0.00435,\n    \"98\": 0.01304,\n    \"99\": 0.00435,\n    \"103\": 0.04782,\n    \"104\": 0.00435,\n    \"106\": 0.00435,\n    \"107\": 0.11737,\n    \"108\": 0.00435,\n    \"109\": 0.87375,\n    \"110\": 0.00869,\n    \"111\": 0.00435,\n    \"112\": 0.02174,\n    \"113\": 0.00869,\n    \"114\": 0.01739,\n    \"115\": 0.17823,\n    \"116\": 0.26951,\n    \"117\": 0.09998,\n    \"118\": 0.01739,\n    \"119\": 0.15215,\n    \"120\": 0.19996,\n    \"121\": 0.32168,\n    \"122\": 1.69533,\n    \"123\": 18.60081,\n    \"124\": 6.91608,\n    \"125\": 0.01739,\n    \"126\": 0.00435,\n    _: \"5 6 7 8 9 10 12 13 14 15 16 17 18 19 20 21 22 23 24 25 27 28 29 30 31 32 33 34 35 36 48 50 52 53 54 55 57 58 59 60 61 62 63 64 65 66 67 68 69 71 72 73 74 78 83 84 85 89 91 96 100 101 102 105 127\"\n  },\n  F: {\n    \"28\": 0.03478,\n    \"31\": 0.00435,\n    \"36\": 0.00435,\n    \"90\": 0.04347,\n    \"94\": 0.00869,\n    \"95\": 0.00435,\n    \"107\": 0.88679,\n    \"108\": 0.37819,\n    \"109\": 0.19996,\n    _: \"9 11 12 15 16 17 18 19 20 21 22 23 24 25 26 27 29 30 32 33 34 35 37 38 39 40 41 42 43 44 45 46 47 48 49 50 51 52 53 54 55 56 57 58 60 62 63 64 65 66 67 68 69 70 71 72 73 74 75 76 77 78 79 80 81 82 83 84 85 86 87 88 89 91 92 93 96 97 98 99 100 101 102 103 104 105 106 9.5-9.6 10.0-10.1 10.5 10.6 11.1 11.5 11.6 12.1\"\n  },\n  B: {\n    \"12\": 0.00435,\n    \"92\": 0.00435,\n    \"107\": 0.00435,\n    \"108\": 0.00869,\n    \"109\": 0.02174,\n    \"112\": 0.04347,\n    \"113\": 0.00435,\n    \"114\": 0.00435,\n    \"117\": 0.00869,\n    \"119\": 0.03912,\n    \"120\": 0.03478,\n    \"121\": 0.06955,\n    \"122\": 0.18692,\n    \"123\": 4.09487,\n    \"124\": 1.60839,\n    _: \"13 14 15 16 17 18 79 80 81 83 84 85 86 87 88 89 90 91 93 94 95 96 97 98 99 100 101 102 103 104 105 106 110 111 115 116 118\"\n  },\n  E: {\n    \"9\": 0.02174,\n    \"13\": 0.00435,\n    \"14\": 0.03043,\n    _: \"0 4 5 6 7 8 10 11 12 15 3.1 3.2 5.1 6.1 7.1 9.1 10.1 11.1\",\n    \"12.1\": 0.00435,\n    \"13.1\": 0.04347,\n    \"14.1\": 0.06521,\n    \"15.1\": 0.00435,\n    \"15.2-15.3\": 0.00869,\n    \"15.4\": 0.01304,\n    \"15.5\": 0.01304,\n    \"15.6\": 0.19996,\n    \"16.0\": 0.01739,\n    \"16.1\": 0.06086,\n    \"16.2\": 0.12172,\n    \"16.3\": 0.06521,\n    \"16.4\": 0.08694,\n    \"16.5\": 0.09998,\n    \"16.6\": 0.44339,\n    \"17.0\": 0.06521,\n    \"17.1\": 0.07825,\n    \"17.2\": 0.17823,\n    \"17.3\": 0.29994,\n    \"17.4\": 1.28671,\n    \"17.5\": 0.02174\n  },\n  G: {\n    \"8\": 0,\n    \"3.2\": 0,\n    \"4.0-4.1\": 0,\n    \"4.2-4.3\": 0.00382,\n    \"5.0-5.1\": 0.00382,\n    \"6.0-6.1\": 0.00956,\n    \"7.0-7.1\": 0.0153,\n    \"8.1-8.4\": 0.00382,\n    \"9.0-9.2\": 0.00956,\n    \"9.3\": 0.0478,\n    \"10.0-10.2\": 0.00956,\n    \"10.3\": 0.07649,\n    \"11.0-11.2\": 0.06501,\n    \"11.3-11.4\": 0.01912,\n    \"12.0-12.1\": 0.01339,\n    \"12.2-12.5\": 0.31169,\n    \"13.0-13.1\": 0.00574,\n    \"13.2\": 0.0631,\n    \"13.3\": 0.0153,\n    \"13.4-13.7\": 0.05928,\n    \"14.0-14.4\": 0.11664,\n    \"14.5-14.8\": 0.17783,\n    \"15.0-15.1\": 0.08222,\n    \"15.2-15.3\": 0.0937,\n    \"15.4\": 0.10708,\n    \"15.5\": 0.13576,\n    \"15.6-15.8\": 1.18555,\n    \"16.0\": 0.27727,\n    \"16.1\": 0.57748,\n    \"16.2\": 0.27727,\n    \"16.3\": 0.48952,\n    \"16.4\": 0.10135,\n    \"16.5\": 0.21225,\n    \"16.6-16.7\": 1.67698,\n    \"17.0\": 0.20078,\n    \"17.1\": 0.37096,\n    \"17.2\": 0.49334,\n    \"17.3\": 3.59873,\n    \"17.4\": 8.12295,\n    \"17.5\": 0.07458\n  },\n  P: {\n    \"4\": 0.0628,\n    \"20\": 0.02093,\n    \"21\": 0.0314,\n    \"22\": 0.02093,\n    \"23\": 0.16748,\n    \"24\": 2.22953,\n    _: \"5.0-5.4 8.2 9.2 10.1 11.1-11.2 13.0 15.0 17.0 18.0\",\n    \"6.2-6.4\": 0.02093,\n    \"7.2-7.4\": 0.01047,\n    \"12.0\": 0.02093,\n    \"14.0\": 0.01047,\n    \"16.0\": 0.01047,\n    \"19.0\": 0.01047\n  },\n  I: {\n    \"0\": 0.27028,\n    \"3\": 0,\n    \"4\": 0.00003,\n    \"2.1\": 0,\n    \"2.2\": 0,\n    \"2.3\": 0,\n    \"4.1\": 0.00005,\n    \"4.2-4.3\": 0.00016,\n    \"4.4\": 0,\n    \"4.4.3-4.4.4\": 0.00068\n  },\n  A: {\n    \"6\": 0.0048,\n    \"7\": 0.0048,\n    \"8\": 0.05756,\n    \"9\": 0.00959,\n    \"10\": 0.00959,\n    \"11\": 0.04797,\n    _: \"5.5\"\n  },\n  K: {\n    \"0\": 0.21616,\n    _: \"10 11 12 11.1 11.5 12.1\"\n  },\n  J: {\n    _: \"7 10\"\n  },\n  N: {\n    _: \"10 11\"\n  },\n  S: {\n    \"2.5\": 0.00565,\n    _: \"3.0-3.1\"\n  },\n  Q: {\n    _: \"14.9\"\n  },\n  O: {\n    \"0\": 0.16397\n  },\n  H: {\n    \"0\": 0.01\n  },\n  L: {\n    \"0\": 33.28921\n  },\n  R: {\n    _: \"0\"\n  },\n  M: {\n    \"0\": 0.25443\n  }\n};","map":{"version":3,"names":["module","exports","C","_","D","F","B","E","G","P","I","A","K","J","N","S","Q","O","H","L","R","M"],"sources":["C:/Users/chest/OneDrive/Documentos/GitHub/HackUPC/frontend/node_modules/caniuse-lite/data/regions/MT.js"],