{"ast":null,"code":"module.exports = {\n  C: {\n    \"34\": 0.00266,\n    \"48\": 0.00266,\n    \"87\": 0.00531,\n    \"88\": 0.01062,\n    \"94\": 0.00797,\n    \"99\": 0.01593,\n    \"100\": 0.00266,\n    \"101\": 0.01859,\n    \"102\": 0.00531,\n    \"106\": 0.01593,\n    \"107\": 0.00266,\n    \"110\": 0.00266,\n    \"112\": 0.00266,\n    \"113\": 0.01859,\n    \"115\": 0.15134,\n    \"118\": 0.00531,\n    \"119\": 0.00266,\n    \"120\": 0.00266,\n    \"121\": 0.00797,\n    \"122\": 0.00266,\n    \"123\": 0.04248,\n    \"124\": 1.01687,\n    \"125\": 0.4248,\n    \"126\": 0.00531,\n    _: \"2 3 4 5 6 7 8 9 10 11 12 13 14 15 16 17 18 19 20 21 22 23 24 25 26 27 28 29 30 31 32 33 35 36 37 38 39 40 41 42 43 44 45 46 47 49 50 51 52 53 54 55 56 57 58 59 60 61 62 63 64 65 66 67 68 69 70 71 72 73 74 75 76 77 78 79 80 81 82 83 84 85 86 89 90 91 92 93 95 96 97 98 103 104 105 108 109 111 114 116 117 127 128 3.5 3.6\"\n  },\n  D: {\n    \"11\": 0.01062,\n    \"17\": 0.00266,\n    \"29\": 0.00266,\n    \"41\": 0.00266,\n    \"43\": 0.00266,\n    \"44\": 0.00266,\n    \"49\": 0.00531,\n    \"50\": 0.00266,\n    \"54\": 0.00266,\n    \"55\": 0.00266,\n    \"63\": 0.01062,\n    \"64\": 0.00531,\n    \"65\": 0.00266,\n    \"66\": 0.00531,\n    \"68\": 0.01062,\n    \"69\": 0.00797,\n    \"70\": 0.01062,\n    \"71\": 0.00266,\n    \"73\": 0.00531,\n    \"74\": 0.02124,\n    \"75\": 0.00266,\n    \"76\": 0.01062,\n    \"77\": 0.00531,\n    \"78\": 0.00266,\n    \"79\": 0.05841,\n    \"80\": 0.00531,\n    \"81\": 0.01062,\n    \"83\": 0.01062,\n    \"84\": 0.00797,\n    \"85\": 0.00531,\n    \"86\": 0.00531,\n    \"87\": 0.02124,\n    \"88\": 0.00797,\n    \"89\": 0.00266,\n    \"90\": 0.00797,\n    \"91\": 0.00531,\n    \"92\": 0.10355,\n    \"93\": 0.00797,\n    \"94\": 0.04248,\n    \"95\": 0.00531,\n    \"96\": 0.00531,\n    \"97\": 0.01593,\n    \"98\": 0.01328,\n    \"99\": 0.01328,\n    \"100\": 0.00531,\n    \"101\": 0.00266,\n    \"102\": 0.02124,\n    \"103\": 0.02655,\n    \"104\": 0.02124,\n    \"105\": 0.01328,\n    \"106\": 0.02124,\n    \"107\": 0.0239,\n    \"108\": 0.01062,\n    \"109\": 0.85757,\n    \"110\": 0.00797,\n    \"111\": 0.0239,\n    \"112\": 0.01062,\n    \"113\": 0.01859,\n    \"114\": 0.07169,\n    \"115\": 0.01859,\n    \"116\": 0.0531,\n    \"117\": 0.01593,\n    \"118\": 0.02124,\n    \"119\": 0.06107,\n    \"120\": 0.09558,\n    \"121\": 0.16196,\n    \"122\": 0.41418,\n    \"123\": 7.09151,\n    \"124\": 2.72403,\n    \"125\": 0.01859,\n    _: \"4 5 6 7 8 9 10 12 13 14 15 16 18 19 20 21 22 23 24 25 26 27 28 30 31 32 33 34 35 36 37 38 39 40 42 45 46 47 48 51 52 53 56 57 58 59 60 61 62 67 72 126 127\"\n  },\n  F: {\n    \"34\": 0.00266,\n    \"36\": 0.00266,\n    \"40\": 0.00266,\n    \"42\": 0.00266,\n    \"47\": 0.00266,\n    \"71\": 0.00266,\n    \"74\": 0.00266,\n    \"75\": 0.00266,\n    \"77\": 0.00266,\n    \"79\": 0.01062,\n    \"82\": 0.00266,\n    \"83\": 0.01062,\n    \"84\": 0.00266,\n    \"85\": 0.00266,\n    \"86\": 0.00797,\n    \"95\": 0.02655,\n    \"99\": 0.01062,\n    \"102\": 0.00266,\n    \"105\": 0.02921,\n    \"106\": 0.00797,\n    \"107\": 0.15134,\n    \"108\": 0.61862,\n    \"109\": 0.1832,\n    _: \"9 11 12 15 16 17 18 19 20 21 22 23 24 25 26 27 28 29 30 31 32 33 35 37 38 39 41 43 44 45 46 48 49 50 51 52 53 54 55 56 57 58 60 62 63 64 65 66 67 68 69 70 72 73 76 78 80 81 87 88 89 90 91 92 93 94 96 97 98 100 101 103 104 9.5-9.6 10.0-10.1 10.5 10.6 11.1 11.5 11.6 12.1\"\n  },\n  B: {\n    \"12\": 0.03186,\n    \"13\": 0.01328,\n    \"14\": 0.00266,\n    \"15\": 0.00797,\n    \"16\": 0.01593,\n    \"17\": 0.01062,\n    \"18\": 0.09293,\n    \"81\": 0.00797,\n    \"84\": 0.02655,\n    \"85\": 0.00531,\n    \"89\": 0.01859,\n    \"90\": 0.02921,\n    \"92\": 0.10089,\n    \"99\": 0.00266,\n    \"100\": 0.0239,\n    \"103\": 0.00266,\n    \"104\": 0.00266,\n    \"105\": 0.01328,\n    \"107\": 0.00531,\n    \"108\": 0.00266,\n    \"109\": 0.03717,\n    \"110\": 0.00531,\n    \"111\": 0.00266,\n    \"112\": 0.01062,\n    \"113\": 0.01859,\n    \"114\": 0.01062,\n    \"115\": 0.01859,\n    \"116\": 0.00797,\n    \"117\": 0.03186,\n    \"118\": 0.02655,\n    \"119\": 0.03452,\n    \"120\": 0.06372,\n    \"121\": 0.06107,\n    \"122\": 0.38763,\n    \"123\": 2.8382,\n    \"124\": 1.15758,\n    _: \"79 80 83 86 87 88 91 93 94 95 96 97 98 101 102 106\"\n  },\n  E: {\n    \"11\": 0.00266,\n    \"13\": 0.00266,\n    \"14\": 0.00797,\n    \"15\": 0.01062,\n    _: \"0 4 5 6 7 8 9 10 12 3.1 3.2 5.1 6.1 7.1 10.1 11.1 17.5\",\n    \"9.1\": 0.00266,\n    \"12.1\": 0.00266,\n    \"13.1\": 0.00266,\n    \"14.1\": 0.077,\n    \"15.1\": 0.00531,\n    \"15.2-15.3\": 0.00266,\n    \"15.4\": 0.00266,\n    \"15.5\": 0.00266,\n    \"15.6\": 0.06638,\n    \"16.0\": 0.00266,\n    \"16.1\": 0.00797,\n    \"16.2\": 0.0239,\n    \"16.3\": 0.02921,\n    \"16.4\": 0.00266,\n    \"16.5\": 0.00531,\n    \"16.6\": 0.08496,\n    \"17.0\": 0.00797,\n    \"17.1\": 0.01593,\n    \"17.2\": 0.04514,\n    \"17.3\": 0.07434,\n    \"17.4\": 0.21506\n  },\n  G: {\n    \"8\": 0,\n    \"3.2\": 0,\n    \"4.0-4.1\": 0,\n    \"4.2-4.3\": 0.00098,\n    \"5.0-5.1\": 0.00098,\n    \"6.0-6.1\": 0.00246,\n    \"7.0-7.1\": 0.00393,\n    \"8.1-8.4\": 0.00098,\n    \"9.0-9.2\": 0.00246,\n    \"9.3\": 0.01228,\n    \"10.0-10.2\": 0.00246,\n    \"10.3\": 0.01966,\n    \"11.0-11.2\": 0.01671,\n    \"11.3-11.4\": 0.00491,\n    \"12.0-12.1\": 0.00344,\n    \"12.2-12.5\": 0.0801,\n    \"13.0-13.1\": 0.00147,\n    \"13.2\": 0.01622,\n    \"13.3\": 0.00393,\n    \"13.4-13.7\": 0.01523,\n    \"14.0-14.4\": 0.02997,\n    \"14.5-14.8\": 0.0457,\n    \"15.0-15.1\": 0.02113,\n    \"15.2-15.3\": 0.02408,\n    \"15.4\": 0.02752,\n    \"15.5\": 0.03489,\n    \"15.6-15.8\": 0.30466,\n    \"16.0\": 0.07125,\n    \"16.1\": 0.1484,\n    \"16.2\": 0.07125,\n    \"16.3\": 0.12579,\n    \"16.4\": 0.02604,\n    \"16.5\": 0.05454,\n    \"16.6-16.7\": 0.43094,\n    \"17.0\": 0.05159,\n    \"17.1\": 0.09533,\n    \"17.2\": 0.12678,\n    \"17.3\": 0.92478,\n    \"17.4\": 2.08738,\n    \"17.5\": 0.01916\n  },\n  P: {\n    \"4\": 0.11433,\n    \"20\": 0.02079,\n    \"21\": 0.11433,\n    \"22\": 0.11433,\n    \"23\": 0.39495,\n    \"24\": 1.34074,\n    \"5.0-5.4\": 0.01039,\n    _: \"6.2-6.4 8.2 9.2 10.1 15.0\",\n    \"7.2-7.4\": 0.20787,\n    \"11.1-11.2\": 0.01039,\n    \"12.0\": 0.01039,\n    \"13.0\": 0.02079,\n    \"14.0\": 0.01039,\n    \"16.0\": 0.04157,\n    \"17.0\": 0.02079,\n    \"18.0\": 0.02079,\n    \"19.0\": 0.10393\n  },\n  I: {\n    \"0\": 0.22676,\n    \"3\": 0,\n    \"4\": 0.00002,\n    \"2.1\": 0,\n    \"2.2\": 0,\n    \"2.3\": 0,\n    \"4.1\": 0.00005,\n    \"4.2-4.3\": 0.00014,\n    \"4.4\": 0,\n    \"4.4.3-4.4.4\": 0.00057\n  },\n  A: {\n    \"10\": 0.00531,\n    \"11\": 0.02124,\n    _: \"6 7 8 9 5.5\"\n  },\n  K: {\n    \"0\": 7.60507,\n    _: \"10 11 12 11.1 11.5 12.1\"\n  },\n  J: {\n    _: \"7 10\"\n  },\n  N: {\n    _: \"10 11\"\n  },\n  S: {\n    _: \"2.5 3.0-3.1\"\n  },\n  Q: {\n    \"14.9\": 0.07345\n  },\n  O: {\n    \"0\": 0.91813\n  },\n  H: {\n    \"0\": 1.04\n  },\n  L: {\n    \"0\": 60.43927\n  },\n  R: {\n    _: \"0\"\n  },\n  M: {\n    \"0\": 0.17628\n  }\n};","map":{"version":3,"names":["module","exports","C","_","D","F","B","E","G","P","I","A","K","J","N","S","Q","O","H","L","R","M"],"sources":["C:/Users/chest/OneDrive/Documentos/GitHub/HackUPC/frontend/node_modules/caniuse-lite/data/regions/ZW.js"],