{"ast":null,"code":"module.exports = {\n  C: {\n    \"34\": 0.03084,\n    \"52\": 0.00881,\n    \"78\": 0.00441,\n    \"88\": 0.01322,\n    \"102\": 0.00441,\n    \"103\": 0.00441,\n    \"115\": 0.16743,\n    \"119\": 0.00441,\n    \"121\": 0.00441,\n    \"122\": 0.00881,\n    \"123\": 0.01762,\n    \"124\": 0.4406,\n    \"125\": 0.22911,\n    _: \"2 3 4 5 6 7 8 9 10 11 12 13 14 15 16 17 18 19 20 21 22 23 24 25 26 27 28 29 30 31 32 33 35 36 37 38 39 40 41 42 43 44 45 46 47 48 49 50 51 53 54 55 56 57 58 59 60 61 62 63 64 65 66 67 68 69 70 71 72 73 74 75 76 77 79 80 81 82 83 84 85 86 87 89 90 91 92 93 94 95 96 97 98 99 100 101 104 105 106 107 108 109 110 111 112 113 114 116 117 118 120 126 127 128 3.5 3.6\"\n  },\n  D: {\n    \"11\": 0.00881,\n    \"26\": 0.00441,\n    \"30\": 0.00881,\n    \"33\": 0.01322,\n    \"34\": 0.02203,\n    \"38\": 0.07931,\n    \"45\": 0.00441,\n    \"49\": 0.03525,\n    \"53\": 0.05287,\n    \"55\": 0.00441,\n    \"56\": 0.01762,\n    \"61\": 0.04847,\n    \"63\": 0.00441,\n    \"64\": 0.00441,\n    \"65\": 0.00881,\n    \"66\": 0.00881,\n    \"67\": 0.00881,\n    \"68\": 0.00441,\n    \"69\": 0.00441,\n    \"70\": 0.00441,\n    \"71\": 0.00881,\n    \"72\": 0.00441,\n    \"73\": 0.02644,\n    \"74\": 0.02203,\n    \"75\": 0.00441,\n    \"76\": 0.00881,\n    \"77\": 0.01322,\n    \"78\": 0.00441,\n    \"79\": 0.45822,\n    \"80\": 0.00881,\n    \"81\": 0.02203,\n    \"83\": 0.02203,\n    \"84\": 0.00441,\n    \"85\": 0.00441,\n    \"86\": 0.01322,\n    \"87\": 0.32164,\n    \"88\": 0.00881,\n    \"89\": 0.01322,\n    \"90\": 0.00881,\n    \"91\": 0.00441,\n    \"92\": 0.00441,\n    \"93\": 0.00441,\n    \"94\": 0.0749,\n    \"95\": 0.01322,\n    \"96\": 0.01322,\n    \"97\": 0.02203,\n    \"98\": 0.00881,\n    \"99\": 0.01762,\n    \"100\": 0.00881,\n    \"101\": 0.01762,\n    \"102\": 0.02644,\n    \"103\": 0.0705,\n    \"104\": 0.02203,\n    \"105\": 0.01322,\n    \"106\": 0.01762,\n    \"107\": 0.01322,\n    \"108\": 0.04406,\n    \"109\": 3.41465,\n    \"110\": 0.01322,\n    \"111\": 0.01762,\n    \"112\": 0.01322,\n    \"113\": 0.00881,\n    \"114\": 0.02644,\n    \"115\": 0.01762,\n    \"116\": 0.14099,\n    \"117\": 0.02203,\n    \"118\": 0.03525,\n    \"119\": 0.10574,\n    \"120\": 0.1454,\n    \"121\": 0.19827,\n    \"122\": 0.79749,\n    \"123\": 17.05122,\n    \"124\": 6.93945,\n    \"125\": 0.02644,\n    \"126\": 0.00441,\n    _: \"4 5 6 7 8 9 10 12 13 14 15 16 17 18 19 20 21 22 23 24 25 27 28 29 31 32 35 36 37 39 40 41 42 43 44 46 47 48 50 51 52 54 57 58 59 60 62 127\"\n  },\n  F: {\n    \"28\": 0.01322,\n    \"36\": 0.01762,\n    \"40\": 0.00441,\n    \"46\": 0.10574,\n    \"95\": 0.01762,\n    \"107\": 0.01762,\n    \"108\": 0.08371,\n    \"109\": 0.02203,\n    _: \"9 11 12 15 16 17 18 19 20 21 22 23 24 25 26 27 29 30 31 32 33 34 35 37 38 39 41 42 43 44 45 47 48 49 50 51 52 53 54 55 56 57 58 60 62 63 64 65 66 67 68 69 70 71 72 73 74 75 76 77 78 79 80 81 82 83 84 85 86 87 88 89 90 91 92 93 94 96 97 98 99 100 101 102 103 104 105 106 9.5-9.6 10.0-10.1 10.5 10.6 11.1 11.5 11.6 12.1\"\n  },\n  B: {\n    \"14\": 0.00441,\n    \"17\": 0.00441,\n    \"18\": 0.00881,\n    \"84\": 0.00441,\n    \"92\": 0.00441,\n    \"98\": 0.00441,\n    \"106\": 0.00441,\n    \"107\": 0.00441,\n    \"108\": 0.00441,\n    \"109\": 0.09253,\n    \"110\": 0.00441,\n    \"111\": 0.00441,\n    \"112\": 0.00441,\n    \"113\": 0.00881,\n    \"114\": 0.00441,\n    \"115\": 0.00881,\n    \"116\": 0.00441,\n    \"117\": 0.00441,\n    \"118\": 0.00881,\n    \"119\": 0.01322,\n    \"120\": 0.02203,\n    \"121\": 0.02203,\n    \"122\": 0.14099,\n    \"123\": 2.58192,\n    \"124\": 1.2513,\n    _: \"12 13 15 16 79 80 81 83 85 86 87 88 89 90 91 93 94 95 96 97 99 100 101 102 103 104 105\"\n  },\n  E: {\n    \"13\": 0.03525,\n    \"14\": 0.11015,\n    \"15\": 0.01762,\n    _: \"0 4 5 6 7 8 9 10 11 12 3.1 3.2 5.1 6.1 7.1 9.1 10.1\",\n    \"11.1\": 0.00441,\n    \"12.1\": 0.02203,\n    \"13.1\": 0.08812,\n    \"14.1\": 0.2952,\n    \"15.1\": 0.03525,\n    \"15.2-15.3\": 0.02644,\n    \"15.4\": 0.10574,\n    \"15.5\": 0.17183,\n    \"15.6\": 0.62565,\n    \"16.0\": 0.03525,\n    \"16.1\": 0.13659,\n    \"16.2\": 0.09253,\n    \"16.3\": 0.25995,\n    \"16.4\": 0.05728,\n    \"16.5\": 0.15862,\n    \"16.6\": 0.86358,\n    \"17.0\": 0.04406,\n    \"17.1\": 0.20268,\n    \"17.2\": 0.26877,\n    \"17.3\": 1.06185,\n    \"17.4\": 1.96948,\n    \"17.5\": 0.00441\n  },\n  G: {\n    \"8\": 0,\n    \"3.2\": 0,\n    \"4.0-4.1\": 0,\n    \"4.2-4.3\": 0.00521,\n    \"5.0-5.1\": 0.00521,\n    \"6.0-6.1\": 0.01303,\n    \"7.0-7.1\": 0.02086,\n    \"8.1-8.4\": 0.00521,\n    \"9.0-9.2\": 0.01303,\n    \"9.3\": 0.06517,\n    \"10.0-10.2\": 0.01303,\n    \"10.3\": 0.10428,\n    \"11.0-11.2\": 0.08863,\n    \"11.3-11.4\": 0.02607,\n    \"12.0-12.1\": 0.01825,\n    \"12.2-12.5\": 0.42492,\n    \"13.0-13.1\": 0.00782,\n    \"13.2\": 0.08603,\n    \"13.3\": 0.02086,\n    \"13.4-13.7\": 0.08081,\n    \"14.0-14.4\": 0.15902,\n    \"14.5-14.8\": 0.24244,\n    \"15.0-15.1\": 0.1121,\n    \"15.2-15.3\": 0.12774,\n    \"15.4\": 0.14599,\n    \"15.5\": 0.18509,\n    \"15.6-15.8\": 1.61628,\n    \"16.0\": 0.378,\n    \"16.1\": 0.78728,\n    \"16.2\": 0.378,\n    \"16.3\": 0.66737,\n    \"16.4\": 0.13817,\n    \"16.5\": 0.28937,\n    \"16.6-16.7\": 2.28625,\n    \"17.0\": 0.27372,\n    \"17.1\": 0.50574,\n    \"17.2\": 0.67258,\n    \"17.3\": 4.90618,\n    \"17.4\": 11.0741,\n    \"17.5\": 0.10167\n  },\n  P: {\n    \"4\": 0.68693,\n    \"20\": 0.0458,\n    \"21\": 0.08014,\n    \"22\": 0.10304,\n    \"23\": 0.38926,\n    \"24\": 2.5302,\n    \"5.0-5.4\": 0.12594,\n    \"6.2-6.4\": 0.0458,\n    _: \"7.2-7.4 8.2 10.1\",\n    \"9.2\": 0.01145,\n    \"11.1-11.2\": 0.03435,\n    \"12.0\": 0.01145,\n    \"13.0\": 0.03435,\n    \"14.0\": 0.01145,\n    \"15.0\": 0.01145,\n    \"16.0\": 0.0229,\n    \"17.0\": 0.0458,\n    \"18.0\": 0.0229,\n    \"19.0\": 0.03435\n  },\n  I: {\n    \"0\": 0.01671,\n    \"3\": 0,\n    \"4\": 0,\n    \"2.1\": 0,\n    \"2.2\": 0,\n    \"2.3\": 0,\n    \"4.1\": 0,\n    \"4.2-4.3\": 0.00001,\n    \"4.4\": 0,\n    \"4.4.3-4.4.4\": 0.00004\n  },\n  A: {\n    \"8\": 0.00716,\n    \"11\": 0.1074,\n    _: \"6 7 9 10 5.5\"\n  },\n  K: {\n    \"0\": 0.16779,\n    _: \"10 11 12 11.1 11.5 12.1\"\n  },\n  J: {\n    _: \"7 10\"\n  },\n  N: {\n    _: \"10 11\"\n  },\n  S: {\n    _: \"2.5 3.0-3.1\"\n  },\n  Q: {\n    \"14.9\": 0.00559\n  },\n  O: {\n    \"0\": 0.08949\n  },\n  H: {\n    \"0\": 0\n  },\n  L: {\n    \"0\": 25.73514\n  },\n  R: {\n    _: \"0\"\n  },\n  M: {\n    \"0\": 0.12305\n  }\n};","map":{"version":3,"names":["module","exports","C","_","D","F","B","E","G","P","I","A","K","J","N","S","Q","O","H","L","R","M"],"sources":["C:/Users/chest/OneDrive/Documentos/GitHub/HackUPC/frontend/node_modules/caniuse-lite/data/regions/TW.js"],