{"ast":null,"code":"module.exports = {\n  C: {\n    \"12\": 0.01142,\n    \"52\": 0.00381,\n    \"66\": 0.0019,\n    \"68\": 0.00761,\n    \"78\": 0.00571,\n    \"88\": 0.00381,\n    \"91\": 0.00381,\n    \"102\": 0.0019,\n    \"107\": 0.0019,\n    \"115\": 0.16556,\n    \"118\": 0.0019,\n    \"121\": 0.00381,\n    \"122\": 0.00952,\n    \"123\": 0.03045,\n    \"124\": 0.48907,\n    \"125\": 0.20172,\n    \"126\": 0.0019,\n    _: \"2 3 4 5 6 7 8 9 10 11 13 14 15 16 17 18 19 20 21 22 23 24 25 26 27 28 29 30 31 32 33 34 35 36 37 38 39 40 41 42 43 44 45 46 47 48 49 50 51 53 54 55 56 57 58 59 60 61 62 63 64 65 67 69 70 71 72 73 74 75 76 77 79 80 81 82 83 84 85 86 87 89 90 92 93 94 95 96 97 98 99 100 101 103 104 105 106 108 109 110 111 112 113 114 116 117 119 120 127 128 3.5 3.6\"\n  },\n  D: {\n    \"11\": 0.0019,\n    \"34\": 0.00952,\n    \"38\": 0.00571,\n    \"43\": 0.0019,\n    \"49\": 0.00571,\n    \"55\": 0.0019,\n    \"56\": 0.0019,\n    \"58\": 0.10467,\n    \"60\": 0.0019,\n    \"63\": 0.0019,\n    \"65\": 0.00571,\n    \"66\": 0.0019,\n    \"67\": 0.01713,\n    \"68\": 0.00952,\n    \"69\": 0.0019,\n    \"73\": 0.00571,\n    \"74\": 0.00571,\n    \"75\": 0.0019,\n    \"76\": 0.0019,\n    \"77\": 0.00571,\n    \"79\": 0.00952,\n    \"81\": 0.00571,\n    \"83\": 0.02474,\n    \"84\": 0.00761,\n    \"86\": 0.00952,\n    \"87\": 0.02855,\n    \"88\": 0.02474,\n    \"89\": 0.0019,\n    \"90\": 0.0019,\n    \"91\": 0.04187,\n    \"92\": 0.00381,\n    \"93\": 0.0019,\n    \"94\": 0.0019,\n    \"95\": 0.01142,\n    \"96\": 0.00571,\n    \"97\": 0.0019,\n    \"98\": 0.05138,\n    \"99\": 0.00761,\n    \"100\": 0.00381,\n    \"101\": 0.0019,\n    \"102\": 0.00571,\n    \"103\": 0.03996,\n    \"104\": 0.0019,\n    \"105\": 0.00381,\n    \"106\": 0.00381,\n    \"107\": 0.00571,\n    \"108\": 0.01713,\n    \"109\": 1.31307,\n    \"110\": 0.00571,\n    \"111\": 0.00571,\n    \"112\": 0.00761,\n    \"113\": 0.00571,\n    \"114\": 0.00571,\n    \"115\": 0.01522,\n    \"116\": 0.09325,\n    \"117\": 0.00761,\n    \"118\": 0.00761,\n    \"119\": 0.04758,\n    \"120\": 0.1294,\n    \"121\": 0.08564,\n    \"122\": 0.34064,\n    \"123\": 6.07628,\n    \"124\": 2.64327,\n    \"125\": 0.01522,\n    \"126\": 0.00381,\n    _: \"4 5 6 7 8 9 10 12 13 14 15 16 17 18 19 20 21 22 23 24 25 26 27 28 29 30 31 32 33 35 36 37 39 40 41 42 44 45 46 47 48 50 51 52 53 54 57 59 61 62 64 70 71 72 78 80 85 127\"\n  },\n  F: {\n    \"40\": 0.0019,\n    \"79\": 0.01332,\n    \"82\": 0.00381,\n    \"86\": 0.00381,\n    \"95\": 0.01903,\n    \"102\": 0.0019,\n    \"107\": 0.20172,\n    \"108\": 0.10467,\n    \"109\": 0.05899,\n    _: \"9 11 12 15 16 17 18 19 20 21 22 23 24 25 26 27 28 29 30 31 32 33 34 35 36 37 38 39 41 42 43 44 45 46 47 48 49 50 51 52 53 54 55 56 57 58 60 62 63 64 65 66 67 68 69 70 71 72 73 74 75 76 77 78 80 81 83 84 85 87 88 89 90 91 92 93 94 96 97 98 99 100 101 103 104 105 106 9.5-9.6 10.0-10.1 10.5 10.6 11.1 11.5 11.6 12.1\"\n  },\n  B: {\n    \"12\": 0.0019,\n    \"14\": 0.0019,\n    \"15\": 0.0019,\n    \"16\": 0.0019,\n    \"17\": 0.0019,\n    \"18\": 0.00761,\n    \"84\": 0.0019,\n    \"89\": 0.0019,\n    \"90\": 0.0019,\n    \"92\": 0.01332,\n    \"98\": 0.0019,\n    \"100\": 0.0019,\n    \"109\": 0.03806,\n    \"114\": 0.00571,\n    \"116\": 0.0019,\n    \"117\": 0.0019,\n    \"118\": 0.0019,\n    \"119\": 0.00952,\n    \"120\": 0.00761,\n    \"121\": 0.01332,\n    \"122\": 0.11228,\n    \"123\": 1.12277,\n    \"124\": 0.51381,\n    _: \"13 79 80 81 83 85 86 87 88 91 93 94 95 96 97 99 101 102 103 104 105 106 107 108 110 111 112 113 115\"\n  },\n  E: {\n    \"13\": 0.0019,\n    \"14\": 0.00761,\n    \"15\": 0.0019,\n    _: \"0 4 5 6 7 8 9 10 11 12 3.1 3.2 6.1 7.1 9.1 10.1 11.1\",\n    \"5.1\": 0.00571,\n    \"12.1\": 0.0019,\n    \"13.1\": 0.03235,\n    \"14.1\": 0.04948,\n    \"15.1\": 0.0019,\n    \"15.2-15.3\": 0.01142,\n    \"15.4\": 0.00761,\n    \"15.5\": 0.05328,\n    \"15.6\": 0.07993,\n    \"16.0\": 0.00381,\n    \"16.1\": 0.01713,\n    \"16.2\": 0.01522,\n    \"16.3\": 0.03045,\n    \"16.4\": 0.00761,\n    \"16.5\": 0.01713,\n    \"16.6\": 0.15034,\n    \"17.0\": 0.01713,\n    \"17.1\": 0.03806,\n    \"17.2\": 0.05899,\n    \"17.3\": 0.1275,\n    \"17.4\": 0.42627,\n    \"17.5\": 0.00381\n  },\n  G: {\n    \"8\": 0,\n    \"3.2\": 0,\n    \"4.0-4.1\": 0,\n    \"4.2-4.3\": 0.00297,\n    \"5.0-5.1\": 0.00297,\n    \"6.0-6.1\": 0.00743,\n    \"7.0-7.1\": 0.01189,\n    \"8.1-8.4\": 0.00297,\n    \"9.0-9.2\": 0.00743,\n    \"9.3\": 0.03717,\n    \"10.0-10.2\": 0.00743,\n    \"10.3\": 0.05947,\n    \"11.0-11.2\": 0.05055,\n    \"11.3-11.4\": 0.01487,\n    \"12.0-12.1\": 0.01041,\n    \"12.2-12.5\": 0.24235,\n    \"13.0-13.1\": 0.00446,\n    \"13.2\": 0.04906,\n    \"13.3\": 0.01189,\n    \"13.4-13.7\": 0.04609,\n    \"14.0-14.4\": 0.09069,\n    \"14.5-14.8\": 0.13827,\n    \"15.0-15.1\": 0.06393,\n    \"15.2-15.3\": 0.07285,\n    \"15.4\": 0.08326,\n    \"15.5\": 0.10556,\n    \"15.6-15.8\": 0.92181,\n    \"16.0\": 0.21558,\n    \"16.1\": 0.44901,\n    \"16.2\": 0.21558,\n    \"16.3\": 0.38062,\n    \"16.4\": 0.0788,\n    \"16.5\": 0.16503,\n    \"16.6-16.7\": 1.30392,\n    \"17.0\": 0.15611,\n    \"17.1\": 0.28844,\n    \"17.2\": 0.38359,\n    \"17.3\": 2.79814,\n    \"17.4\": 6.3159,\n    \"17.5\": 0.05798\n  },\n  P: {\n    \"4\": 0.24496,\n    \"20\": 0.05103,\n    \"21\": 0.23476,\n    \"22\": 0.296,\n    \"23\": 0.57158,\n    \"24\": 4.71551,\n    \"5.0-5.4\": 0.03062,\n    \"6.2-6.4\": 0.04083,\n    \"7.2-7.4\": 0.43889,\n    _: \"8.2 10.1\",\n    \"9.2\": 0.01021,\n    \"11.1-11.2\": 0.05103,\n    \"12.0\": 0.01021,\n    \"13.0\": 0.06124,\n    \"14.0\": 0.04083,\n    \"15.0\": 0.03062,\n    \"16.0\": 0.07145,\n    \"17.0\": 0.1531,\n    \"18.0\": 0.03062,\n    \"19.0\": 0.08165\n  },\n  I: {\n    \"0\": 0.08871,\n    \"3\": 0,\n    \"4\": 0.00001,\n    \"2.1\": 0,\n    \"2.2\": 0,\n    \"2.3\": 0,\n    \"4.1\": 0.00002,\n    \"4.2-4.3\": 0.00005,\n    \"4.4\": 0,\n    \"4.4.3-4.4.4\": 0.00022\n  },\n  A: {\n    \"11\": 0.21694,\n    _: \"6 7 8 9 10 5.5\"\n  },\n  K: {\n    \"0\": 0.70453,\n    _: \"10 11 12 11.1 11.5 12.1\"\n  },\n  J: {\n    _: \"7 10\"\n  },\n  N: {\n    _: \"10 11\"\n  },\n  S: {\n    _: \"2.5 3.0-3.1\"\n  },\n  Q: {\n    _: \"14.9\"\n  },\n  O: {\n    \"0\": 0.25104\n  },\n  H: {\n    \"0\": 0\n  },\n  L: {\n    \"0\": 60.16866\n  },\n  R: {\n    _: \"0\"\n  },\n  M: {\n    \"0\": 0.12957\n  }\n};","map":{"version":3,"names":["module","exports","C","_","D","F","B","E","G","P","I","A","K","J","N","S","Q","O","H","L","R","M"],"sources":["C:/Users/chest/OneDrive/Documentos/GitHub/HackUPC/frontend/node_modules/caniuse-lite/data/regions/LB.js"],