{"ast":null,"code":"module.exports = {\n  C: {\n    \"34\": 0.00527,\n    \"47\": 0.00527,\n    \"48\": 0.01054,\n    \"50\": 0.13173,\n    \"52\": 0.16861,\n    \"53\": 0.13699,\n    \"56\": 0.12646,\n    \"68\": 0.01581,\n    \"72\": 0.00527,\n    \"78\": 0.03688,\n    \"88\": 0.00527,\n    \"91\": 0.00527,\n    \"92\": 0.00527,\n    \"93\": 0.00527,\n    \"94\": 0.00527,\n    \"96\": 0.02108,\n    \"102\": 0.02635,\n    \"103\": 0.01054,\n    \"104\": 0.01054,\n    \"106\": 0.00527,\n    \"107\": 0.01054,\n    \"108\": 0.00527,\n    \"109\": 0.02108,\n    \"110\": 0.00527,\n    \"111\": 0.00527,\n    \"112\": 0.01054,\n    \"113\": 0.01054,\n    \"114\": 0.01581,\n    \"115\": 1.14864,\n    \"116\": 0.00527,\n    \"117\": 0.04742,\n    \"118\": 0.01581,\n    \"119\": 0.01054,\n    \"120\": 0.01054,\n    \"121\": 0.02108,\n    \"122\": 0.04742,\n    \"123\": 0.1528,\n    \"124\": 3.87272,\n    \"125\": 2.20771,\n    \"126\": 0.00527,\n    _: \"2 3 4 5 6 7 8 9 10 11 12 13 14 15 16 17 18 19 20 21 22 23 24 25 26 27 28 29 30 31 32 33 35 36 37 38 39 40 41 42 43 44 45 46 49 51 54 55 57 58 59 60 61 62 63 64 65 66 67 69 70 71 73 74 75 76 77 79 80 81 82 83 84 85 86 87 89 90 95 97 98 99 100 101 105 127 128 3.5 3.6\"\n  },\n  D: {\n    \"22\": 0.00527,\n    \"38\": 0.01054,\n    \"42\": 0.01581,\n    \"46\": 0.00527,\n    \"47\": 0.00527,\n    \"49\": 0.01581,\n    \"51\": 0.00527,\n    \"56\": 0.01054,\n    \"70\": 0.00527,\n    \"75\": 0.00527,\n    \"79\": 0.09484,\n    \"80\": 0.02108,\n    \"81\": 0.00527,\n    \"83\": 0.00527,\n    \"84\": 0.00527,\n    \"85\": 0.00527,\n    \"86\": 1.08541,\n    \"87\": 0.0843,\n    \"88\": 0.01054,\n    \"89\": 0.01054,\n    \"90\": 0.02108,\n    \"91\": 0.02635,\n    \"93\": 0.01054,\n    \"94\": 0.00527,\n    \"96\": 0.00527,\n    \"99\": 0.01581,\n    \"100\": 1.10649,\n    \"101\": 2.1761,\n    \"102\": 1.09595,\n    \"103\": 1.15391,\n    \"104\": 1.14337,\n    \"105\": 0.02108,\n    \"106\": 0.01054,\n    \"107\": 0.01054,\n    \"108\": 0.03688,\n    \"109\": 0.88519,\n    \"110\": 0.01054,\n    \"111\": 0.01581,\n    \"112\": 0.02635,\n    \"113\": 0.10011,\n    \"114\": 0.11065,\n    \"115\": 0.02635,\n    \"116\": 0.13173,\n    \"117\": 0.01581,\n    \"118\": 0.13173,\n    \"119\": 0.06323,\n    \"120\": 0.1528,\n    \"121\": 0.22657,\n    \"122\": 1.15918,\n    \"123\": 11.34943,\n    \"124\": 4.48919,\n    \"125\": 0.01054,\n    _: \"4 5 6 7 8 9 10 11 12 13 14 15 16 17 18 19 20 21 23 24 25 26 27 28 29 30 31 32 33 34 35 36 37 39 40 41 43 44 45 48 50 52 53 54 55 57 58 59 60 61 62 63 64 65 66 67 68 69 71 72 73 74 76 77 78 92 95 97 98 126 127\"\n  },\n  F: {\n    \"46\": 0.00527,\n    \"71\": 0.02108,\n    \"85\": 0.03161,\n    \"94\": 0.00527,\n    \"95\": 0.04742,\n    \"102\": 0.01581,\n    \"104\": 0.01054,\n    \"106\": 0.19495,\n    \"107\": 1.40682,\n    \"108\": 0.75874,\n    \"109\": 0.34249,\n    _: \"9 11 12 15 16 17 18 19 20 21 22 23 24 25 26 27 28 29 30 31 32 33 34 35 36 37 38 39 40 41 42 43 44 45 47 48 49 50 51 52 53 54 55 56 57 58 60 62 63 64 65 66 67 68 69 70 72 73 74 75 76 77 78 79 80 81 82 83 84 86 87 88 89 90 91 92 93 96 97 98 99 100 101 103 105 9.5-9.6 10.0-10.1 10.5 10.6 11.1 11.5 11.6 12.1\"\n  },\n  B: {\n    \"18\": 0.00527,\n    \"91\": 0.04215,\n    \"92\": 0.00527,\n    \"107\": 0.00527,\n    \"108\": 0.00527,\n    \"109\": 0.14753,\n    \"110\": 0.01054,\n    \"111\": 0.00527,\n    \"112\": 0.00527,\n    \"113\": 0.01054,\n    \"114\": 0.01581,\n    \"115\": 0.00527,\n    \"116\": 0.01054,\n    \"117\": 0.01054,\n    \"118\": 0.00527,\n    \"119\": 0.02635,\n    \"120\": 0.06323,\n    \"121\": 0.06323,\n    \"122\": 0.43206,\n    \"123\": 5.11093,\n    \"124\": 2.50278,\n    _: \"12 13 14 15 16 17 79 80 81 83 84 85 86 87 88 89 90 93 94 95 96 97 98 99 100 101 102 103 104 105 106\"\n  },\n  E: {\n    \"9\": 0.01054,\n    \"13\": 0.01054,\n    \"14\": 0.04742,\n    \"15\": 0.02635,\n    _: \"0 4 5 6 7 8 10 11 12 3.1 3.2 5.1 6.1 7.1 10.1\",\n    \"9.1\": 0.00527,\n    \"11.1\": 0.01581,\n    \"12.1\": 0.01581,\n    \"13.1\": 0.11065,\n    \"14.1\": 0.09484,\n    \"15.1\": 0.01581,\n    \"15.2-15.3\": 0.03688,\n    \"15.4\": 0.02635,\n    \"15.5\": 0.05269,\n    \"15.6\": 0.36883,\n    \"16.0\": 0.06323,\n    \"16.1\": 0.07377,\n    \"16.2\": 0.0843,\n    \"16.3\": 0.13173,\n    \"16.4\": 0.04215,\n    \"16.5\": 0.08957,\n    \"16.6\": 0.43733,\n    \"17.0\": 0.0685,\n    \"17.1\": 0.14753,\n    \"17.2\": 0.26872,\n    \"17.3\": 0.46894,\n    \"17.4\": 1.91265,\n    \"17.5\": 0.01054\n  },\n  G: {\n    \"8\": 0,\n    \"3.2\": 0,\n    \"4.0-4.1\": 0,\n    \"4.2-4.3\": 0.00316,\n    \"5.0-5.1\": 0.00316,\n    \"6.0-6.1\": 0.0079,\n    \"7.0-7.1\": 0.01263,\n    \"8.1-8.4\": 0.00316,\n    \"9.0-9.2\": 0.0079,\n    \"9.3\": 0.03948,\n    \"10.0-10.2\": 0.0079,\n    \"10.3\": 0.06317,\n    \"11.0-11.2\": 0.05369,\n    \"11.3-11.4\": 0.01579,\n    \"12.0-12.1\": 0.01105,\n    \"12.2-12.5\": 0.25741,\n    \"13.0-13.1\": 0.00474,\n    \"13.2\": 0.05211,\n    \"13.3\": 0.01263,\n    \"13.4-13.7\": 0.04896,\n    \"14.0-14.4\": 0.09633,\n    \"14.5-14.8\": 0.14687,\n    \"15.0-15.1\": 0.06791,\n    \"15.2-15.3\": 0.07738,\n    \"15.4\": 0.08844,\n    \"15.5\": 0.11212,\n    \"15.6-15.8\": 0.97911,\n    \"16.0\": 0.22899,\n    \"16.1\": 0.47692,\n    \"16.2\": 0.22899,\n    \"16.3\": 0.40428,\n    \"16.4\": 0.0837,\n    \"16.5\": 0.17529,\n    \"16.6-16.7\": 1.38497,\n    \"17.0\": 0.16582,\n    \"17.1\": 0.30637,\n    \"17.2\": 0.40744,\n    \"17.3\": 2.97207,\n    \"17.4\": 6.70847,\n    \"17.5\": 0.06159\n  },\n  P: {\n    \"4\": 0.21261,\n    \"20\": 0.03189,\n    \"21\": 0.07441,\n    \"22\": 0.04252,\n    \"23\": 0.31891,\n    \"24\": 3.33791,\n    \"5.0-5.4\": 0.01063,\n    \"6.2-6.4\": 0.01063,\n    \"7.2-7.4\": 0.01063,\n    _: \"8.2 9.2 10.1 11.1-11.2 12.0 16.0\",\n    \"13.0\": 0.01063,\n    \"14.0\": 0.01063,\n    \"15.0\": 0.01063,\n    \"17.0\": 0.01063,\n    \"18.0\": 0.01063,\n    \"19.0\": 0.01063\n  },\n  I: {\n    \"0\": 0.0801,\n    \"3\": 0,\n    \"4\": 0.00001,\n    \"2.1\": 0,\n    \"2.2\": 0,\n    \"2.3\": 0,\n    \"4.1\": 0.00002,\n    \"4.2-4.3\": 0.00005,\n    \"4.4\": 0,\n    \"4.4.3-4.4.4\": 0.0002\n  },\n  A: {\n    \"8\": 0.01653,\n    \"9\": 0.01102,\n    \"11\": 0.09364,\n    _: \"6 7 10 5.5\"\n  },\n  K: {\n    \"0\": 0.49202,\n    _: \"10 11 12 11.1 11.5 12.1\"\n  },\n  J: {\n    _: \"7 10\"\n  },\n  N: {\n    _: \"10 11\"\n  },\n  S: {\n    \"2.5\": 0.00473,\n    _: \"3.0-3.1\"\n  },\n  Q: {\n    _: \"14.9\"\n  },\n  O: {\n    \"0\": 0.07097\n  },\n  H: {\n    \"0\": 0\n  },\n  L: {\n    \"0\": 25.66831\n  },\n  R: {\n    _: \"0\"\n  },\n  M: {\n    \"0\": 0.90362\n  }\n};","map":{"version":3,"names":["module","exports","C","_","D","F","B","E","G","P","I","A","K","J","N","S","Q","O","H","L","R","M"],"sources":["C:/Users/chest/OneDrive/Documentos/GitHub/HackUPC/frontend/node_modules/caniuse-lite/data/regions/AT.js"],