{"ast":null,"code":"module.exports = {\n  C: {\n    \"78\": 0.47572,\n    \"115\": 0.19351,\n    \"123\": 0.00806,\n    \"124\": 0.87887,\n    \"125\": 0.4354,\n    _: \"2 3 4 5 6 7 8 9 10 11 12 13 14 15 16 17 18 19 20 21 22 23 24 25 26 27 28 29 30 31 32 33 34 35 36 37 38 39 40 41 42 43 44 45 46 47 48 49 50 51 52 53 54 55 56 57 58 59 60 61 62 63 64 65 66 67 68 69 70 71 72 73 74 75 76 77 79 80 81 82 83 84 85 86 87 88 89 90 91 92 93 94 95 96 97 98 99 100 101 102 103 104 105 106 107 108 109 110 111 112 113 114 116 117 118 119 120 121 122 126 127 128 3.5 3.6\"\n  },\n  D: {\n    \"79\": 0.01613,\n    \"87\": 0.00806,\n    \"94\": 0.00806,\n    \"103\": 0.00806,\n    \"108\": 0.00806,\n    \"109\": 2.27377,\n    \"116\": 14.13444,\n    \"117\": 0.04032,\n    \"118\": 0.02419,\n    \"120\": 0.01613,\n    \"121\": 0.02419,\n    \"122\": 0.28221,\n    \"123\": 39.61352,\n    \"124\": 15.86798,\n    _: \"4 5 6 7 8 9 10 11 12 13 14 15 16 17 18 19 20 21 22 23 24 25 26 27 28 29 30 31 32 33 34 35 36 37 38 39 40 41 42 43 44 45 46 47 48 49 50 51 52 53 54 55 56 57 58 59 60 61 62 63 64 65 66 67 68 69 70 71 72 73 74 75 76 77 78 80 81 83 84 85 86 88 89 90 91 92 93 95 96 97 98 99 100 101 102 104 105 106 107 110 111 112 113 114 115 119 125 126 127\"\n  },\n  F: {\n    \"46\": 0.00806,\n    \"107\": 0.03225,\n    \"108\": 0.00806,\n    \"109\": 0.02419,\n    _: \"9 11 12 15 16 17 18 19 20 21 22 23 24 25 26 27 28 29 30 31 32 33 34 35 36 37 38 39 40 41 42 43 44 45 47 48 49 50 51 52 53 54 55 56 57 58 60 62 63 64 65 66 67 68 69 70 71 72 73 74 75 76 77 78 79 80 81 82 83 84 85 86 87 88 89 90 91 92 93 94 95 96 97 98 99 100 101 102 103 104 105 106 9.5-9.6 10.0-10.1 10.5 10.6 11.1 11.5 11.6 12.1\"\n  },\n  B: {\n    \"109\": 0.00806,\n    \"122\": 0.01613,\n    \"123\": 2.37052,\n    \"124\": 2.55597,\n    _: \"12 13 14 15 16 17 18 79 80 81 83 84 85 86 87 88 89 90 91 92 93 94 95 96 97 98 99 100 101 102 103 104 105 106 107 108 110 111 112 113 114 115 116 117 118 119 120 121\"\n  },\n  E: {\n    _: \"0 4 5 6 7 8 9 10 11 12 13 14 15 3.1 3.2 5.1 6.1 7.1 9.1 10.1 11.1 12.1 15.1 15.2-15.3 15.4 16.0 16.1 16.4 17.0 17.2 17.5\",\n    \"13.1\": 0.02419,\n    \"14.1\": 0.02419,\n    \"15.5\": 0.00806,\n    \"15.6\": 0.08869,\n    \"16.2\": 0.00806,\n    \"16.3\": 0.00806,\n    \"16.5\": 0.03225,\n    \"16.6\": 0.29027,\n    \"17.1\": 0.03225,\n    \"17.3\": 0.0645,\n    \"17.4\": 0.28221\n  },\n  G: {\n    \"8\": 0,\n    \"3.2\": 0,\n    \"4.0-4.1\": 0,\n    \"4.2-4.3\": 0.00099,\n    \"5.0-5.1\": 0.00099,\n    \"6.0-6.1\": 0.00248,\n    \"7.0-7.1\": 0.00397,\n    \"8.1-8.4\": 0.00099,\n    \"9.0-9.2\": 0.00248,\n    \"9.3\": 0.01239,\n    \"10.0-10.2\": 0.00248,\n    \"10.3\": 0.01983,\n    \"11.0-11.2\": 0.01685,\n    \"11.3-11.4\": 0.00496,\n    \"12.0-12.1\": 0.00347,\n    \"12.2-12.5\": 0.0808,\n    \"13.0-13.1\": 0.00149,\n    \"13.2\": 0.01636,\n    \"13.3\": 0.00397,\n    \"13.4-13.7\": 0.01537,\n    \"14.0-14.4\": 0.03024,\n    \"14.5-14.8\": 0.0461,\n    \"15.0-15.1\": 0.02131,\n    \"15.2-15.3\": 0.02429,\n    \"15.4\": 0.02776,\n    \"15.5\": 0.03519,\n    \"15.6-15.8\": 0.30732,\n    \"16.0\": 0.07187,\n    \"16.1\": 0.14969,\n    \"16.2\": 0.07187,\n    \"16.3\": 0.12689,\n    \"16.4\": 0.02627,\n    \"16.5\": 0.05502,\n    \"16.6-16.7\": 0.43471,\n    \"17.0\": 0.05205,\n    \"17.1\": 0.09616,\n    \"17.2\": 0.12789,\n    \"17.3\": 0.93287,\n    \"17.4\": 2.10564,\n    \"17.5\": 0.01933\n  },\n  P: {\n    \"4\": 0.01021,\n    \"23\": 0.01021,\n    \"24\": 1.3989,\n    _: \"20 21 22 5.0-5.4 6.2-6.4 7.2-7.4 8.2 9.2 10.1 11.1-11.2 12.0 13.0 14.0 15.0 16.0 17.0 18.0\",\n    \"19.0\": 0.03063\n  },\n  I: {\n    \"0\": 0.00579,\n    \"3\": 0,\n    \"4\": 0,\n    \"2.1\": 0,\n    \"2.2\": 0,\n    \"2.3\": 0,\n    \"4.1\": 0,\n    \"4.2-4.3\": 0,\n    \"4.4\": 0,\n    \"4.4.3-4.4.4\": 0.00001\n  },\n  A: {\n    \"11\": 0.00806,\n    _: \"6 7 8 9 10 5.5\"\n  },\n  K: {\n    \"0\": 0.00581,\n    _: \"10 11 12 11.1 11.5 12.1\"\n  },\n  J: {\n    _: \"7 10\"\n  },\n  N: {\n    _: \"10 11\"\n  },\n  S: {\n    _: \"2.5 3.0-3.1\"\n  },\n  Q: {\n    _: \"14.9\"\n  },\n  O: {\n    _: \"0\"\n  },\n  H: {\n    \"0\": 0\n  },\n  L: {\n    \"0\": 13.04726\n  },\n  R: {\n    _: \"0\"\n  },\n  M: {\n    \"0\": 0.13946\n  }\n};","map":{"version":3,"names":["module","exports","C","_","D","F","B","E","G","P","I","A","K","J","N","S","Q","O","H","L","R","M"],"sources":["C:/Users/chest/OneDrive/Documentos/GitHub/HackUPC/frontend/node_modules/caniuse-lite/data/regions/SM.js"],"sourcesContent":["module.exports={C:{\"78\":0.47572,\"115\":0.19351,\"123\":0.00806,\"124\":0.87887,\"125\":0.4354,_:\"2 3 4 5 6 7 8 9 10 11 12 13 14 15 16 17 18 19 20 21 22 23 24 25 26 27 28 29 30 31 32 33 34 35 36 37 38 39 40 41 42 43 44 45 46 47 48 49 50 51 52 53 54 55 56 57 58 59 60 61 62 63 64 65 66 67 68 69 70 71 72 73 74 75 76 77 79 80 81 82 83 84 85 86 87 88 89 90 91 92 93 94 95 96 97 98 99 100 101 102 103 104 105 106 107 108 109 110 111 112 113 114 116 117 118 119 120 121 122 126 127 128 3.5 3.6\"},D:{\"79\":0.01613,\"87\":0.00806,\"94\":0.00806,\"103\":0.00806,\"108\":0.00806,\"109\":2.27377,\"116\":14.13444,\"117\":0.04032,\"118\":0.02419,\"120\":0.01613,\"121\":0.02419,\"122\":0.28221,\"123\":39.61352,\"124\":15.86798,_:\"4 5 6 7 8 9 10 11 12 13 14 15 16 17 18 19 20 21 22 23 24 25 26 27 28 29 30 31 32 33 34 35 36 37 38 39 40 41 42 43 44 45 46 47 48 49 50 51 52 53 54 55 56 57 58 59 60 61 62 63 64 65 66 67 68 69 70 71 72 73 74 75 76 77 78 80 81 83 84 85 86 88 89 90 91 92 93 95 96 97 98 99 100 101 102 104 105 106 107 110 111 112 113 114 115 119 125 126 127\"},F:{\"46\":0.00806,\"107\":0.03225,\"108\":0.00806,\"109\":0.02419,_:\"9 11 12 15 16 17 18 19 20 21 22 23 24 25 26 27 28 29 30 31 32 33 34 35 36 37 38 39 40 41 42 43 44 45 47 48 49 50 51 52 53 54 55 56 57 58 60 62 63 64 65 66 67 68 69 70 71 72 73 74 75 76 77 78 79 80 81 82 83 84 85 86 87 88 89 90 91 92 93 94 95 96 97 98 99 100 101 102 103 104 105 106 9.5-9.6 10.0-10.1 10.5 10.6 11.1 11.5 11.6 12.1\"},B:{\"109\":0.00806,\"122\":0.01613,\"123\":2.37052,\"124\":2.55597,_:\"12 13 14 15 16 17 18 79 80 81 83 84 85 86 87 88 89 90 91 92 93 94 95 96 97 98 99 100 101 102 103 104 105 106 107 108 110 111 112 113 114 115 116 117 118 119 120 121\"},E:{_:\"0 4 5 6 7 8 9 10 11 12 13 14 15 3.1 3.2 5.1 6.1 7.1 9.1 10.1 11.1 12.1 15.1 15.2-15.3 15.4 16.0 16.1 16.4 17.0 17.2 17.5\",\"13.1\":0.02419,\"14.1\":0.02419,\"15.5\":0.00806,\"15.6\":0.08869,\"16.2\":0.00806,\"16.3\":0.00806,\"16.5\":0.03225,\"16.6\":0.29027,\"17.1\":0.03225,\"17.3\":0.0645,\"17.4\":0.28221},G:{\"8\":0,\"3.2\":0,\"4.0-4.1\":0,\"4.2-4.3\":0.00099,\"5.0-5.1\":0.00099,\"6.0-6.1\":0.00248,\"7.0-7.1\":0.00397,\"8.1-8.4\":0.00099,\"9.0-9.2\":0.00248,\"9.3\":0.01239,\"10.0-10.2\":0.00248,\"10.3\":0.01983,\"11.0-11.2\":0.01685,\"11.3-11.4\":0.00496,\"12.0-12.1\":0.00347,\"12.2-12.5\":0.0808,\"13.0-13.1\":0.00149,\"13.2\":0.01636,\"13.3\":0.00397,\"13.4-13.7\":0.01537,\"14.0-14.4\":0.03024,\"14.5-14.8\":0.0461,\"15.0-15.1\":0.02131,\"15.2-15.3\":0.02429,\"15.4\":0.02776,\"15.5\":0.03519,\"15.6-15.8\":0.30732,\"16.0\":0.07187,\"16.1\":0.14969,\"16.2\":0.07187,\"16.3\":0.12689,\"16.4\":0.02627,\"16.5\":0.05502,\"16.6-16.7\":0.43471,\"17.0\":0.05205,\"17.1\":0.09616,\"17.2\":0.12789,\"17.3\":0.93287,\"17.4\":2.10564,\"17.5\":0.01933},P:{\"4\":0.01021,\"23\":0.01021,\"24\":1.3989,_:\"20 21 22 5.0-5.4 6.2-6.4 7.2-7.4 8.2 9.2 10.1 11.1-11.2 12.0 13.0 14.0 15.0 16.0 17.0 18.0\",\"19.0\":0.03063},I:{\"0\":0.00579,\"3\":0,\"4\":0,\"2.1\":0,\"2.2\":0,\"2.3\":0,\"4.1\":0,\"4.2-4.3\":0,\"4.4\":0,\"4.4.3-4.4.4\":0.00001},A:{\"11\":0.00806,_:\"6 7 8 9 10 5.5\"},K:{\"0\":0.00581,_:\"10 11 12 11.1 11.5 12.1\"},J:{_:\"7 10\"},N:{_:\"10 11\"},S:{_:\"2.5 3.0-3.1\"},Q:{_:\"14.9\"},O:{_:\"0\"},H:{\"0\":0},L:{\"0\":13.04726},R:{_:\"0\"},M:{\"0\":0.13946}};\n"],