{"ast":null,"code":"module.exports = {\n  C: {\n    \"5\": 0.02177,\n    \"34\": 0.00726,\n    \"40\": 0.00363,\n    \"43\": 0.00363,\n    \"44\": 0.00726,\n    \"48\": 0.00363,\n    \"50\": 0.00363,\n    \"51\": 0.01089,\n    \"52\": 0.07621,\n    \"56\": 0.04718,\n    \"61\": 0.00726,\n    \"65\": 0.01815,\n    \"70\": 0.00726,\n    \"77\": 0.02177,\n    \"78\": 0.01089,\n    \"82\": 0.00363,\n    \"89\": 0.00726,\n    \"94\": 0.01452,\n    \"99\": 0.00363,\n    \"100\": 0.00363,\n    \"105\": 0.00363,\n    \"106\": 0.00726,\n    \"107\": 0.02177,\n    \"108\": 0.01089,\n    \"109\": 0.0254,\n    \"110\": 0.00726,\n    \"111\": 0.00726,\n    \"113\": 0.00726,\n    \"114\": 0.00363,\n    \"115\": 0.34113,\n    \"118\": 0.00363,\n    \"119\": 0.00363,\n    \"120\": 0.00363,\n    \"121\": 0.00726,\n    \"122\": 0.01815,\n    \"123\": 0.0254,\n    \"124\": 1.1141,\n    \"125\": 0.66774,\n    _: \"2 3 4 6 7 8 9 10 11 12 13 14 15 16 17 18 19 20 21 22 23 24 25 26 27 28 29 30 31 32 33 35 36 37 38 39 41 42 45 46 47 49 53 54 55 57 58 59 60 62 63 64 66 67 68 69 71 72 73 74 75 76 79 80 81 83 84 85 86 87 88 90 91 92 93 95 96 97 98 101 102 103 104 112 116 117 126 127 128 3.5\",\n    \"3.6\": 0.00363\n  },\n  D: {\n    \"38\": 0.00726,\n    \"39\": 0.00363,\n    \"41\": 0.00363,\n    \"42\": 0.00363,\n    \"43\": 0.00363,\n    \"44\": 0.00363,\n    \"45\": 0.00363,\n    \"46\": 0.00363,\n    \"47\": 0.00363,\n    \"49\": 0.07258,\n    \"51\": 0.00726,\n    \"53\": 0.01089,\n    \"55\": 0.00363,\n    \"56\": 0.00363,\n    \"58\": 0.01089,\n    \"61\": 0.00363,\n    \"64\": 0.00363,\n    \"66\": 0.00363,\n    \"69\": 0.01815,\n    \"70\": 0.01815,\n    \"71\": 0.00363,\n    \"72\": 0.00726,\n    \"73\": 0.05081,\n    \"75\": 0.00363,\n    \"77\": 0.00363,\n    \"79\": 0.29032,\n    \"83\": 0.01452,\n    \"85\": 0.00726,\n    \"86\": 0.00363,\n    \"87\": 0.15242,\n    \"88\": 0.06895,\n    \"89\": 0.02177,\n    \"90\": 0.00363,\n    \"91\": 0.01452,\n    \"92\": 0.00363,\n    \"94\": 0.02177,\n    \"95\": 0.02903,\n    \"96\": 0.00726,\n    \"98\": 0.00363,\n    \"99\": 0.05806,\n    \"100\": 0.00363,\n    \"102\": 0.00726,\n    \"103\": 0.01452,\n    \"104\": 0.00363,\n    \"105\": 0.01452,\n    \"106\": 0.04718,\n    \"107\": 0.06169,\n    \"108\": 0.10161,\n    \"109\": 3.66529,\n    \"110\": 0.10887,\n    \"111\": 0.03266,\n    \"112\": 0.01089,\n    \"113\": 0.01452,\n    \"114\": 0.01815,\n    \"115\": 0.225,\n    \"116\": 0.16693,\n    \"117\": 0.01089,\n    \"118\": 0.02903,\n    \"119\": 0.05081,\n    \"120\": 0.10161,\n    \"121\": 0.21048,\n    \"122\": 0.65322,\n    \"123\": 15.31075,\n    \"124\": 5.66124,\n    \"125\": 0.02177,\n    \"126\": 0.00363,\n    _: \"4 5 6 7 8 9 10 11 12 13 14 15 16 17 18 19 20 21 22 23 24 25 26 27 28 29 30 31 32 33 34 35 36 37 40 48 50 52 54 57 59 60 62 63 65 67 68 74 76 78 80 81 84 93 97 101 127\"\n  },\n  F: {\n    \"28\": 0.00363,\n    \"36\": 0.00363,\n    \"46\": 0.03629,\n    \"84\": 0.00363,\n    \"86\": 0.00363,\n    \"91\": 0.00363,\n    \"93\": 0.00726,\n    \"95\": 0.11613,\n    \"97\": 0.00726,\n    \"107\": 0.64596,\n    \"108\": 0.38467,\n    \"109\": 0.18508,\n    _: \"9 11 12 15 16 17 18 19 20 21 22 23 24 25 26 27 29 30 31 32 33 34 35 37 38 39 40 41 42 43 44 45 47 48 49 50 51 52 53 54 55 56 57 58 60 62 63 64 65 66 67 68 69 70 71 72 73 74 75 76 77 78 79 80 81 82 83 85 87 88 89 90 92 94 96 98 99 100 101 102 103 104 105 106 9.5-9.6 10.0-10.1 10.5 10.6 11.1 11.5 11.6 12.1\"\n  },\n  B: {\n    \"18\": 0.00363,\n    \"83\": 0.01452,\n    \"92\": 0.01452,\n    \"99\": 0.00363,\n    \"103\": 0.00726,\n    \"105\": 0.00726,\n    \"106\": 0.00363,\n    \"107\": 0.00726,\n    \"109\": 0.03266,\n    \"110\": 0.02177,\n    \"114\": 0.00363,\n    \"115\": 0.00363,\n    \"117\": 0.00363,\n    \"118\": 0.00363,\n    \"119\": 0.00363,\n    \"120\": 0.01089,\n    \"121\": 0.01815,\n    \"122\": 0.13064,\n    \"123\": 1.40442,\n    \"124\": 0.59516,\n    _: \"12 13 14 15 16 17 79 80 81 84 85 86 87 88 89 90 91 93 94 95 96 97 98 100 101 102 104 108 111 112 113 116\"\n  },\n  E: {\n    \"9\": 0.01089,\n    \"14\": 0.01815,\n    _: \"0 4 5 6 7 8 10 11 12 13 15 3.1 3.2 5.1 6.1 7.1 9.1 10.1 11.1 15.1 15.2-15.3 15.4 15.5\",\n    \"12.1\": 0.00363,\n    \"13.1\": 0.01089,\n    \"14.1\": 0.03992,\n    \"15.6\": 0.02903,\n    \"16.0\": 0.02177,\n    \"16.1\": 0.01089,\n    \"16.2\": 0.00363,\n    \"16.3\": 0.01452,\n    \"16.4\": 0.00726,\n    \"16.5\": 0.01089,\n    \"16.6\": 0.14879,\n    \"17.0\": 0.01089,\n    \"17.1\": 0.05444,\n    \"17.2\": 0.05806,\n    \"17.3\": 0.0871,\n    \"17.4\": 0.26855,\n    \"17.5\": 0.00726\n  },\n  G: {\n    \"8\": 0,\n    \"3.2\": 0,\n    \"4.0-4.1\": 0,\n    \"4.2-4.3\": 0.00246,\n    \"5.0-5.1\": 0.00246,\n    \"6.0-6.1\": 0.00614,\n    \"7.0-7.1\": 0.00982,\n    \"8.1-8.4\": 0.00246,\n    \"9.0-9.2\": 0.00614,\n    \"9.3\": 0.0307,\n    \"10.0-10.2\": 0.00614,\n    \"10.3\": 0.04912,\n    \"11.0-11.2\": 0.04175,\n    \"11.3-11.4\": 0.01228,\n    \"12.0-12.1\": 0.0086,\n    \"12.2-12.5\": 0.20015,\n    \"13.0-13.1\": 0.00368,\n    \"13.2\": 0.04052,\n    \"13.3\": 0.00982,\n    \"13.4-13.7\": 0.03806,\n    \"14.0-14.4\": 0.0749,\n    \"14.5-14.8\": 0.11419,\n    \"15.0-15.1\": 0.0528,\n    \"15.2-15.3\": 0.06017,\n    \"15.4\": 0.06876,\n    \"15.5\": 0.08718,\n    \"15.6-15.8\": 0.76129,\n    \"16.0\": 0.17804,\n    \"16.1\": 0.37082,\n    \"16.2\": 0.17804,\n    \"16.3\": 0.31434,\n    \"16.4\": 0.06508,\n    \"16.5\": 0.1363,\n    \"16.6-16.7\": 1.07685,\n    \"17.0\": 0.12893,\n    \"17.1\": 0.23821,\n    \"17.2\": 0.31679,\n    \"17.3\": 2.31088,\n    \"17.4\": 5.21605,\n    \"17.5\": 0.04789\n  },\n  P: {\n    \"4\": 0.37009,\n    \"20\": 0.01028,\n    \"21\": 0.03084,\n    \"22\": 0.07196,\n    \"23\": 0.21589,\n    \"24\": 2.32337,\n    \"5.0-5.4\": 0.11308,\n    \"6.2-6.4\": 0.07196,\n    \"7.2-7.4\": 0.01028,\n    _: \"8.2 10.1 12.0 15.0 17.0\",\n    \"9.2\": 0.01028,\n    \"11.1-11.2\": 0.01028,\n    \"13.0\": 0.07196,\n    \"14.0\": 0.01028,\n    \"16.0\": 0.01028,\n    \"18.0\": 0.01028,\n    \"19.0\": 0.02056\n  },\n  I: {\n    \"0\": 0.10153,\n    \"3\": 0,\n    \"4\": 0.00001,\n    \"2.1\": 0,\n    \"2.2\": 0,\n    \"2.3\": 0,\n    \"4.1\": 0.00002,\n    \"4.2-4.3\": 0.00006,\n    \"4.4\": 0,\n    \"4.4.3-4.4.4\": 0.00025\n  },\n  A: {\n    \"7\": 0.00363,\n    \"8\": 0.03992,\n    \"9\": 0.01452,\n    \"10\": 0.00726,\n    \"11\": 0.06532,\n    _: \"6 5.5\"\n  },\n  K: {\n    \"0\": 0.24851,\n    _: \"10 11 12 11.1 11.5 12.1\"\n  },\n  J: {\n    _: \"7 10\"\n  },\n  N: {\n    _: \"10 11\"\n  },\n  S: {\n    _: \"2.5 3.0-3.1\"\n  },\n  Q: {\n    \"14.9\": 0.00637\n  },\n  O: {\n    \"0\": 0.01912\n  },\n  H: {\n    \"0\": 0\n  },\n  L: {\n    \"0\": 48.57659\n  },\n  R: {\n    _: \"0\"\n  },\n  M: {\n    \"0\": 0.12744\n  }\n};","map":{"version":3,"names":["module","exports","C","_","D","F","B","E","G","P","I","A","K","J","N","S","Q","O","H","L","R","M"],"sources":["C:/Users/chest/OneDrive/Documentos/GitHub/HackUPC/frontend/node_modules/caniuse-lite/data/regions/MK.js"],