{"ast":null,"code":"module.exports = {\n  C: {\n    \"52\": 0.00768,\n    \"78\": 0.00768,\n    \"88\": 0.0691,\n    \"92\": 0.02303,\n    \"102\": 0.00768,\n    \"103\": 0.00768,\n    \"107\": 0.00768,\n    \"108\": 0.00768,\n    \"109\": 0.01536,\n    \"113\": 0.01536,\n    \"115\": 4.63751,\n    \"117\": 0.00768,\n    \"118\": 0.00768,\n    \"119\": 0.03839,\n    \"121\": 0.00768,\n    \"122\": 0.01536,\n    \"123\": 0.0691,\n    \"124\": 1.58167,\n    \"125\": 0.79851,\n    _: \"2 3 4 5 6 7 8 9 10 11 12 13 14 15 16 17 18 19 20 21 22 23 24 25 26 27 28 29 30 31 32 33 34 35 36 37 38 39 40 41 42 43 44 45 46 47 48 49 50 51 53 54 55 56 57 58 59 60 61 62 63 64 65 66 67 68 69 70 71 72 73 74 75 76 77 79 80 81 82 83 84 85 86 87 89 90 91 93 94 95 96 97 98 99 100 101 104 105 106 110 111 112 114 116 120 126 127 128 3.5 3.6\"\n  },\n  D: {\n    \"44\": 0.00768,\n    \"51\": 0.00768,\n    \"72\": 0.01536,\n    \"77\": 0.01536,\n    \"79\": 0.00768,\n    \"80\": 0.0691,\n    \"83\": 0.00768,\n    \"85\": 0.01536,\n    \"86\": 0.00768,\n    \"87\": 0.02303,\n    \"88\": 0.00768,\n    \"90\": 0.00768,\n    \"93\": 0.14588,\n    \"96\": 0.00768,\n    \"98\": 0.01536,\n    \"100\": 0.00768,\n    \"102\": 0.02303,\n    \"103\": 0.05375,\n    \"104\": 0.00768,\n    \"105\": 0.01536,\n    \"106\": 0.07678,\n    \"107\": 0.00768,\n    \"108\": 0.02303,\n    \"109\": 1.19777,\n    \"110\": 0.15356,\n    \"111\": 0.02303,\n    \"112\": 0.03839,\n    \"113\": 0.01536,\n    \"114\": 0.02303,\n    \"115\": 0.07678,\n    \"116\": 0.40693,\n    \"117\": 0.04607,\n    \"118\": 0.06142,\n    \"119\": 0.13053,\n    \"120\": 0.35319,\n    \"121\": 0.40693,\n    \"122\": 3.71615,\n    \"123\": 34.24388,\n    \"124\": 12.26944,\n    \"125\": 0.01536,\n    _: \"4 5 6 7 8 9 10 11 12 13 14 15 16 17 18 19 20 21 22 23 24 25 26 27 28 29 30 31 32 33 34 35 36 37 38 39 40 41 42 43 45 46 47 48 49 50 52 53 54 55 56 57 58 59 60 61 62 63 64 65 66 67 68 69 70 71 73 74 75 76 78 81 84 89 91 92 94 95 97 99 101 126 127\"\n  },\n  F: {\n    \"46\": 0.01536,\n    \"83\": 0.00768,\n    \"86\": 0.00768,\n    \"95\": 0.11517,\n    \"97\": 0.00768,\n    \"106\": 0.01536,\n    \"107\": 1.19777,\n    \"108\": 4.47627,\n    \"109\": 0.453,\n    _: \"9 11 12 15 16 17 18 19 20 21 22 23 24 25 26 27 28 29 30 31 32 33 34 35 36 37 38 39 40 41 42 43 44 45 47 48 49 50 51 52 53 54 55 56 57 58 60 62 63 64 65 66 67 68 69 70 71 72 73 74 75 76 77 78 79 80 81 82 84 85 87 88 89 90 91 92 93 94 96 98 99 100 101 102 103 104 105 9.5-9.6 10.0-10.1 10.5 10.6 11.1 11.5 11.6 12.1\"\n  },\n  B: {\n    \"14\": 0.00768,\n    \"16\": 0.00768,\n    \"17\": 0.00768,\n    \"18\": 0.01536,\n    \"86\": 0.00768,\n    \"92\": 0.00768,\n    \"107\": 0.00768,\n    \"108\": 0.01536,\n    \"109\": 0.05375,\n    \"110\": 0.00768,\n    \"112\": 0.00768,\n    \"116\": 0.00768,\n    \"117\": 0.01536,\n    \"118\": 0.01536,\n    \"119\": 0.01536,\n    \"120\": 0.0691,\n    \"121\": 0.03839,\n    \"122\": 0.19963,\n    \"123\": 3.84668,\n    \"124\": 1.79665,\n    _: \"12 13 15 79 80 81 83 84 85 87 88 89 90 91 93 94 95 96 97 98 99 100 101 102 103 104 105 106 111 113 114 115\"\n  },\n  E: {\n    \"9\": 0.01536,\n    \"14\": 0.02303,\n    \"15\": 0.00768,\n    _: \"0 4 5 6 7 8 10 11 12 13 3.1 3.2 5.1 6.1 7.1 9.1 10.1 11.1\",\n    \"12.1\": 0.06142,\n    \"13.1\": 0.03839,\n    \"14.1\": 0.06142,\n    \"15.1\": 0.00768,\n    \"15.2-15.3\": 0.01536,\n    \"15.4\": 0.02303,\n    \"15.5\": 0.07678,\n    \"15.6\": 0.19195,\n    \"16.0\": 0.03071,\n    \"16.1\": 0.04607,\n    \"16.2\": 0.09981,\n    \"16.3\": 0.05375,\n    \"16.4\": 0.02303,\n    \"16.5\": 0.03071,\n    \"16.6\": 0.2457,\n    \"17.0\": 0.04607,\n    \"17.1\": 0.08446,\n    \"17.2\": 0.14588,\n    \"17.3\": 0.19963,\n    \"17.4\": 0.71405,\n    \"17.5\": 0.00768\n  },\n  G: {\n    \"8\": 0,\n    \"3.2\": 0,\n    \"4.0-4.1\": 0,\n    \"4.2-4.3\": 0.00155,\n    \"5.0-5.1\": 0.00155,\n    \"6.0-6.1\": 0.00388,\n    \"7.0-7.1\": 0.0062,\n    \"8.1-8.4\": 0.00155,\n    \"9.0-9.2\": 0.00388,\n    \"9.3\": 0.01939,\n    \"10.0-10.2\": 0.00388,\n    \"10.3\": 0.03102,\n    \"11.0-11.2\": 0.02637,\n    \"11.3-11.4\": 0.00776,\n    \"12.0-12.1\": 0.00543,\n    \"12.2-12.5\": 0.12641,\n    \"13.0-13.1\": 0.00233,\n    \"13.2\": 0.02559,\n    \"13.3\": 0.0062,\n    \"13.4-13.7\": 0.02404,\n    \"14.0-14.4\": 0.04731,\n    \"14.5-14.8\": 0.07213,\n    \"15.0-15.1\": 0.03335,\n    \"15.2-15.3\": 0.038,\n    \"15.4\": 0.04343,\n    \"15.5\": 0.05506,\n    \"15.6-15.8\": 0.48084,\n    \"16.0\": 0.11245,\n    \"16.1\": 0.23422,\n    \"16.2\": 0.11245,\n    \"16.3\": 0.19854,\n    \"16.4\": 0.0411,\n    \"16.5\": 0.08609,\n    \"16.6-16.7\": 0.68016,\n    \"17.0\": 0.08143,\n    \"17.1\": 0.15046,\n    \"17.2\": 0.20009,\n    \"17.3\": 1.45958,\n    \"17.4\": 3.29453,\n    \"17.5\": 0.03025\n  },\n  P: {\n    \"4\": 0.01067,\n    \"20\": 0.01067,\n    \"21\": 0.02134,\n    \"22\": 0.02134,\n    \"23\": 0.11738,\n    \"24\": 1.17381,\n    _: \"5.0-5.4 7.2-7.4 8.2 9.2 10.1 11.1-11.2 12.0 13.0 14.0 15.0 16.0 18.0\",\n    \"6.2-6.4\": 0.01067,\n    \"17.0\": 0.01067,\n    \"19.0\": 0.01067\n  },\n  I: {\n    \"0\": 0.06012,\n    \"3\": 0,\n    \"4\": 0.00001,\n    \"2.1\": 0,\n    \"2.2\": 0,\n    \"2.3\": 0,\n    \"4.1\": 0.00001,\n    \"4.2-4.3\": 0.00004,\n    \"4.4\": 0,\n    \"4.4.3-4.4.4\": 0.00015\n  },\n  A: {\n    \"8\": 0.03481,\n    \"9\": 0.0087,\n    \"10\": 0.0087,\n    \"11\": 0.07832,\n    _: \"6 7 5.5\"\n  },\n  K: {\n    \"0\": 0.19505,\n    _: \"10 11 12 11.1 11.5 12.1\"\n  },\n  J: {\n    _: \"7 10\"\n  },\n  N: {\n    _: \"10 11\"\n  },\n  S: {\n    \"2.5\": 0.00464,\n    _: \"3.0-3.1\"\n  },\n  Q: {\n    _: \"14.9\"\n  },\n  O: {\n    \"0\": 0.01625\n  },\n  H: {\n    \"0\": 0\n  },\n  L: {\n    \"0\": 13.47803\n  },\n  R: {\n    _: \"0\"\n  },\n  M: {\n    \"0\": 0.2531\n  }\n};","map":{"version":3,"names":["module","exports","C","_","D","F","B","E","G","P","I","A","K","J","N","S","Q","O","H","L","R","M"],"sources":["C:/Users/chest/OneDrive/Documentos/GitHub/HackUPC/frontend/node_modules/caniuse-lite/data/regions/EE.js"],