{"ast":null,"code":"module.exports = {\n  C: {\n    \"52\": 0.0052,\n    \"88\": 0.03122,\n    \"110\": 0.0052,\n    \"115\": 0.21336,\n    \"121\": 0.01041,\n    \"122\": 0.0052,\n    \"123\": 0.02082,\n    \"124\": 0.66611,\n    \"125\": 0.35387,\n    \"126\": 0.0052,\n    _: \"2 3 4 5 6 7 8 9 10 11 12 13 14 15 16 17 18 19 20 21 22 23 24 25 26 27 28 29 30 31 32 33 34 35 36 37 38 39 40 41 42 43 44 45 46 47 48 49 50 51 53 54 55 56 57 58 59 60 61 62 63 64 65 66 67 68 69 70 71 72 73 74 75 76 77 78 79 80 81 82 83 84 85 86 87 89 90 91 92 93 94 95 96 97 98 99 100 101 102 103 104 105 106 107 108 109 111 112 113 114 116 117 118 119 120 127 128 3.5 3.6\"\n  },\n  D: {\n    \"22\": 0.0052,\n    \"49\": 0.0052,\n    \"56\": 0.0052,\n    \"63\": 0.0052,\n    \"67\": 0.01041,\n    \"68\": 0.0052,\n    \"70\": 0.01041,\n    \"71\": 0.0052,\n    \"74\": 0.01041,\n    \"75\": 0.0052,\n    \"76\": 0.0052,\n    \"79\": 0.0052,\n    \"80\": 0.0052,\n    \"81\": 0.0052,\n    \"83\": 0.0052,\n    \"85\": 0.0052,\n    \"86\": 0.0052,\n    \"87\": 0.01041,\n    \"88\": 0.0052,\n    \"89\": 0.01041,\n    \"90\": 0.0052,\n    \"91\": 0.01041,\n    \"92\": 0.01041,\n    \"93\": 0.01041,\n    \"94\": 0.0052,\n    \"95\": 0.0052,\n    \"96\": 0.0052,\n    \"97\": 0.0052,\n    \"99\": 0.01041,\n    \"100\": 0.0052,\n    \"102\": 0.01561,\n    \"103\": 0.03122,\n    \"104\": 0.0052,\n    \"105\": 0.01041,\n    \"106\": 0.01561,\n    \"107\": 0.01041,\n    \"108\": 0.01561,\n    \"109\": 1.75375,\n    \"110\": 0.01041,\n    \"111\": 0.02082,\n    \"112\": 0.0052,\n    \"113\": 0.0052,\n    \"114\": 0.01561,\n    \"115\": 0.02082,\n    \"116\": 0.05204,\n    \"117\": 0.02082,\n    \"118\": 0.01041,\n    \"119\": 0.04163,\n    \"120\": 0.10408,\n    \"121\": 0.1301,\n    \"122\": 0.3851,\n    \"123\": 12.76541,\n    \"124\": 4.80329,\n    \"125\": 0.02082,\n    _: \"4 5 6 7 8 9 10 11 12 13 14 15 16 17 18 19 20 21 23 24 25 26 27 28 29 30 31 32 33 34 35 36 37 38 39 40 41 42 43 44 45 46 47 48 50 51 52 53 54 55 57 58 59 60 61 62 64 65 66 69 72 73 77 78 84 98 101 126 127\"\n  },\n  F: {\n    \"79\": 0.0052,\n    \"95\": 0.07806,\n    \"107\": 0.19255,\n    \"108\": 0.3903,\n    \"109\": 0.15092,\n    _: \"9 11 12 15 16 17 18 19 20 21 22 23 24 25 26 27 28 29 30 31 32 33 34 35 36 37 38 39 40 41 42 43 44 45 46 47 48 49 50 51 52 53 54 55 56 57 58 60 62 63 64 65 66 67 68 69 70 71 72 73 74 75 76 77 78 80 81 82 83 84 85 86 87 88 89 90 91 92 93 94 96 97 98 99 100 101 102 103 104 105 106 9.5-9.6 10.0-10.1 10.5 10.6 11.1 11.5 11.6 12.1\"\n  },\n  B: {\n    \"12\": 0.0052,\n    \"16\": 0.0052,\n    \"17\": 0.0052,\n    \"18\": 0.02082,\n    \"84\": 0.0052,\n    \"89\": 0.0052,\n    \"92\": 0.04684,\n    \"100\": 0.0052,\n    \"109\": 0.02602,\n    \"113\": 0.0052,\n    \"114\": 0.0052,\n    \"115\": 0.0052,\n    \"116\": 0.0052,\n    \"117\": 0.01041,\n    \"118\": 0.0052,\n    \"119\": 0.01561,\n    \"120\": 0.02602,\n    \"121\": 0.04684,\n    \"122\": 1.10845,\n    \"123\": 17.51666,\n    \"124\": 8.02457,\n    _: \"13 14 15 79 80 81 83 85 86 87 88 90 91 93 94 95 96 97 98 99 101 102 103 104 105 106 107 108 110 111 112\"\n  },\n  E: {\n    \"14\": 0.0052,\n    _: \"0 4 5 6 7 8 9 10 11 12 13 15 3.1 3.2 5.1 6.1 7.1 9.1 10.1 11.1 12.1 15.4 17.5\",\n    \"13.1\": 0.01041,\n    \"14.1\": 0.01041,\n    \"15.1\": 0.0052,\n    \"15.2-15.3\": 0.0052,\n    \"15.5\": 0.0052,\n    \"15.6\": 0.02082,\n    \"16.0\": 0.0052,\n    \"16.1\": 0.01041,\n    \"16.2\": 0.0052,\n    \"16.3\": 0.01041,\n    \"16.4\": 0.03122,\n    \"16.5\": 0.01041,\n    \"16.6\": 0.03122,\n    \"17.0\": 0.01561,\n    \"17.1\": 0.04163,\n    \"17.2\": 0.01561,\n    \"17.3\": 0.03643,\n    \"17.4\": 0.09367\n  },\n  G: {\n    \"8\": 0,\n    \"3.2\": 0,\n    \"4.0-4.1\": 0,\n    \"4.2-4.3\": 0.00091,\n    \"5.0-5.1\": 0.00091,\n    \"6.0-6.1\": 0.00228,\n    \"7.0-7.1\": 0.00365,\n    \"8.1-8.4\": 0.00091,\n    \"9.0-9.2\": 0.00228,\n    \"9.3\": 0.0114,\n    \"10.0-10.2\": 0.00228,\n    \"10.3\": 0.01824,\n    \"11.0-11.2\": 0.01551,\n    \"11.3-11.4\": 0.00456,\n    \"12.0-12.1\": 0.00319,\n    \"12.2-12.5\": 0.07434,\n    \"13.0-13.1\": 0.00137,\n    \"13.2\": 0.01505,\n    \"13.3\": 0.00365,\n    \"13.4-13.7\": 0.01414,\n    \"14.0-14.4\": 0.02782,\n    \"14.5-14.8\": 0.04242,\n    \"15.0-15.1\": 0.01961,\n    \"15.2-15.3\": 0.02235,\n    \"15.4\": 0.02554,\n    \"15.5\": 0.03238,\n    \"15.6-15.8\": 0.28278,\n    \"16.0\": 0.06613,\n    \"16.1\": 0.13774,\n    \"16.2\": 0.06613,\n    \"16.3\": 0.11676,\n    \"16.4\": 0.02417,\n    \"16.5\": 0.05063,\n    \"16.6-16.7\": 0.4,\n    \"17.0\": 0.04789,\n    \"17.1\": 0.08848,\n    \"17.2\": 0.11767,\n    \"17.3\": 0.85838,\n    \"17.4\": 1.93751,\n    \"17.5\": 0.01779\n  },\n  P: {\n    \"4\": 0.22861,\n    \"20\": 0.05196,\n    \"21\": 0.1247,\n    \"22\": 0.1247,\n    \"23\": 0.3637,\n    \"24\": 0.83131,\n    _: \"5.0-5.4 8.2 10.1\",\n    \"6.2-6.4\": 0.02078,\n    \"7.2-7.4\": 0.50918,\n    \"9.2\": 0.03117,\n    \"11.1-11.2\": 0.05196,\n    \"12.0\": 0.01039,\n    \"13.0\": 0.03117,\n    \"14.0\": 0.03117,\n    \"15.0\": 0.03117,\n    \"16.0\": 0.04157,\n    \"17.0\": 0.04157,\n    \"18.0\": 0.04157,\n    \"19.0\": 0.08313\n  },\n  I: {\n    \"0\": 0.03821,\n    \"3\": 0,\n    \"4\": 0,\n    \"2.1\": 0,\n    \"2.2\": 0,\n    \"2.3\": 0,\n    \"4.1\": 0.00001,\n    \"4.2-4.3\": 0.00002,\n    \"4.4\": 0,\n    \"4.4.3-4.4.4\": 0.0001\n  },\n  A: {\n    \"8\": 0.0052,\n    \"11\": 0.04163,\n    _: \"6 7 9 10 5.5\"\n  },\n  K: {\n    \"0\": 1.23176,\n    _: \"10 11 12 11.1 11.5 12.1\"\n  },\n  J: {\n    _: \"7 10\"\n  },\n  N: {\n    _: \"10 11\"\n  },\n  S: {\n    _: \"2.5 3.0-3.1\"\n  },\n  Q: {\n    _: \"14.9\"\n  },\n  O: {\n    \"0\": 1.04553\n  },\n  H: {\n    \"0\": 0.02\n  },\n  L: {\n    \"0\": 40.1044\n  },\n  R: {\n    _: \"0\"\n  },\n  M: {\n    \"0\": 0.09112\n  }\n};","map":{"version":3,"names":["module","exports","C","_","D","F","B","E","G","P","I","A","K","J","N","S","Q","O","H","L","R","M"],"sources":["C:/Users/chest/OneDrive/Documentos/GitHub/HackUPC/frontend/node_modules/caniuse-lite/data/regions/LK.js"],