{"ast":null,"code":"module.exports = {\n  C: {\n    \"78\": 0.44047,\n    \"108\": 0.01129,\n    \"113\": 0.01129,\n    \"115\": 0.06212,\n    \"122\": 0.02824,\n    \"124\": 1.80704,\n    \"125\": 0.25976,\n    _: \"2 3 4 5 6 7 8 9 10 11 12 13 14 15 16 17 18 19 20 21 22 23 24 25 26 27 28 29 30 31 32 33 34 35 36 37 38 39 40 41 42 43 44 45 46 47 48 49 50 51 52 53 54 55 56 57 58 59 60 61 62 63 64 65 66 67 68 69 70 71 72 73 74 75 76 77 79 80 81 82 83 84 85 86 87 88 89 90 91 92 93 94 95 96 97 98 99 100 101 102 103 104 105 106 107 109 110 111 112 114 116 117 118 119 120 121 123 126 127 128 3.5 3.6\"\n  },\n  D: {\n    \"65\": 0.00565,\n    \"67\": 0.01129,\n    \"74\": 0.00565,\n    \"79\": 0.01694,\n    \"80\": 0.00565,\n    \"87\": 0.01129,\n    \"91\": 0.01129,\n    \"93\": 0.17506,\n    \"99\": 0.01129,\n    \"103\": 0.15812,\n    \"109\": 0.98823,\n    \"110\": 0.01129,\n    \"111\": 0.00565,\n    \"112\": 0.02259,\n    \"114\": 0.00565,\n    \"115\": 0.01694,\n    \"116\": 0.11859,\n    \"117\": 0.02824,\n    \"118\": 0.3727,\n    \"119\": 0.02824,\n    \"120\": 0.16376,\n    \"121\": 0.83576,\n    \"122\": 1.8861,\n    \"123\": 25.65997,\n    \"124\": 8.30109,\n    \"125\": 0.02824,\n    \"126\": 0.01129,\n    _: \"4 5 6 7 8 9 10 11 12 13 14 15 16 17 18 19 20 21 22 23 24 25 26 27 28 29 30 31 32 33 34 35 36 37 38 39 40 41 42 43 44 45 46 47 48 49 50 51 52 53 54 55 56 57 58 59 60 61 62 63 64 66 68 69 70 71 72 73 75 76 77 78 81 83 84 85 86 88 89 90 92 94 95 96 97 98 100 101 102 104 105 106 107 108 113 127\"\n  },\n  F: {\n    \"106\": 0.00565,\n    \"107\": 1.67716,\n    \"108\": 0.20329,\n    \"109\": 0.01129,\n    _: \"9 11 12 15 16 17 18 19 20 21 22 23 24 25 26 27 28 29 30 31 32 33 34 35 36 37 38 39 40 41 42 43 44 45 46 47 48 49 50 51 52 53 54 55 56 57 58 60 62 63 64 65 66 67 68 69 70 71 72 73 74 75 76 77 78 79 80 81 82 83 84 85 86 87 88 89 90 91 92 93 94 95 96 97 98 99 100 101 102 103 104 105 9.5-9.6 10.0-10.1 10.5 10.6 11.1 11.5 11.6 12.1\"\n  },\n  B: {\n    \"18\": 0.00565,\n    \"92\": 0.01129,\n    \"109\": 0.01129,\n    \"113\": 0.01129,\n    \"115\": 0.00565,\n    \"119\": 0.00565,\n    \"120\": 0.00565,\n    \"121\": 0.10729,\n    \"122\": 0.33882,\n    \"123\": 4.02631,\n    \"124\": 1.50775,\n    _: \"12 13 14 15 16 17 79 80 81 83 84 85 86 87 88 89 90 91 93 94 95 96 97 98 99 100 101 102 103 104 105 106 107 108 110 111 112 114 116 117 118\"\n  },\n  E: {\n    \"11\": 0.00565,\n    \"14\": 0.11859,\n    _: \"0 4 5 6 7 8 9 10 12 13 15 3.1 3.2 5.1 6.1 7.1 9.1 10.1 11.1 15.1 16.0\",\n    \"12.1\": 0.02259,\n    \"13.1\": 0.02259,\n    \"14.1\": 0.31623,\n    \"15.2-15.3\": 0.03388,\n    \"15.4\": 0.06776,\n    \"15.5\": 0.01129,\n    \"15.6\": 0.15812,\n    \"16.1\": 0.03388,\n    \"16.2\": 0.03953,\n    \"16.3\": 0.13553,\n    \"16.4\": 0.04518,\n    \"16.5\": 0.05082,\n    \"16.6\": 0.29364,\n    \"17.0\": 0.19765,\n    \"17.1\": 0.06212,\n    \"17.2\": 1.51904,\n    \"17.3\": 0.23717,\n    \"17.4\": 0.4687,\n    \"17.5\": 0.00565\n  },\n  G: {\n    \"8\": 0,\n    \"3.2\": 0,\n    \"4.0-4.1\": 0,\n    \"4.2-4.3\": 0.00223,\n    \"5.0-5.1\": 0.00223,\n    \"6.0-6.1\": 0.00558,\n    \"7.0-7.1\": 0.00892,\n    \"8.1-8.4\": 0.00223,\n    \"9.0-9.2\": 0.00558,\n    \"9.3\": 0.02788,\n    \"10.0-10.2\": 0.00558,\n    \"10.3\": 0.04461,\n    \"11.0-11.2\": 0.03792,\n    \"11.3-11.4\": 0.01115,\n    \"12.0-12.1\": 0.00781,\n    \"12.2-12.5\": 0.18178,\n    \"13.0-13.1\": 0.00335,\n    \"13.2\": 0.0368,\n    \"13.3\": 0.00892,\n    \"13.4-13.7\": 0.03457,\n    \"14.0-14.4\": 0.06803,\n    \"14.5-14.8\": 0.10372,\n    \"15.0-15.1\": 0.04796,\n    \"15.2-15.3\": 0.05465,\n    \"15.4\": 0.06245,\n    \"15.5\": 0.07918,\n    \"15.6-15.8\": 0.69145,\n    \"16.0\": 0.16171,\n    \"16.1\": 0.3368,\n    \"16.2\": 0.16171,\n    \"16.3\": 0.2855,\n    \"16.4\": 0.05911,\n    \"16.5\": 0.12379,\n    \"16.6-16.7\": 0.97806,\n    \"17.0\": 0.1171,\n    \"17.1\": 0.21636,\n    \"17.2\": 0.28773,\n    \"17.3\": 2.09888,\n    \"17.4\": 4.73753,\n    \"17.5\": 0.04349\n  },\n  P: {\n    \"4\": 0.05341,\n    \"20\": 0.01068,\n    \"21\": 0.01068,\n    \"22\": 0.27772,\n    \"23\": 0.87589,\n    \"24\": 3.4715,\n    _: \"5.0-5.4 6.2-6.4 8.2 9.2 10.1 12.0 13.0 14.0 15.0 17.0 18.0\",\n    \"7.2-7.4\": 0.01068,\n    \"11.1-11.2\": 0.04273,\n    \"16.0\": 0.02136,\n    \"19.0\": 0.05341\n  },\n  I: {\n    \"0\": 0.05636,\n    \"3\": 0,\n    \"4\": 0.00001,\n    \"2.1\": 0,\n    \"2.2\": 0,\n    \"2.3\": 0,\n    \"4.1\": 0.00001,\n    \"4.2-4.3\": 0.00003,\n    \"4.4\": 0,\n    \"4.4.3-4.4.4\": 0.00014\n  },\n  A: {\n    \"11\": 0.02824,\n    _: \"6 7 8 9 10 5.5\"\n  },\n  K: {\n    \"0\": 0.05224,\n    _: \"10 11 12 11.1 11.5 12.1\"\n  },\n  J: {\n    _: \"7 10\"\n  },\n  N: {\n    _: \"10 11\"\n  },\n  S: {\n    _: \"2.5 3.0-3.1\"\n  },\n  Q: {\n    _: \"14.9\"\n  },\n  O: {\n    \"0\": 0.074\n  },\n  H: {\n    \"0\": 0\n  },\n  L: {\n    \"0\": 29.34833\n  },\n  R: {\n    _: \"0\"\n  },\n  M: {\n    \"0\": 0.02177\n  }\n};","map":{"version":3,"names":["module","exports","C","_","D","F","B","E","G","P","I","A","K","J","N","S","Q","O","H","L","R","M"],"sources":["C:/Users/chest/OneDrive/Documentos/GitHub/HackUPC/frontend/node_modules/caniuse-lite/data/regions/MP.js"],