{"ast":null,"code":"module.exports = {\n  C: {\n    \"34\": 0.00118,\n    \"43\": 0.0071,\n    \"47\": 0.00237,\n    \"52\": 0.00237,\n    \"58\": 0.00118,\n    \"65\": 0.00237,\n    \"68\": 0.00237,\n    \"71\": 0.00118,\n    \"72\": 0.00355,\n    \"76\": 0.00118,\n    \"78\": 0.00473,\n    \"80\": 0.00118,\n    \"87\": 0.00118,\n    \"89\": 0.00118,\n    \"94\": 0.00118,\n    \"95\": 0.00118,\n    \"96\": 0.00118,\n    \"99\": 0.00355,\n    \"101\": 0.00118,\n    \"102\": 0.00118,\n    \"103\": 0.00237,\n    \"104\": 0.00118,\n    \"105\": 0.00118,\n    \"106\": 0.00118,\n    \"107\": 0.00118,\n    \"108\": 0.00118,\n    \"109\": 0.00118,\n    \"110\": 0.00118,\n    \"111\": 0.00118,\n    \"112\": 0.00237,\n    \"113\": 0.00118,\n    \"114\": 0.00237,\n    \"115\": 0.4247,\n    \"116\": 0.00118,\n    \"118\": 0.00118,\n    \"119\": 0.00237,\n    \"120\": 0.00237,\n    \"121\": 0.00355,\n    \"122\": 0.00473,\n    \"123\": 0.01775,\n    \"124\": 0.26263,\n    \"125\": 0.11475,\n    \"126\": 0.00355,\n    _: \"2 3 4 5 6 7 8 9 10 11 12 13 14 15 16 17 18 19 20 21 22 23 24 25 26 27 28 29 30 31 32 33 35 36 37 38 39 40 41 42 44 45 46 48 49 50 51 53 54 55 56 57 59 60 61 62 63 64 66 67 69 70 73 74 75 77 79 81 82 83 84 85 86 88 90 91 92 93 97 98 100 117 127 128 3.5 3.6\"\n  },\n  D: {\n    \"11\": 0.00118,\n    \"23\": 0.00118,\n    \"37\": 0.00118,\n    \"38\": 0.00118,\n    \"39\": 0.00118,\n    \"43\": 0.00118,\n    \"46\": 0.00118,\n    \"47\": 0.0142,\n    \"49\": 0.00118,\n    \"50\": 0.00237,\n    \"52\": 0.00118,\n    \"55\": 0.00118,\n    \"56\": 0.00237,\n    \"58\": 0.00592,\n    \"59\": 0.00946,\n    \"62\": 0.00946,\n    \"63\": 0.01183,\n    \"64\": 0.0071,\n    \"65\": 0.00237,\n    \"66\": 0.00118,\n    \"67\": 0.00118,\n    \"68\": 0.01183,\n    \"69\": 0.00355,\n    \"70\": 0.02366,\n    \"71\": 0.00118,\n    \"72\": 0.00118,\n    \"73\": 0.00118,\n    \"74\": 0.00592,\n    \"75\": 0.00473,\n    \"76\": 0.00355,\n    \"77\": 0.01065,\n    \"78\": 0.00118,\n    \"79\": 0.01183,\n    \"80\": 0.00828,\n    \"81\": 0.00828,\n    \"83\": 0.00473,\n    \"84\": 0.00355,\n    \"85\": 0.00355,\n    \"86\": 0.00473,\n    \"87\": 0.01065,\n    \"88\": 0.00828,\n    \"89\": 0.00237,\n    \"90\": 0.00355,\n    \"91\": 0.02839,\n    \"92\": 0.00355,\n    \"93\": 0.05324,\n    \"94\": 0.00592,\n    \"95\": 0.01538,\n    \"96\": 0.00237,\n    \"97\": 0.00237,\n    \"98\": 0.00473,\n    \"99\": 0.00355,\n    \"100\": 0.00355,\n    \"101\": 0.00237,\n    \"102\": 0.00592,\n    \"103\": 0.01656,\n    \"104\": 0.00473,\n    \"105\": 0.00946,\n    \"106\": 0.00946,\n    \"107\": 0.00592,\n    \"108\": 0.00946,\n    \"109\": 0.68851,\n    \"110\": 0.0071,\n    \"111\": 0.01065,\n    \"112\": 0.00828,\n    \"113\": 0.00473,\n    \"114\": 0.02011,\n    \"115\": 0.00828,\n    \"116\": 0.03549,\n    \"117\": 0.01656,\n    \"118\": 0.01183,\n    \"119\": 0.0485,\n    \"120\": 0.06861,\n    \"121\": 0.08044,\n    \"122\": 0.26854,\n    \"123\": 2.90072,\n    \"124\": 1.0789,\n    \"125\": 0.00946,\n    \"126\": 0.00118,\n    _: \"4 5 6 7 8 9 10 12 13 14 15 16 17 18 19 20 21 22 24 25 26 27 28 29 30 31 32 33 34 35 36 40 41 42 44 45 48 51 53 54 57 60 61 127\"\n  },\n  F: {\n    \"33\": 0.00118,\n    \"42\": 0.00118,\n    \"46\": 0.00118,\n    \"58\": 0.00118,\n    \"75\": 0.00118,\n    \"76\": 0.00118,\n    \"77\": 0.00118,\n    \"78\": 0.00118,\n    \"79\": 0.00946,\n    \"80\": 0.00118,\n    \"81\": 0.00473,\n    \"82\": 0.00118,\n    \"83\": 0.00118,\n    \"85\": 0.00237,\n    \"95\": 0.02603,\n    \"100\": 0.0071,\n    \"102\": 0.00118,\n    \"105\": 0.00118,\n    \"106\": 0.00237,\n    \"107\": 0.04022,\n    \"108\": 0.15261,\n    \"109\": 0.05087,\n    _: \"9 11 12 15 16 17 18 19 20 21 22 23 24 25 26 27 28 29 30 31 32 34 35 36 37 38 39 40 41 43 44 45 47 48 49 50 51 52 53 54 55 56 57 60 62 63 64 65 66 67 68 69 70 71 72 73 74 84 86 87 88 89 90 91 92 93 94 96 97 98 99 101 103 104 9.5-9.6 10.0-10.1 10.5 10.6 11.1 11.5 11.6 12.1\"\n  },\n  B: {\n    \"12\": 0.00828,\n    \"13\": 0.00118,\n    \"14\": 0.00118,\n    \"15\": 0.00118,\n    \"16\": 0.00237,\n    \"17\": 0.00118,\n    \"18\": 0.01775,\n    \"84\": 0.00237,\n    \"89\": 0.00237,\n    \"90\": 0.00473,\n    \"92\": 0.0142,\n    \"100\": 0.00237,\n    \"106\": 0.00118,\n    \"107\": 0.00118,\n    \"109\": 0.0071,\n    \"111\": 0.00118,\n    \"112\": 0.00118,\n    \"113\": 0.00118,\n    \"114\": 0.00118,\n    \"115\": 0.00355,\n    \"116\": 0.00118,\n    \"117\": 0.00237,\n    \"118\": 0.00237,\n    \"119\": 0.00355,\n    \"120\": 0.01301,\n    \"121\": 0.0142,\n    \"122\": 0.06152,\n    \"123\": 0.37265,\n    \"124\": 0.15852,\n    _: \"79 80 81 83 85 86 87 88 91 93 94 95 96 97 98 99 101 102 103 104 105 108 110\"\n  },\n  E: {\n    \"10\": 0.00118,\n    \"11\": 0.00355,\n    \"13\": 0.00473,\n    \"14\": 0.00946,\n    \"15\": 0.00118,\n    _: \"0 4 5 6 7 8 9 12 3.1 3.2 5.1 6.1 7.1 9.1 10.1\",\n    \"11.1\": 0.00237,\n    \"12.1\": 0.00118,\n    \"13.1\": 0.01183,\n    \"14.1\": 0.00946,\n    \"15.1\": 0.00473,\n    \"15.2-15.3\": 0.00237,\n    \"15.4\": 0.00237,\n    \"15.5\": 0.00237,\n    \"15.6\": 0.02603,\n    \"16.0\": 0.00237,\n    \"16.1\": 0.00237,\n    \"16.2\": 0.00237,\n    \"16.3\": 0.01538,\n    \"16.4\": 0.00355,\n    \"16.5\": 0.00828,\n    \"16.6\": 0.02011,\n    \"17.0\": 0.00355,\n    \"17.1\": 0.0071,\n    \"17.2\": 0.01065,\n    \"17.3\": 0.01538,\n    \"17.4\": 0.03904,\n    \"17.5\": 0.00118\n  },\n  G: {\n    \"8\": 0,\n    \"3.2\": 0,\n    \"4.0-4.1\": 0,\n    \"4.2-4.3\": 0.00113,\n    \"5.0-5.1\": 0.00113,\n    \"6.0-6.1\": 0.00283,\n    \"7.0-7.1\": 0.00452,\n    \"8.1-8.4\": 0.00113,\n    \"9.0-9.2\": 0.00283,\n    \"9.3\": 0.01413,\n    \"10.0-10.2\": 0.00283,\n    \"10.3\": 0.0226,\n    \"11.0-11.2\": 0.01921,\n    \"11.3-11.4\": 0.00565,\n    \"12.0-12.1\": 0.00396,\n    \"12.2-12.5\": 0.09211,\n    \"13.0-13.1\": 0.0017,\n    \"13.2\": 0.01865,\n    \"13.3\": 0.00452,\n    \"13.4-13.7\": 0.01752,\n    \"14.0-14.4\": 0.03447,\n    \"14.5-14.8\": 0.05255,\n    \"15.0-15.1\": 0.0243,\n    \"15.2-15.3\": 0.02769,\n    \"15.4\": 0.03165,\n    \"15.5\": 0.04012,\n    \"15.6-15.8\": 0.35037,\n    \"16.0\": 0.08194,\n    \"16.1\": 0.17066,\n    \"16.2\": 0.08194,\n    \"16.3\": 0.14467,\n    \"16.4\": 0.02995,\n    \"16.5\": 0.06273,\n    \"16.6-16.7\": 0.4956,\n    \"17.0\": 0.05934,\n    \"17.1\": 0.10963,\n    \"17.2\": 0.1458,\n    \"17.3\": 1.06353,\n    \"17.4\": 2.40057,\n    \"17.5\": 0.02204\n  },\n  P: {\n    \"4\": 0.04251,\n    \"20\": 0.01063,\n    \"21\": 0.03188,\n    \"22\": 0.06377,\n    \"23\": 0.14879,\n    \"24\": 0.35071,\n    _: \"5.0-5.4 6.2-6.4 8.2 10.1 12.0 13.0 14.0 15.0\",\n    \"7.2-7.4\": 0.03188,\n    \"9.2\": 0.01063,\n    \"11.1-11.2\": 0.01063,\n    \"16.0\": 0.02126,\n    \"17.0\": 0.01063,\n    \"18.0\": 0.01063,\n    \"19.0\": 0.02126\n  },\n  I: {\n    \"0\": 0.05268,\n    \"3\": 0,\n    \"4\": 0.00001,\n    \"2.1\": 0,\n    \"2.2\": 0,\n    \"2.3\": 0,\n    \"4.1\": 0.00001,\n    \"4.2-4.3\": 0.00003,\n    \"4.4\": 0,\n    \"4.4.3-4.4.4\": 0.00013\n  },\n  A: {\n    \"8\": 0.0026,\n    \"9\": 0.0013,\n    \"10\": 0.0013,\n    \"11\": 0.00781,\n    _: \"6 7 5.5\"\n  },\n  K: {\n    \"0\": 26.91235,\n    _: \"10 11 12 11.1 11.5 12.1\"\n  },\n  J: {\n    _: \"7 10\"\n  },\n  N: {\n    _: \"10 11\"\n  },\n  S: {\n    \"2.5\": 0.02645,\n    _: \"3.0-3.1\"\n  },\n  Q: {\n    \"14.9\": 0.00882\n  },\n  O: {\n    \"0\": 0.57304\n  },\n  H: {\n    \"0\": 5.46\n  },\n  L: {\n    \"0\": 51.97749\n  },\n  R: {\n    _: \"0\"\n  },\n  M: {\n    \"0\": 0.19395\n  }\n};","map":{"version":3,"names":["module","exports","C","_","D","F","B","E","G","P","I","A","K","J","N","S","Q","O","H","L","R","M"],"sources":["C:/Users/chest/OneDrive/Documentos/GitHub/HackUPC/frontend/node_modules/caniuse-lite/data/regions/NG.js"],