{"ast":null,"code":"module.exports = {\n  C: {\n    \"115\": 0.08135,\n    \"116\": 0.01252,\n    \"120\": 0.00313,\n    \"121\": 0.53506,\n    \"123\": 0.04381,\n    \"124\": 0.18461,\n    \"125\": 0.10326,\n    _: \"2 3 4 5 6 7 8 9 10 11 12 13 14 15 16 17 18 19 20 21 22 23 24 25 26 27 28 29 30 31 32 33 34 35 36 37 38 39 40 41 42 43 44 45 46 47 48 49 50 51 52 53 54 55 56 57 58 59 60 61 62 63 64 65 66 67 68 69 70 71 72 73 74 75 76 77 78 79 80 81 82 83 84 85 86 87 88 89 90 91 92 93 94 95 96 97 98 99 100 101 102 103 104 105 106 107 108 109 110 111 112 113 114 117 118 119 122 126 127 128 3.5 3.6\"\n  },\n  D: {\n    \"68\": 0.01877,\n    \"75\": 0.00626,\n    \"76\": 0.00626,\n    \"77\": 0.00313,\n    \"79\": 0.00313,\n    \"80\": 0.01252,\n    \"81\": 0.0219,\n    \"88\": 0.01565,\n    \"91\": 0.01565,\n    \"93\": 0.01252,\n    \"98\": 0.01565,\n    \"99\": 0.01565,\n    \"101\": 0.01877,\n    \"103\": 0.08448,\n    \"105\": 0.06571,\n    \"106\": 0.01877,\n    \"107\": 0.01877,\n    \"108\": 0.00626,\n    \"109\": 1.05134,\n    \"111\": 0.02503,\n    \"113\": 0.00313,\n    \"114\": 0.00626,\n    \"115\": 0.02503,\n    \"116\": 0.07197,\n    \"118\": 0.03755,\n    \"119\": 0.05632,\n    \"120\": 0.05945,\n    \"121\": 0.06258,\n    \"122\": 0.97938,\n    \"123\": 11.18618,\n    \"124\": 2.84113,\n    \"125\": 0.04381,\n    \"126\": 0.02503,\n    _: \"4 5 6 7 8 9 10 11 12 13 14 15 16 17 18 19 20 21 22 23 24 25 26 27 28 29 30 31 32 33 34 35 36 37 38 39 40 41 42 43 44 45 46 47 48 49 50 51 52 53 54 55 56 57 58 59 60 61 62 63 64 65 66 67 69 70 71 72 73 74 78 83 84 85 86 87 89 90 92 94 95 96 97 100 102 104 110 112 117 127\"\n  },\n  F: {\n    \"95\": 0.0219,\n    \"107\": 0.03755,\n    \"108\": 0.10013,\n    \"109\": 0.11577,\n    _: \"9 11 12 15 16 17 18 19 20 21 22 23 24 25 26 27 28 29 30 31 32 33 34 35 36 37 38 39 40 41 42 43 44 45 46 47 48 49 50 51 52 53 54 55 56 57 58 60 62 63 64 65 66 67 68 69 70 71 72 73 74 75 76 77 78 79 80 81 82 83 84 85 86 87 88 89 90 91 92 93 94 96 97 98 99 100 101 102 103 104 105 106 9.5-9.6 10.0-10.1 10.5 10.6 11.1 11.5 11.6 12.1\"\n  },\n  B: {\n    \"15\": 0.00626,\n    \"16\": 0.01252,\n    \"18\": 0.00313,\n    \"92\": 0.03442,\n    \"95\": 0.01565,\n    \"100\": 0.02816,\n    \"107\": 0.01252,\n    \"108\": 0.01252,\n    \"109\": 0.01252,\n    \"110\": 0.01252,\n    \"111\": 0.06258,\n    \"113\": 0.03442,\n    \"114\": 0.03442,\n    \"115\": 0.01877,\n    \"116\": 0.00313,\n    \"117\": 0.01877,\n    \"118\": 0.02503,\n    \"119\": 0.03755,\n    \"120\": 0.04068,\n    \"121\": 0.04694,\n    \"122\": 0.63519,\n    \"123\": 4.49637,\n    \"124\": 1.38928,\n    _: \"12 13 14 17 79 80 81 83 84 85 86 87 88 89 90 91 93 94 96 97 98 99 101 102 103 104 105 106 112\"\n  },\n  E: {\n    \"11\": 0.00313,\n    \"14\": 0.06258,\n    _: \"0 4 5 6 7 8 9 10 12 13 15 3.1 3.2 5.1 6.1 7.1 9.1 10.1 11.1 12.1 15.4 16.0 17.0 17.5\",\n    \"13.1\": 0.01252,\n    \"14.1\": 0.30664,\n    \"15.1\": 0.01877,\n    \"15.2-15.3\": 0.01252,\n    \"15.5\": 0.00313,\n    \"15.6\": 1.67089,\n    \"16.1\": 0.01252,\n    \"16.2\": 0.01252,\n    \"16.3\": 0.06258,\n    \"16.4\": 0.01252,\n    \"16.5\": 0.00626,\n    \"16.6\": 0.06258,\n    \"17.1\": 0.10639,\n    \"17.2\": 0.01565,\n    \"17.3\": 0.30038,\n    \"17.4\": 0.16584\n  },\n  G: {\n    \"8\": 0,\n    \"3.2\": 0,\n    \"4.0-4.1\": 0,\n    \"4.2-4.3\": 0.00284,\n    \"5.0-5.1\": 0.00284,\n    \"6.0-6.1\": 0.0071,\n    \"7.0-7.1\": 0.01136,\n    \"8.1-8.4\": 0.00284,\n    \"9.0-9.2\": 0.0071,\n    \"9.3\": 0.03551,\n    \"10.0-10.2\": 0.0071,\n    \"10.3\": 0.05681,\n    \"11.0-11.2\": 0.04829,\n    \"11.3-11.4\": 0.0142,\n    \"12.0-12.1\": 0.00994,\n    \"12.2-12.5\": 0.2315,\n    \"13.0-13.1\": 0.00426,\n    \"13.2\": 0.04687,\n    \"13.3\": 0.01136,\n    \"13.4-13.7\": 0.04403,\n    \"14.0-14.4\": 0.08663,\n    \"14.5-14.8\": 0.13208,\n    \"15.0-15.1\": 0.06107,\n    \"15.2-15.3\": 0.06959,\n    \"15.4\": 0.07953,\n    \"15.5\": 0.10084,\n    \"15.6-15.8\": 0.88055,\n    \"16.0\": 0.20593,\n    \"16.1\": 0.42891,\n    \"16.2\": 0.20593,\n    \"16.3\": 0.36358,\n    \"16.4\": 0.07527,\n    \"16.5\": 0.15765,\n    \"16.6-16.7\": 1.24555,\n    \"17.0\": 0.14912,\n    \"17.1\": 0.27553,\n    \"17.2\": 0.36642,\n    \"17.3\": 2.67288,\n    \"17.4\": 6.03316,\n    \"17.5\": 0.05539\n  },\n  P: {\n    \"4\": 0.04163,\n    \"20\": 0.04163,\n    \"21\": 0.34341,\n    \"22\": 3.99605,\n    \"23\": 0.53072,\n    \"24\": 1.07186,\n    \"5.0-5.4\": 0.03122,\n    \"6.2-6.4\": 0.02081,\n    \"7.2-7.4\": 0.35382,\n    \"8.2\": 0.01041,\n    \"9.2\": 0.01041,\n    _: \"10.1 12.0\",\n    \"11.1-11.2\": 0.02081,\n    \"13.0\": 0.01041,\n    \"14.0\": 0.01041,\n    \"15.0\": 0.01041,\n    \"16.0\": 0.43707,\n    \"17.0\": 0.01041,\n    \"18.0\": 0.02081,\n    \"19.0\": 0.04163\n  },\n  I: {\n    \"0\": 0.08211,\n    \"3\": 0,\n    \"4\": 0.00001,\n    \"2.1\": 0,\n    \"2.2\": 0,\n    \"2.3\": 0,\n    \"4.1\": 0.00002,\n    \"4.2-4.3\": 0.00005,\n    \"4.4\": 0,\n    \"4.4.3-4.4.4\": 0.00021\n  },\n  A: {\n    \"11\": 0.00626,\n    _: \"6 7 8 9 10 5.5\"\n  },\n  K: {\n    \"0\": 2.98889,\n    _: \"10 11 12 11.1 11.5 12.1\"\n  },\n  J: {\n    _: \"7 10\"\n  },\n  N: {\n    _: \"10 11\"\n  },\n  S: {\n    _: \"2.5 3.0-3.1\"\n  },\n  Q: {\n    \"14.9\": 0.01374\n  },\n  O: {\n    \"0\": 0.11681\n  },\n  H: {\n    \"0\": 0\n  },\n  L: {\n    \"0\": 47.17053\n  },\n  R: {\n    _: \"0\"\n  },\n  M: {\n    \"0\": 0.21987\n  }\n};","map":{"version":3,"names":["module","exports","C","_","D","F","B","E","G","P","I","A","K","J","N","S","Q","O","H","L","R","M"],"sources":["C:/Users/chest/OneDrive/Documentos/GitHub/HackUPC/frontend/node_modules/caniuse-lite/data/regions/WS.js"],