{"ast":null,"code":"module.exports = {\n  C: {\n    \"48\": 0.01068,\n    \"52\": 0.01601,\n    \"55\": 0.00534,\n    \"68\": 0.00534,\n    \"75\": 0.00534,\n    \"78\": 0.04804,\n    \"83\": 0.01068,\n    \"87\": 0.00534,\n    \"88\": 0.00534,\n    \"91\": 0.00534,\n    \"102\": 0.00534,\n    \"104\": 0.00534,\n    \"106\": 0.00534,\n    \"108\": 0.00534,\n    \"113\": 0.01068,\n    \"115\": 0.38434,\n    \"117\": 0.00534,\n    \"118\": 0.04804,\n    \"119\": 0.00534,\n    \"120\": 0.06406,\n    \"121\": 0.01601,\n    \"122\": 0.01601,\n    \"123\": 0.06406,\n    \"124\": 2.12986,\n    \"125\": 1.26511,\n    \"126\": 0.01068,\n    _: \"2 3 4 5 6 7 8 9 10 11 12 13 14 15 16 17 18 19 20 21 22 23 24 25 26 27 28 29 30 31 32 33 34 35 36 37 38 39 40 41 42 43 44 45 46 47 49 50 51 53 54 56 57 58 59 60 61 62 63 64 65 66 67 69 70 71 72 73 74 76 77 79 80 81 82 84 85 86 89 90 92 93 94 95 96 97 98 99 100 101 103 105 107 109 110 111 112 114 116 127 128 3.5 3.6\"\n  },\n  D: {\n    \"38\": 0.00534,\n    \"49\": 0.03203,\n    \"65\": 0.00534,\n    \"66\": 0.02135,\n    \"70\": 0.03737,\n    \"72\": 0.00534,\n    \"74\": 0.13345,\n    \"75\": 0.13345,\n    \"76\": 0.13345,\n    \"77\": 0.12811,\n    \"78\": 2.08716,\n    \"79\": 2.75975,\n    \"80\": 0.01068,\n    \"81\": 0.01068,\n    \"83\": 0.09608,\n    \"84\": 0.00534,\n    \"85\": 0.02135,\n    \"86\": 0.00534,\n    \"87\": 0.05338,\n    \"88\": 0.01601,\n    \"89\": 0.00534,\n    \"90\": 0.02135,\n    \"91\": 0.01068,\n    \"92\": 0.00534,\n    \"93\": 0.00534,\n    \"94\": 0.01068,\n    \"95\": 0.00534,\n    \"96\": 0.00534,\n    \"97\": 0.00534,\n    \"99\": 0.01601,\n    \"100\": 0.00534,\n    \"102\": 0.00534,\n    \"103\": 0.07473,\n    \"104\": 0.01068,\n    \"105\": 0.01601,\n    \"106\": 0.01068,\n    \"107\": 0.01068,\n    \"108\": 0.02669,\n    \"109\": 0.88611,\n    \"110\": 0.01068,\n    \"111\": 0.01068,\n    \"112\": 0.01601,\n    \"113\": 0.01601,\n    \"114\": 0.03203,\n    \"115\": 0.09608,\n    \"116\": 0.20284,\n    \"117\": 0.02135,\n    \"118\": 0.03203,\n    \"119\": 0.06406,\n    \"120\": 0.3096,\n    \"121\": 0.50711,\n    \"122\": 1.67079,\n    \"123\": 15.26134,\n    \"124\": 6.67784,\n    \"125\": 0.02135,\n    _: \"4 5 6 7 8 9 10 11 12 13 14 15 16 17 18 19 20 21 22 23 24 25 26 27 28 29 30 31 32 33 34 35 36 37 39 40 41 42 43 44 45 46 47 48 50 51 52 53 54 55 56 57 58 59 60 61 62 63 64 67 68 69 71 73 98 101 126 127\"\n  },\n  F: {\n    \"46\": 0.00534,\n    \"85\": 0.00534,\n    \"95\": 0.01601,\n    \"102\": 0.00534,\n    \"106\": 0.01601,\n    \"107\": 0.77401,\n    \"108\": 0.38434,\n    \"109\": 0.1548,\n    _: \"9 11 12 15 16 17 18 19 20 21 22 23 24 25 26 27 28 29 30 31 32 33 34 35 36 37 38 39 40 41 42 43 44 45 47 48 49 50 51 52 53 54 55 56 57 58 60 62 63 64 65 66 67 68 69 70 71 72 73 74 75 76 77 78 79 80 81 82 83 84 86 87 88 89 90 91 92 93 94 96 97 98 99 100 101 103 104 105 9.5-9.6 10.0-10.1 10.5 10.6 11.1 11.5 11.6 12.1\"\n  },\n  B: {\n    \"18\": 0.00534,\n    \"92\": 0.00534,\n    \"104\": 0.00534,\n    \"107\": 0.00534,\n    \"108\": 0.00534,\n    \"109\": 0.08541,\n    \"110\": 0.00534,\n    \"112\": 0.00534,\n    \"113\": 0.01068,\n    \"114\": 0.01068,\n    \"115\": 0.00534,\n    \"116\": 0.01068,\n    \"117\": 0.01068,\n    \"118\": 0.00534,\n    \"119\": 0.01601,\n    \"120\": 0.08541,\n    \"121\": 0.05338,\n    \"122\": 0.42704,\n    \"123\": 5.36469,\n    \"124\": 2.70103,\n    _: \"12 13 14 15 16 17 79 80 81 83 84 85 86 87 88 89 90 91 93 94 95 96 97 98 99 100 101 102 103 105 106 111\"\n  },\n  E: {\n    \"9\": 0.00534,\n    \"13\": 0.00534,\n    \"14\": 0.0427,\n    \"15\": 0.01068,\n    _: \"0 4 5 6 7 8 10 11 12 3.1 3.2 5.1 6.1 7.1 9.1 10.1 11.1\",\n    \"12.1\": 0.02135,\n    \"13.1\": 0.1548,\n    \"14.1\": 0.13879,\n    \"15.1\": 0.03203,\n    \"15.2-15.3\": 0.02135,\n    \"15.4\": 0.04804,\n    \"15.5\": 0.06939,\n    \"15.6\": 0.60853,\n    \"16.0\": 0.05338,\n    \"16.1\": 0.1121,\n    \"16.2\": 0.09075,\n    \"16.3\": 0.18149,\n    \"16.4\": 0.07473,\n    \"16.5\": 0.12277,\n    \"16.6\": 0.68326,\n    \"17.0\": 0.07473,\n    \"17.1\": 0.20818,\n    \"17.2\": 0.29893,\n    \"17.3\": 0.8434,\n    \"17.4\": 2.46616,\n    \"17.5\": 0.01068\n  },\n  G: {\n    \"8\": 0,\n    \"3.2\": 0,\n    \"4.0-4.1\": 0,\n    \"4.2-4.3\": 0.00402,\n    \"5.0-5.1\": 0.00402,\n    \"6.0-6.1\": 0.01004,\n    \"7.0-7.1\": 0.01606,\n    \"8.1-8.4\": 0.00402,\n    \"9.0-9.2\": 0.01004,\n    \"9.3\": 0.0502,\n    \"10.0-10.2\": 0.01004,\n    \"10.3\": 0.08032,\n    \"11.0-11.2\": 0.06827,\n    \"11.3-11.4\": 0.02008,\n    \"12.0-12.1\": 0.01406,\n    \"12.2-12.5\": 0.32729,\n    \"13.0-13.1\": 0.00602,\n    \"13.2\": 0.06626,\n    \"13.3\": 0.01606,\n    \"13.4-13.7\": 0.06225,\n    \"14.0-14.4\": 0.12248,\n    \"14.5-14.8\": 0.18674,\n    \"15.0-15.1\": 0.08634,\n    \"15.2-15.3\": 0.09839,\n    \"15.4\": 0.11244,\n    \"15.5\": 0.14256,\n    \"15.6-15.8\": 1.24491,\n    \"16.0\": 0.29115,\n    \"16.1\": 0.60639,\n    \"16.2\": 0.29115,\n    \"16.3\": 0.51403,\n    \"16.4\": 0.10642,\n    \"16.5\": 0.22288,\n    \"16.6-16.7\": 1.76095,\n    \"17.0\": 0.21083,\n    \"17.1\": 0.38954,\n    \"17.2\": 0.51804,\n    \"17.3\": 3.77891,\n    \"17.4\": 8.52966,\n    \"17.5\": 0.07831\n  },\n  P: {\n    \"4\": 0.0643,\n    \"20\": 0.01072,\n    \"21\": 0.05358,\n    \"22\": 0.03215,\n    \"23\": 0.17147,\n    \"24\": 2.915,\n    _: \"5.0-5.4 6.2-6.4 7.2-7.4 8.2 9.2 10.1 11.1-11.2 12.0 14.0 15.0 18.0\",\n    \"13.0\": 0.01072,\n    \"16.0\": 0.02143,\n    \"17.0\": 0.01072,\n    \"19.0\": 0.02143\n  },\n  I: {\n    \"0\": 0.07429,\n    \"3\": 0,\n    \"4\": 0.00001,\n    \"2.1\": 0,\n    \"2.2\": 0,\n    \"2.3\": 0,\n    \"4.1\": 0.00001,\n    \"4.2-4.3\": 0.00004,\n    \"4.4\": 0,\n    \"4.4.3-4.4.4\": 0.00019\n  },\n  A: {\n    \"8\": 0.01068,\n    \"9\": 0.00534,\n    \"11\": 0.06939,\n    _: \"6 7 10 5.5\"\n  },\n  K: {\n    \"0\": 0.18648,\n    _: \"10 11 12 11.1 11.5 12.1\"\n  },\n  J: {\n    _: \"7 10\"\n  },\n  N: {\n    _: \"10 11\"\n  },\n  S: {\n    _: \"2.5 3.0-3.1\"\n  },\n  Q: {\n    _: \"14.9\"\n  },\n  O: {\n    \"0\": 0.02331\n  },\n  H: {\n    \"0\": 0\n  },\n  L: {\n    \"0\": 22.26655\n  },\n  R: {\n    _: \"0\"\n  },\n  M: {\n    \"0\": 0.32168\n  }\n};","map":{"version":3,"names":["module","exports","C","_","D","F","B","E","G","P","I","A","K","J","N","S","Q","O","H","L","R","M"],"sources":["C:/Users/chest/OneDrive/Documentos/GitHub/HackUPC/frontend/node_modules/caniuse-lite/data/regions/BE.js"],