{"ast":null,"code":"module.exports = {\n  C: {\n    \"52\": 0.00353,\n    \"73\": 0.07411,\n    \"78\": 0.01412,\n    \"88\": 0.00353,\n    \"96\": 0.00353,\n    \"103\": 0.00353,\n    \"104\": 0.00353,\n    \"113\": 0.00353,\n    \"115\": 0.1094,\n    \"118\": 0.00353,\n    \"120\": 0.01059,\n    \"121\": 0.00706,\n    \"122\": 0.00706,\n    \"123\": 0.0247,\n    \"124\": 0.87166,\n    \"125\": 0.37055,\n    \"126\": 0.01765,\n    \"127\": 0.00353,\n    _: \"2 3 4 5 6 7 8 9 10 11 12 13 14 15 16 17 18 19 20 21 22 23 24 25 26 27 28 29 30 31 32 33 34 35 36 37 38 39 40 41 42 43 44 45 46 47 48 49 50 51 53 54 55 56 57 58 59 60 61 62 63 64 65 66 67 68 69 70 71 72 74 75 76 77 79 80 81 82 83 84 85 86 87 89 90 91 92 93 94 95 97 98 99 100 101 102 105 106 107 108 109 110 111 112 114 116 117 119 128 3.5 3.6\"\n  },\n  D: {\n    \"38\": 0.00353,\n    \"49\": 0.00706,\n    \"65\": 0.00353,\n    \"68\": 0.00353,\n    \"70\": 0.00353,\n    \"75\": 0.00706,\n    \"76\": 0.00353,\n    \"78\": 0.0247,\n    \"79\": 0.04235,\n    \"80\": 0.00353,\n    \"81\": 0.00353,\n    \"83\": 0.00353,\n    \"84\": 0.00353,\n    \"86\": 0.00353,\n    \"87\": 0.0247,\n    \"88\": 0.00706,\n    \"90\": 0.00353,\n    \"91\": 0.01765,\n    \"92\": 0.00353,\n    \"93\": 0.00706,\n    \"94\": 0.00353,\n    \"97\": 0.01059,\n    \"99\": 0.01059,\n    \"100\": 0.00353,\n    \"101\": 0.00706,\n    \"102\": 0.00353,\n    \"103\": 0.05999,\n    \"104\": 0.00353,\n    \"105\": 0.01412,\n    \"106\": 0.00353,\n    \"107\": 0.00353,\n    \"108\": 0.01412,\n    \"109\": 1.33749,\n    \"110\": 0.01059,\n    \"111\": 0.0247,\n    \"112\": 0.00706,\n    \"113\": 0.00706,\n    \"114\": 0.01412,\n    \"115\": 0.00706,\n    \"116\": 0.15528,\n    \"117\": 0.00706,\n    \"118\": 0.01412,\n    \"119\": 0.07058,\n    \"120\": 0.09175,\n    \"121\": 0.15881,\n    \"122\": 0.67757,\n    \"123\": 14.3842,\n    \"124\": 6.09811,\n    \"125\": 0.01765,\n    _: \"4 5 6 7 8 9 10 11 12 13 14 15 16 17 18 19 20 21 22 23 24 25 26 27 28 29 30 31 32 33 34 35 36 37 39 40 41 42 43 44 45 46 47 48 50 51 52 53 54 55 56 57 58 59 60 61 62 63 64 66 67 69 71 72 73 74 77 85 89 95 96 98 126 127\"\n  },\n  F: {\n    \"94\": 0.01059,\n    \"95\": 0.0247,\n    \"102\": 0.00353,\n    \"106\": 0.00706,\n    \"107\": 1.42572,\n    \"108\": 0.42348,\n    \"109\": 0.15528,\n    _: \"9 11 12 15 16 17 18 19 20 21 22 23 24 25 26 27 28 29 30 31 32 33 34 35 36 37 38 39 40 41 42 43 44 45 46 47 48 49 50 51 52 53 54 55 56 57 58 60 62 63 64 65 66 67 68 69 70 71 72 73 74 75 76 77 78 79 80 81 82 83 84 85 86 87 88 89 90 91 92 93 96 97 98 99 100 101 103 104 105 9.5-9.6 10.0-10.1 10.5 10.6 11.1 11.5 11.6 12.1\"\n  },\n  B: {\n    \"90\": 0.00353,\n    \"92\": 0.00706,\n    \"100\": 0.00353,\n    \"109\": 0.02823,\n    \"110\": 0.00353,\n    \"112\": 0.00353,\n    \"113\": 0.00353,\n    \"114\": 0.00353,\n    \"115\": 0.00353,\n    \"116\": 0.00353,\n    \"117\": 0.01059,\n    \"118\": 0.00706,\n    \"119\": 0.00706,\n    \"120\": 0.0247,\n    \"121\": 0.03176,\n    \"122\": 0.16233,\n    \"123\": 2.33267,\n    \"124\": 1.05164,\n    _: \"12 13 14 15 16 17 18 79 80 81 83 84 85 86 87 88 89 91 93 94 95 96 97 98 99 101 102 103 104 105 106 107 108 111\"\n  },\n  E: {\n    \"14\": 0.01059,\n    _: \"0 4 5 6 7 8 9 10 11 12 13 15 3.1 3.2 6.1 7.1 9.1 10.1 11.1\",\n    \"5.1\": 0.00706,\n    \"12.1\": 0.00353,\n    \"13.1\": 0.02117,\n    \"14.1\": 0.02823,\n    \"15.1\": 0.00706,\n    \"15.2-15.3\": 0.00706,\n    \"15.4\": 0.00353,\n    \"15.5\": 0.02117,\n    \"15.6\": 0.09528,\n    \"16.0\": 0.01059,\n    \"16.1\": 0.02823,\n    \"16.2\": 0.01412,\n    \"16.3\": 0.04235,\n    \"16.4\": 0.02117,\n    \"16.5\": 0.04588,\n    \"16.6\": 0.15175,\n    \"17.0\": 0.04588,\n    \"17.1\": 0.05999,\n    \"17.2\": 0.14822,\n    \"17.3\": 0.25762,\n    \"17.4\": 0.76226,\n    \"17.5\": 0.00706\n  },\n  G: {\n    \"8\": 0,\n    \"3.2\": 0,\n    \"4.0-4.1\": 0,\n    \"4.2-4.3\": 0.0022,\n    \"5.0-5.1\": 0.0022,\n    \"6.0-6.1\": 0.00551,\n    \"7.0-7.1\": 0.00882,\n    \"8.1-8.4\": 0.0022,\n    \"9.0-9.2\": 0.00551,\n    \"9.3\": 0.02756,\n    \"10.0-10.2\": 0.00551,\n    \"10.3\": 0.0441,\n    \"11.0-11.2\": 0.03748,\n    \"11.3-11.4\": 0.01102,\n    \"12.0-12.1\": 0.00772,\n    \"12.2-12.5\": 0.17971,\n    \"13.0-13.1\": 0.00331,\n    \"13.2\": 0.03638,\n    \"13.3\": 0.00882,\n    \"13.4-13.7\": 0.03418,\n    \"14.0-14.4\": 0.06725,\n    \"14.5-14.8\": 0.10253,\n    \"15.0-15.1\": 0.04741,\n    \"15.2-15.3\": 0.05402,\n    \"15.4\": 0.06174,\n    \"15.5\": 0.07828,\n    \"15.6-15.8\": 0.68354,\n    \"16.0\": 0.15986,\n    \"16.1\": 0.33295,\n    \"16.2\": 0.15986,\n    \"16.3\": 0.28224,\n    \"16.4\": 0.05843,\n    \"16.5\": 0.12238,\n    \"16.6-16.7\": 0.96688,\n    \"17.0\": 0.11576,\n    \"17.1\": 0.21388,\n    \"17.2\": 0.28444,\n    \"17.3\": 2.07488,\n    \"17.4\": 4.68337,\n    \"17.5\": 0.043\n  },\n  P: {\n    \"4\": 0.05086,\n    \"20\": 0.02035,\n    \"21\": 0.05086,\n    \"22\": 0.07121,\n    \"23\": 0.23398,\n    \"24\": 2.40079,\n    _: \"5.0-5.4 6.2-6.4 8.2 9.2 10.1 12.0\",\n    \"7.2-7.4\": 0.08138,\n    \"11.1-11.2\": 0.06104,\n    \"13.0\": 0.02035,\n    \"14.0\": 0.01017,\n    \"15.0\": 0.01017,\n    \"16.0\": 0.03052,\n    \"17.0\": 0.02035,\n    \"18.0\": 0.01017,\n    \"19.0\": 0.06104\n  },\n  I: {\n    \"0\": 0.03222,\n    \"3\": 0,\n    \"4\": 0,\n    \"2.1\": 0,\n    \"2.2\": 0,\n    \"2.3\": 0,\n    \"4.1\": 0.00001,\n    \"4.2-4.3\": 0.00002,\n    \"4.4\": 0,\n    \"4.4.3-4.4.4\": 0.00008\n  },\n  A: {\n    \"11\": 0.00706,\n    _: \"6 7 8 9 10 5.5\"\n  },\n  K: {\n    \"0\": 0.32997,\n    _: \"10 11 12 11.1 11.5 12.1\"\n  },\n  J: {\n    _: \"7 10\"\n  },\n  N: {\n    _: \"10 11\"\n  },\n  S: {\n    _: \"2.5 3.0-3.1\"\n  },\n  Q: {\n    _: \"14.9\"\n  },\n  O: {\n    \"0\": 0.07117\n  },\n  H: {\n    \"0\": 0\n  },\n  L: {\n    \"0\": 52.11225\n  },\n  R: {\n    _: \"0\"\n  },\n  M: {\n    \"0\": 0.23939\n  }\n};","map":{"version":3,"names":["module","exports","C","_","D","F","B","E","G","P","I","A","K","J","N","S","Q","O","H","L","R","M"],"sources":["C:/Users/chest/OneDrive/Documentos/GitHub/HackUPC/frontend/node_modules/caniuse-lite/data/regions/GT.js"],