{"ast":null,"code":"module.exports = {\n  C: {\n    \"40\": 0.00382,\n    \"52\": 0.00764,\n    \"73\": 0.02673,\n    \"74\": 0.00382,\n    \"78\": 0.00382,\n    \"88\": 0.00382,\n    \"89\": 0.00382,\n    \"91\": 0.00382,\n    \"95\": 0.00382,\n    \"102\": 0.00764,\n    \"103\": 0.00764,\n    \"113\": 0.00382,\n    \"115\": 0.28635,\n    \"118\": 0.00382,\n    \"119\": 0.00764,\n    \"120\": 0.01909,\n    \"121\": 0.00382,\n    \"122\": 0.01145,\n    \"123\": 0.03054,\n    \"124\": 1.11486,\n    \"125\": 0.50398,\n    _: \"2 3 4 5 6 7 8 9 10 11 12 13 14 15 16 17 18 19 20 21 22 23 24 25 26 27 28 29 30 31 32 33 34 35 36 37 38 39 41 42 43 44 45 46 47 48 49 50 51 53 54 55 56 57 58 59 60 61 62 63 64 65 66 67 68 69 70 71 72 75 76 77 79 80 81 82 83 84 85 86 87 90 92 93 94 96 97 98 99 100 101 104 105 106 107 108 109 110 111 112 114 116 117 126 127 128 3.5\",\n    \"3.6\": 0.00382\n  },\n  D: {\n    \"41\": 0.00382,\n    \"43\": 0.00382,\n    \"44\": 0.00382,\n    \"45\": 0.00382,\n    \"46\": 0.00382,\n    \"47\": 0.00764,\n    \"51\": 0.00764,\n    \"63\": 0.00382,\n    \"65\": 0.00382,\n    \"67\": 0.00382,\n    \"70\": 0.00382,\n    \"72\": 0.00382,\n    \"73\": 0.00764,\n    \"75\": 0.00382,\n    \"79\": 0.03054,\n    \"80\": 0.01909,\n    \"83\": 0.01527,\n    \"86\": 0.06109,\n    \"87\": 0.03818,\n    \"88\": 0.00382,\n    \"90\": 0.00382,\n    \"91\": 0.00382,\n    \"92\": 0.00382,\n    \"93\": 0.00764,\n    \"94\": 0.01145,\n    \"95\": 0.00382,\n    \"96\": 0.042,\n    \"97\": 0.00382,\n    \"98\": 0.00764,\n    \"99\": 0.01145,\n    \"101\": 0.00382,\n    \"102\": 0.00382,\n    \"103\": 0.06872,\n    \"104\": 0.01145,\n    \"105\": 0.01145,\n    \"106\": 0.01527,\n    \"107\": 0.00764,\n    \"108\": 0.00764,\n    \"109\": 1.79064,\n    \"110\": 0.01909,\n    \"111\": 0.00764,\n    \"112\": 0.00764,\n    \"113\": 0.00764,\n    \"114\": 0.02673,\n    \"115\": 0.02673,\n    \"116\": 0.17945,\n    \"117\": 0.00764,\n    \"118\": 0.02673,\n    \"119\": 0.06872,\n    \"120\": 0.11836,\n    \"121\": 0.28253,\n    \"122\": 1.02322,\n    \"123\": 15.33309,\n    \"124\": 6.07826,\n    \"125\": 0.01527,\n    _: \"4 5 6 7 8 9 10 11 12 13 14 15 16 17 18 19 20 21 22 23 24 25 26 27 28 29 30 31 32 33 34 35 36 37 38 39 40 42 48 49 50 52 53 54 55 56 57 58 59 60 61 62 64 66 68 69 71 74 76 77 78 81 84 85 89 100 126 127\"\n  },\n  F: {\n    \"28\": 0.00382,\n    \"36\": 0.00382,\n    \"95\": 0.01145,\n    \"104\": 0.00382,\n    \"107\": 1.69137,\n    \"108\": 0.31308,\n    \"109\": 0.12218,\n    _: \"9 11 12 15 16 17 18 19 20 21 22 23 24 25 26 27 29 30 31 32 33 34 35 37 38 39 40 41 42 43 44 45 46 47 48 49 50 51 52 53 54 55 56 57 58 60 62 63 64 65 66 67 68 69 70 71 72 73 74 75 76 77 78 79 80 81 82 83 84 85 86 87 88 89 90 91 92 93 94 96 97 98 99 100 101 102 103 105 106 9.5-9.6 10.0-10.1 10.5 10.6 11.1 11.5 11.6 12.1\"\n  },\n  B: {\n    \"14\": 0.00382,\n    \"16\": 0.00382,\n    \"17\": 0.00382,\n    \"18\": 0.00382,\n    \"92\": 0.01145,\n    \"100\": 0.00382,\n    \"109\": 0.042,\n    \"113\": 0.00382,\n    \"114\": 0.00764,\n    \"115\": 0.00764,\n    \"117\": 0.00382,\n    \"118\": 0.00382,\n    \"119\": 0.00764,\n    \"120\": 0.01527,\n    \"121\": 0.05345,\n    \"122\": 0.20617,\n    \"123\": 2.77569,\n    \"124\": 1.23703,\n    _: \"12 13 15 79 80 81 83 84 85 86 87 88 89 90 91 93 94 95 96 97 98 99 101 102 103 104 105 106 107 108 110 111 112 116\"\n  },\n  E: {\n    \"9\": 0.01145,\n    \"14\": 0.00382,\n    _: \"0 4 5 6 7 8 10 11 12 13 15 3.1 3.2 6.1 7.1 9.1 10.1 11.1 12.1\",\n    \"5.1\": 0.00382,\n    \"13.1\": 0.03436,\n    \"14.1\": 0.03818,\n    \"15.1\": 0.01527,\n    \"15.2-15.3\": 0.00382,\n    \"15.4\": 0.01909,\n    \"15.5\": 0.01527,\n    \"15.6\": 0.18326,\n    \"16.0\": 0.01527,\n    \"16.1\": 0.06872,\n    \"16.2\": 0.01909,\n    \"16.3\": 0.05345,\n    \"16.4\": 0.01909,\n    \"16.5\": 0.04963,\n    \"16.6\": 0.26726,\n    \"17.0\": 0.03436,\n    \"17.1\": 0.09545,\n    \"17.2\": 0.14127,\n    \"17.3\": 0.34362,\n    \"17.4\": 1.09577,\n    \"17.5\": 0.00764\n  },\n  G: {\n    \"8\": 0,\n    \"3.2\": 0,\n    \"4.0-4.1\": 0,\n    \"4.2-4.3\": 0.00271,\n    \"5.0-5.1\": 0.00271,\n    \"6.0-6.1\": 0.00678,\n    \"7.0-7.1\": 0.01086,\n    \"8.1-8.4\": 0.00271,\n    \"9.0-9.2\": 0.00678,\n    \"9.3\": 0.03392,\n    \"10.0-10.2\": 0.00678,\n    \"10.3\": 0.05428,\n    \"11.0-11.2\": 0.04614,\n    \"11.3-11.4\": 0.01357,\n    \"12.0-12.1\": 0.0095,\n    \"12.2-12.5\": 0.22118,\n    \"13.0-13.1\": 0.00407,\n    \"13.2\": 0.04478,\n    \"13.3\": 0.01086,\n    \"13.4-13.7\": 0.04207,\n    \"14.0-14.4\": 0.08277,\n    \"14.5-14.8\": 0.1262,\n    \"15.0-15.1\": 0.05835,\n    \"15.2-15.3\": 0.06649,\n    \"15.4\": 0.07599,\n    \"15.5\": 0.09634,\n    \"15.6-15.8\": 0.84131,\n    \"16.0\": 0.19676,\n    \"16.1\": 0.4098,\n    \"16.2\": 0.19676,\n    \"16.3\": 0.34738,\n    \"16.4\": 0.07192,\n    \"16.5\": 0.15062,\n    \"16.6-16.7\": 1.19004,\n    \"17.0\": 0.14248,\n    \"17.1\": 0.26325,\n    \"17.2\": 0.35009,\n    \"17.3\": 2.55378,\n    \"17.4\": 5.76432,\n    \"17.5\": 0.05292\n  },\n  P: {\n    \"4\": 0.07165,\n    \"20\": 0.02047,\n    \"21\": 0.03071,\n    \"22\": 0.09212,\n    \"23\": 0.16377,\n    \"24\": 2.44635,\n    _: \"5.0-5.4 8.2 9.2 10.1 11.1-11.2 12.0 13.0 15.0 18.0\",\n    \"6.2-6.4\": 0.02047,\n    \"7.2-7.4\": 0.05118,\n    \"14.0\": 0.01024,\n    \"16.0\": 0.01024,\n    \"17.0\": 0.02047,\n    \"19.0\": 0.01024\n  },\n  I: {\n    \"0\": 0.08619,\n    \"3\": 0,\n    \"4\": 0.00001,\n    \"2.1\": 0,\n    \"2.2\": 0,\n    \"2.3\": 0,\n    \"4.1\": 0.00002,\n    \"4.2-4.3\": 0.00005,\n    \"4.4\": 0,\n    \"4.4.3-4.4.4\": 0.00022\n  },\n  A: {\n    \"7\": 0.00382,\n    \"8\": 0.02291,\n    \"9\": 0.00382,\n    \"10\": 0.00382,\n    \"11\": 0.03054,\n    _: \"6 5.5\"\n  },\n  K: {\n    \"0\": 0.34001,\n    _: \"10 11 12 11.1 11.5 12.1\"\n  },\n  J: {\n    _: \"7 10\"\n  },\n  N: {\n    _: \"10 11\"\n  },\n  S: {\n    _: \"2.5 3.0-3.1\"\n  },\n  Q: {\n    _: \"14.9\"\n  },\n  O: {\n    \"0\": 0.03709\n  },\n  H: {\n    \"0\": 0\n  },\n  L: {\n    \"0\": 45.01978\n  },\n  R: {\n    _: \"0\"\n  },\n  M: {\n    \"0\": 0.55638\n  }\n};","map":{"version":3,"names":["module","exports","C","_","D","F","B","E","G","P","I","A","K","J","N","S","Q","O","H","L","R","M"],"sources":["C:/Users/chest/OneDrive/Documentos/GitHub/HackUPC/frontend/node_modules/caniuse-lite/data/regions/CR.js"],