{"ast":null,"code":"module.exports = {\n  C: {\n    \"105\": 0.11345,\n    \"124\": 0.14622,\n    \"125\": 0.43865,\n    \"126\": 0.01513,\n    _: \"2 3 4 5 6 7 8 9 10 11 12 13 14 15 16 17 18 19 20 21 22 23 24 25 26 27 28 29 30 31 32 33 34 35 36 37 38 39 40 41 42 43 44 45 46 47 48 49 50 51 52 53 54 55 56 57 58 59 60 61 62 63 64 65 66 67 68 69 70 71 72 73 74 75 76 77 78 79 80 81 82 83 84 85 86 87 88 89 90 91 92 93 94 95 96 97 98 99 100 101 102 103 104 106 107 108 109 110 111 112 113 114 115 116 117 118 119 120 121 122 123 127 128 3.5 3.6\"\n  },\n  D: {\n    \"71\": 0.08067,\n    \"96\": 0.01513,\n    \"108\": 0.08067,\n    \"109\": 0.06555,\n    \"112\": 0.01513,\n    \"115\": 0.17899,\n    \"119\": 0.06555,\n    \"120\": 0.01513,\n    \"121\": 0.03277,\n    \"122\": 0.35798,\n    \"123\": 3.59999,\n    \"124\": 2.54117,\n    _: \"4 5 6 7 8 9 10 11 12 13 14 15 16 17 18 19 20 21 22 23 24 25 26 27 28 29 30 31 32 33 34 35 36 37 38 39 40 41 42 43 44 45 46 47 48 49 50 51 52 53 54 55 56 57 58 59 60 61 62 63 64 65 66 67 68 69 70 72 73 74 75 76 77 78 79 80 81 83 84 85 86 87 88 89 90 91 92 93 94 95 97 98 99 100 101 102 103 104 105 106 107 110 111 113 114 116 117 118 125 126 127\"\n  },\n  F: {\n    \"107\": 0.40588,\n    \"108\": 0.06555,\n    \"109\": 1.04117,\n    _: \"9 11 12 15 16 17 18 19 20 21 22 23 24 25 26 27 28 29 30 31 32 33 34 35 36 37 38 39 40 41 42 43 44 45 46 47 48 49 50 51 52 53 54 55 56 57 58 60 62 63 64 65 66 67 68 69 70 71 72 73 74 75 76 77 78 79 80 81 82 83 84 85 86 87 88 89 90 91 92 93 94 95 96 97 98 99 100 101 102 103 104 105 106 9.5-9.6 10.0-10.1 10.5 10.6 11.1 11.5 11.6 12.1\"\n  },\n  B: {\n    \"100\": 0.06555,\n    \"109\": 0.03277,\n    \"111\": 0.01513,\n    \"114\": 0.03277,\n    \"115\": 0.11345,\n    \"117\": 0.01513,\n    \"118\": 0.0479,\n    \"119\": 2.0042,\n    \"120\": 0.31008,\n    \"121\": 0.31008,\n    \"122\": 0.48907,\n    \"123\": 2.72016,\n    \"124\": 1.35126,\n    _: \"12 13 14 15 16 17 18 79 80 81 83 84 85 86 87 88 89 90 91 92 93 94 95 96 97 98 99 101 102 103 104 105 106 107 108 110 112 113 116\"\n  },\n  E: {\n    _: \"0 4 5 6 7 8 9 10 11 12 13 14 15 3.1 3.2 5.1 6.1 7.1 9.1 10.1 11.1 12.1 13.1 14.1 15.1 15.2-15.3 15.4 15.5 16.0 16.1 16.2 16.3 16.4 16.5 16.6 17.0 17.1 17.2 17.5\",\n    \"15.6\": 0.03277,\n    \"17.3\": 0.14622,\n    \"17.4\": 0.55462\n  },\n  G: {\n    \"8\": 0,\n    \"3.2\": 0,\n    \"4.0-4.1\": 0,\n    \"4.2-4.3\": 0.00014,\n    \"5.0-5.1\": 0.00014,\n    \"6.0-6.1\": 0.00035,\n    \"7.0-7.1\": 0.00056,\n    \"8.1-8.4\": 0.00014,\n    \"9.0-9.2\": 0.00035,\n    \"9.3\": 0.00176,\n    \"10.0-10.2\": 0.00035,\n    \"10.3\": 0.00281,\n    \"11.0-11.2\": 0.00239,\n    \"11.3-11.4\": 0.0007,\n    \"12.0-12.1\": 0.00049,\n    \"12.2-12.5\": 0.01146,\n    \"13.0-13.1\": 0.00021,\n    \"13.2\": 0.00232,\n    \"13.3\": 0.00056,\n    \"13.4-13.7\": 0.00218,\n    \"14.0-14.4\": 0.00429,\n    \"14.5-14.8\": 0.00654,\n    \"15.0-15.1\": 0.00302,\n    \"15.2-15.3\": 0.00344,\n    \"15.4\": 0.00394,\n    \"15.5\": 0.00499,\n    \"15.6-15.8\": 0.04359,\n    \"16.0\": 0.01019,\n    \"16.1\": 0.02123,\n    \"16.2\": 0.01019,\n    \"16.3\": 0.018,\n    \"16.4\": 0.00373,\n    \"16.5\": 0.0078,\n    \"16.6-16.7\": 0.06166,\n    \"17.0\": 0.00738,\n    \"17.1\": 0.01364,\n    \"17.2\": 0.01814,\n    \"17.3\": 0.13231,\n    \"17.4\": 0.29865,\n    \"17.5\": 0.00274\n  },\n  P: {\n    \"21\": 0.07217,\n    \"22\": 0.16497,\n    \"23\": 0.43303,\n    \"24\": 0.37117,\n    _: \"4 20 5.0-5.4 6.2-6.4 8.2 9.2 10.1 11.1-11.2 12.0 13.0 14.0 15.0 18.0\",\n    \"7.2-7.4\": 0.13403,\n    \"16.0\": 0.03093,\n    \"17.0\": 0.1031,\n    \"19.0\": 0.05155\n  },\n  I: {\n    \"0\": 0.06704,\n    \"3\": 0,\n    \"4\": 0.00001,\n    \"2.1\": 0,\n    \"2.2\": 0,\n    \"2.3\": 0,\n    \"4.1\": 0.00001,\n    \"4.2-4.3\": 0.00004,\n    \"4.4\": 0,\n    \"4.4.3-4.4.4\": 0.00017\n  },\n  A: {\n    _: \"6 7 8 9 10 11 5.5\"\n  },\n  K: {\n    \"0\": 0.48614,\n    _: \"10 11 12 11.1 11.5 12.1\"\n  },\n  J: {\n    _: \"7 10\"\n  },\n  N: {\n    _: \"10 11\"\n  },\n  S: {\n    _: \"2.5 3.0-3.1\"\n  },\n  Q: {\n    _: \"14.9\"\n  },\n  O: {\n    \"0\": 1.15925\n  },\n  H: {\n    \"0\": 0\n  },\n  L: {\n    \"0\": 78.21972\n  },\n  R: {\n    _: \"0\"\n  },\n  M: {\n    \"0\": 0.11966\n  }\n};","map":{"version":3,"names":["module","exports","C","_","D","F","B","E","G","P","I","A","K","J","N","S","Q","O","H","L","R","M"],"sources":["C:/Users/chest/OneDrive/Documentos/GitHub/HackUPC/frontend/node_modules/caniuse-lite/data/regions/KI.js"],"sourcesContent":["module.exports={C:{\"105\":0.11345,\"124\":0.14622,\"125\":0.43865,\"126\":0.01513,_:\"2 3 4 5 6 7 8 9 10 11 12 13 14 15 16 17 18 19 20 21 22 23 24 25 26 27 28 29 30 31 32 33 34 35 36 37 38 39 40 41 42 43 44 45 46 47 48 49 50 51 52 53 54 55 56 57 58 59 60 61 62 63 64 65 66 67 68 69 70 71 72 73 74 75 76 77 78 79 80 81 82 83 84 85 86 87 88 89 90 91 92 93 94 95 96 97 98 99 100 101 102 103 104 106 107 108 109 110 111 112 113 114 115 116 117 118 119 120 121 122 123 127 128 3.5 3.6\"},D:{\"71\":0.08067,\"96\":0.01513,\"108\":0.08067,\"109\":0.06555,\"112\":0.01513,\"115\":0.17899,\"119\":0.06555,\"120\":0.01513,\"121\":0.03277,\"122\":0.35798,\"123\":3.59999,\"124\":2.54117,_:\"4 5 6 7 8 9 10 11 12 13 14 15 16 17 18 19 20 21 22 23 24 25 26 27 28 29 30 31 32 33 34 35 36 37 38 39 40 41 42 43 44 45 46 47 48 49 50 51 52 53 54 55 56 57 58 59 60 61 62 63 64 65 66 67 68 69 70 72 73 74 75 76 77 78 79 80 81 83 84 85 86 87 88 89 90 91 92 93 94 95 97 98 99 100 101 102 103 104 105 106 107 110 111 113 114 116 117 118 125 126 127\"},F:{\"107\":0.40588,\"108\":0.06555,\"109\":1.04117,_:\"9 11 12 15 16 17 18 19 20 21 22 23 24 25 26 27 28 29 30 31 32 33 34 35 36 37 38 39 40 41 42 43 44 45 46 47 48 49 50 51 52 53 54 55 56 57 58 60 62 63 64 65 66 67 68 69 70 71 72 73 74 75 76 77 78 79 80 81 82 83 84 85 86 87 88 89 90 91 92 93 94 95 96 97 98 99 100 101 102 103 104 105 106 9.5-9.6 10.0-10.1 10.5 10.6 11.1 11.5 11.6 12.1\"},B:{\"100\":0.06555,\"109\":0.03277,\"111\":0.01513,\"114\":0.03277,\"115\":0.11345,\"117\":0.01513,\"118\":0.0479,\"119\":2.0042,\"120\":0.31008,\"121\":0.31008,\"122\":0.48907,\"123\":2.72016,\"124\":1.35126,_:\"12 13 14 15 16 17 18 79 80 81 83 84 85 86 87 88 89 90 91 92 93 94 95 96 97 98 99 101 102 103 104 105 106 107 108 110 112 113 116\"},E:{_:\"0 4 5 6 7 8 9 10 11 12 13 14 15 3.1 3.2 5.1 6.1 7.1 9.1 10.1 11.1 12.1 13.1 14.1 15.1 15.2-15.3 15.4 15.5 16.0 16.1 16.2 16.3 16.4 16.5 16.6 17.0 17.1 17.2 17.5\",\"15.6\":0.03277,\"17.3\":0.14622,\"17.4\":0.55462},G:{\"8\":0,\"3.2\":0,\"4.0-4.1\":0,\"4.2-4.3\":0.00014,\"5.0-5.1\":0.00014,\"6.0-6.1\":0.00035,\"7.0-7.1\":0.00056,\"8.1-8.4\":0.00014,\"9.0-9.2\":0.00035,\"9.3\":0.00176,\"10.0-10.2\":0.00035,\"10.3\":0.00281,\"11.0-11.2\":0.00239,\"11.3-11.4\":0.0007,\"12.0-12.1\":0.00049,\"12.2-12.5\":0.01146,\"13.0-13.1\":0.00021,\"13.2\":0.00232,\"13.3\":0.00056,\"13.4-13.7\":0.00218,\"14.0-14.4\":0.00429,\"14.5-14.8\":0.00654,\"15.0-15.1\":0.00302,\"15.2-15.3\":0.00344,\"15.4\":0.00394,\"15.5\":0.00499,\"15.6-15.8\":0.04359,\"16.0\":0.01019,\"16.1\":0.02123,\"16.2\":0.01019,\"16.3\":0.018,\"16.4\":0.00373,\"16.5\":0.0078,\"16.6-16.7\":0.06166,\"17.0\":0.00738,\"17.1\":0.01364,\"17.2\":0.01814,\"17.3\":0.13231,\"17.4\":0.29865,\"17.5\":0.00274},P:{\"21\":0.07217,\"22\":0.16497,\"23\":0.43303,\"24\":0.37117,_:\"4 20 5.0-5.4 6.2-6.4 8.2 9.2 10.1 11.1-11.2 12.0 13.0 14.0 15.0 18.0\",\"7.2-7.4\":0.13403,\"16.0\":0.03093,\"17.0\":0.1031,\"19.0\":0.05155},I:{\"0\":0.06704,\"3\":0,\"4\":0.00001,\"2.1\":0,\"2.2\":0,\"2.3\":0,\"4.1\":0.00001,\"4.2-4.3\":0.00004,\"4.4\":0,\"4.4.3-4.4.4\":0.00017},A:{_:\"6 7 8 9 10 11 5.5\"},K:{\"0\":0.48614,_:\"10 11 12 11.1 11.5 12.1\"},J:{_:\"7 10\"},N:{_:\"10 11\"},S:{_:\"2.5 3.0-3.1\"},Q:{_:\"14.9\"},O:{\"0\":1.15925},H:{\"0\":0},L:{\"0\":78.21972},R:{_:\"0\"},M:{\"0\":0.11966}};\n"],