{"ast":null,"code":"module.exports = {\n  C: {\n    \"56\": 0.0254,\n    \"78\": 0.00318,\n    \"115\": 0.02223,\n    \"124\": 0.19685,\n    \"125\": 0.18415,\n    _: \"2 3 4 5 6 7 8 9 10 11 12 13 14 15 16 17 18 19 20 21 22 23 24 25 26 27 28 29 30 31 32 33 34 35 36 37 38 39 40 41 42 43 44 45 46 47 48 49 50 51 52 53 54 55 57 58 59 60 61 62 63 64 65 66 67 68 69 70 71 72 73 74 75 76 77 79 80 81 82 83 84 85 86 87 88 89 90 91 92 93 94 95 96 97 98 99 100 101 102 103 104 105 106 107 108 109 110 111 112 113 114 116 117 118 119 120 121 122 123 126 127 128 3.5 3.6\"\n  },\n  D: {\n    \"11\": 0.17145,\n    \"33\": 0.00635,\n    \"46\": 0.00318,\n    \"51\": 0.00318,\n    \"64\": 0.00318,\n    \"68\": 0.00318,\n    \"70\": 0.00318,\n    \"73\": 0.00318,\n    \"75\": 0.00635,\n    \"81\": 0.05398,\n    \"83\": 0.0127,\n    \"87\": 0.00635,\n    \"88\": 0.00318,\n    \"89\": 0.0254,\n    \"103\": 0.0508,\n    \"106\": 0.24765,\n    \"108\": 0.00318,\n    \"109\": 4.21323,\n    \"111\": 0.00635,\n    \"114\": 0.00635,\n    \"116\": 0.00318,\n    \"117\": 0.00953,\n    \"118\": 0.00318,\n    \"119\": 0.02858,\n    \"120\": 0.01588,\n    \"121\": 0.05715,\n    \"122\": 0.20638,\n    \"123\": 7.28663,\n    \"124\": 4.63233,\n    \"125\": 0.19685,\n    _: \"4 5 6 7 8 9 10 12 13 14 15 16 17 18 19 20 21 22 23 24 25 26 27 28 29 30 31 32 34 35 36 37 38 39 40 41 42 43 44 45 47 48 49 50 52 53 54 55 56 57 58 59 60 61 62 63 65 66 67 69 71 72 74 76 77 78 79 80 84 85 86 90 91 92 93 94 95 96 97 98 99 100 101 102 104 105 107 110 112 113 115 126 127\"\n  },\n  F: {\n    \"40\": 0.00318,\n    \"95\": 0.00635,\n    \"104\": 0.01588,\n    \"108\": 0.3556,\n    \"109\": 0.0127,\n    _: \"9 11 12 15 16 17 18 19 20 21 22 23 24 25 26 27 28 29 30 31 32 33 34 35 36 37 38 39 41 42 43 44 45 46 47 48 49 50 51 52 53 54 55 56 57 58 60 62 63 64 65 66 67 68 69 70 71 72 73 74 75 76 77 78 79 80 81 82 83 84 85 86 87 88 89 90 91 92 93 94 96 97 98 99 100 101 102 103 105 106 107 9.5-9.6 10.0-10.1 10.5 10.6 11.1 11.5 11.6 12.1\"\n  },\n  B: {\n    \"14\": 0.00318,\n    \"15\": 0.00635,\n    \"18\": 0.0127,\n    \"90\": 0.01905,\n    \"92\": 0.00635,\n    \"107\": 0.01588,\n    \"109\": 0.17463,\n    \"114\": 0.00635,\n    \"119\": 0.02858,\n    \"120\": 0.1143,\n    \"121\": 0.30163,\n    \"122\": 0.24765,\n    \"123\": 3.72745,\n    \"124\": 3.28613,\n    _: \"12 13 16 17 79 80 81 83 84 85 86 87 88 89 91 93 94 95 96 97 98 99 100 101 102 103 104 105 106 108 110 111 112 113 115 116 117 118\"\n  },\n  E: {\n    \"13\": 0.00318,\n    _: \"0 4 5 6 7 8 9 10 11 12 14 15 3.1 3.2 5.1 6.1 7.1 9.1 10.1 11.1 12.1 13.1 14.1 15.1 15.2-15.3 15.4 15.5 16.0 16.1 16.4 16.5 17.1 17.2 17.5\",\n    \"15.6\": 0.01905,\n    \"16.2\": 0.00318,\n    \"16.3\": 0.01588,\n    \"16.6\": 0.00953,\n    \"17.0\": 0.00318,\n    \"17.3\": 0.00318,\n    \"17.4\": 0.03175\n  },\n  G: {\n    \"8\": 0,\n    \"3.2\": 0,\n    \"4.0-4.1\": 0,\n    \"4.2-4.3\": 0.00109,\n    \"5.0-5.1\": 0.00109,\n    \"6.0-6.1\": 0.00272,\n    \"7.0-7.1\": 0.00435,\n    \"8.1-8.4\": 0.00109,\n    \"9.0-9.2\": 0.00272,\n    \"9.3\": 0.0136,\n    \"10.0-10.2\": 0.00272,\n    \"10.3\": 0.02176,\n    \"11.0-11.2\": 0.01849,\n    \"11.3-11.4\": 0.00544,\n    \"12.0-12.1\": 0.00381,\n    \"12.2-12.5\": 0.08866,\n    \"13.0-13.1\": 0.00163,\n    \"13.2\": 0.01795,\n    \"13.3\": 0.00435,\n    \"13.4-13.7\": 0.01686,\n    \"14.0-14.4\": 0.03318,\n    \"14.5-14.8\": 0.05059,\n    \"15.0-15.1\": 0.02339,\n    \"15.2-15.3\": 0.02665,\n    \"15.4\": 0.03046,\n    \"15.5\": 0.03862,\n    \"15.6-15.8\": 0.33725,\n    \"16.0\": 0.07887,\n    \"16.1\": 0.16427,\n    \"16.2\": 0.07887,\n    \"16.3\": 0.13925,\n    \"16.4\": 0.02883,\n    \"16.5\": 0.06038,\n    \"16.6-16.7\": 0.47705,\n    \"17.0\": 0.05712,\n    \"17.1\": 0.10553,\n    \"17.2\": 0.14034,\n    \"17.3\": 1.02372,\n    \"17.4\": 2.31071,\n    \"17.5\": 0.02121\n  },\n  P: {\n    \"4\": 0.28217,\n    \"21\": 0.12541,\n    \"22\": 0.0627,\n    \"23\": 0.10451,\n    \"24\": 0.17766,\n    _: \"20 5.0-5.4 6.2-6.4 8.2 9.2 10.1 11.1-11.2 12.0 13.0 14.0 15.0 16.0\",\n    \"7.2-7.4\": 0.15676,\n    \"17.0\": 0.0209,\n    \"18.0\": 0.01045,\n    \"19.0\": 0.0627\n  },\n  I: {\n    \"0\": 0.0068,\n    \"3\": 0,\n    \"4\": 0,\n    \"2.1\": 0,\n    \"2.2\": 0,\n    \"2.3\": 0,\n    \"4.1\": 0,\n    \"4.2-4.3\": 0,\n    \"4.4\": 0,\n    \"4.4.3-4.4.4\": 0.00002\n  },\n  A: {\n    \"11\": 0.01588,\n    _: \"6 7 8 9 10 5.5\"\n  },\n  K: {\n    \"0\": 0.41728,\n    _: \"10 11 12 11.1 11.5 12.1\"\n  },\n  J: {\n    _: \"7 10\"\n  },\n  N: {\n    _: \"10 11\"\n  },\n  S: {\n    \"2.5\": 0.75758,\n    _: \"3.0-3.1\"\n  },\n  Q: {\n    _: \"14.9\"\n  },\n  O: {\n    \"0\": 0.02048\n  },\n  H: {\n    \"0\": 0.04\n  },\n  L: {\n    \"0\": 66.0394\n  },\n  R: {\n    _: \"0\"\n  },\n  M: {\n    \"0\": 0.04095\n  }\n};","map":{"version":3,"names":["module","exports","C","_","D","F","B","E","G","P","I","A","K","J","N","S","Q","O","H","L","R","M"],"sources":["C:/Users/chest/OneDrive/Documentos/GitHub/HackUPC/frontend/node_modules/caniuse-lite/data/regions/GW.js"],