{"ast":null,"code":"module.exports = {\n  C: {\n    \"78\": 0.14578,\n    \"115\": 0.5866,\n    \"124\": 2.57548,\n    \"125\": 0.88163,\n    _: \"2 3 4 5 6 7 8 9 10 11 12 13 14 15 16 17 18 19 20 21 22 23 24 25 26 27 28 29 30 31 32 33 34 35 36 37 38 39 40 41 42 43 44 45 46 47 48 49 50 51 52 53 54 55 56 57 58 59 60 61 62 63 64 65 66 67 68 69 70 71 72 73 74 75 76 77 79 80 81 82 83 84 85 86 87 88 89 90 91 92 93 94 95 96 97 98 99 100 101 102 103 104 105 106 107 108 109 110 111 112 113 114 116 117 118 119 120 121 122 123 126 127 128 3.5 3.6\"\n  },\n  D: {\n    \"98\": 0.14578,\n    \"105\": 0.80874,\n    \"109\": 10.95795,\n    \"120\": 1.17667,\n    \"121\": 0.07289,\n    \"122\": 1.4717,\n    \"123\": 1.98541,\n    \"124\": 1.39881,\n    _: \"4 5 6 7 8 9 10 11 12 13 14 15 16 17 18 19 20 21 22 23 24 25 26 27 28 29 30 31 32 33 34 35 36 37 38 39 40 41 42 43 44 45 46 47 48 49 50 51 52 53 54 55 56 57 58 59 60 61 62 63 64 65 66 67 68 69 70 71 72 73 74 75 76 77 78 79 80 81 83 84 85 86 87 88 89 90 91 92 93 94 95 96 97 99 100 101 102 103 104 106 107 108 110 111 112 113 114 115 116 117 118 119 125 126 127\"\n  },\n  F: {\n    \"108\": 1.03089,\n    \"109\": 0.14578,\n    _: \"9 11 12 15 16 17 18 19 20 21 22 23 24 25 26 27 28 29 30 31 32 33 34 35 36 37 38 39 40 41 42 43 44 45 46 47 48 49 50 51 52 53 54 55 56 57 58 60 62 63 64 65 66 67 68 69 70 71 72 73 74 75 76 77 78 79 80 81 82 83 84 85 86 87 88 89 90 91 92 93 94 95 96 97 98 99 100 101 102 103 104 105 106 107 9.5-9.6 10.0-10.1 10.5 10.6 11.1 11.5 11.6 12.1\"\n  },\n  B: {\n    \"15\": 0.07289,\n    \"92\": 0.22214,\n    \"114\": 0.07289,\n    \"121\": 0.29504,\n    \"122\": 0.14578,\n    \"123\": 2.64837,\n    \"124\": 1.69038,\n    _: \"12 13 14 16 17 18 79 80 81 83 84 85 86 87 88 89 90 91 93 94 95 96 97 98 99 100 101 102 103 104 105 106 107 108 109 110 111 112 113 115 116 117 118 119 120\"\n  },\n  E: {\n    _: \"0 4 5 6 7 8 9 10 11 12 13 14 15 3.1 3.2 5.1 6.1 7.1 9.1 10.1 11.1 12.1 13.1 14.1 15.5 15.6 16.0 16.1 16.2 16.3 16.4 16.5 17.0 17.1 17.2 17.5\",\n    \"15.1\": 1.03089,\n    \"15.2-15.3\": 0.66296,\n    \"15.4\": 0.07289,\n    \"16.6\": 0.51371,\n    \"17.3\": 0.14578,\n    \"17.4\": 2.42623\n  },\n  G: {\n    \"8\": 0,\n    \"3.2\": 0,\n    \"4.0-4.1\": 0,\n    \"4.2-4.3\": 0.00379,\n    \"5.0-5.1\": 0.00379,\n    \"6.0-6.1\": 0.00947,\n    \"7.0-7.1\": 0.01515,\n    \"8.1-8.4\": 0.00379,\n    \"9.0-9.2\": 0.00947,\n    \"9.3\": 0.04734,\n    \"10.0-10.2\": 0.00947,\n    \"10.3\": 0.07575,\n    \"11.0-11.2\": 0.06439,\n    \"11.3-11.4\": 0.01894,\n    \"12.0-12.1\": 0.01326,\n    \"12.2-12.5\": 0.30867,\n    \"13.0-13.1\": 0.00568,\n    \"13.2\": 0.06249,\n    \"13.3\": 0.01515,\n    \"13.4-13.7\": 0.0587,\n    \"14.0-14.4\": 0.11552,\n    \"14.5-14.8\": 0.17611,\n    \"15.0-15.1\": 0.08143,\n    \"15.2-15.3\": 0.09279,\n    \"15.4\": 0.10605,\n    \"15.5\": 0.13445,\n    \"15.6-15.8\": 1.17409,\n    \"16.0\": 0.27459,\n    \"16.1\": 0.5719,\n    \"16.2\": 0.27459,\n    \"16.3\": 0.48479,\n    \"16.4\": 0.10037,\n    \"16.5\": 0.2102,\n    \"16.6-16.7\": 1.66077,\n    \"17.0\": 0.19884,\n    \"17.1\": 0.36738,\n    \"17.2\": 0.48857,\n    \"17.3\": 3.56394,\n    \"17.4\": 8.04444,\n    \"17.5\": 0.07385\n  },\n  P: {\n    \"20\": 0.07148,\n    \"23\": 0.15317,\n    \"24\": 3.15527,\n    _: \"4 21 22 5.0-5.4 6.2-6.4 7.2-7.4 8.2 9.2 10.1 11.1-11.2 12.0 13.0 14.0 15.0 16.0 17.0 18.0 19.0\"\n  },\n  I: {\n    \"0\": 0.07804,\n    \"3\": 0,\n    \"4\": 0.00001,\n    \"2.1\": 0,\n    \"2.2\": 0,\n    \"2.3\": 0,\n    \"4.1\": 0.00002,\n    \"4.2-4.3\": 0.00005,\n    \"4.4\": 0,\n    \"4.4.3-4.4.4\": 0.0002\n  },\n  A: {\n    _: \"6 7 8 9 10 11 5.5\"\n  },\n  K: {\n    \"0\": 0,\n    _: \"10 11 12 11.1 11.5 12.1\"\n  },\n  J: {\n    _: \"7 10\"\n  },\n  N: {\n    _: \"10 11\"\n  },\n  S: {\n    _: \"2.5 3.0-3.1\"\n  },\n  Q: {\n    _: \"14.9\"\n  },\n  O: {\n    _: \"0\"\n  },\n  H: {\n    \"0\": 0\n  },\n  L: {\n    \"0\": 37.48563\n  },\n  R: {\n    _: \"0\"\n  },\n  M: {\n    \"0\": 2.4814\n  }\n};","map":{"version":3,"names":["module","exports","C","_","D","F","B","E","G","P","I","A","K","J","N","S","Q","O","H","L","R","M"],"sources":["C:/Users/chest/OneDrive/Documentos/GitHub/HackUPC/frontend/node_modules/caniuse-lite/data/regions/WF.js"],"sourcesContent":["module.exports={C:{\"78\":0.14578,\"115\":0.5866,\"124\":2.57548,\"125\":0.88163,_:\"2 3 4 5 6 7 8 9 10 11 12 13 14 15 16 17 18 19 20 21 22 23 24 25 26 27 28 29 30 31 32 33 34 35 36 37 38 39 40 41 42 43 44 45 46 47 48 49 50 51 52 53 54 55 56 57 58 59 60 61 62 63 64 65 66 67 68 69 70 71 72 73 74 75 76 77 79 80 81 82 83 84 85 86 87 88 89 90 91 92 93 94 95 96 97 98 99 100 101 102 103 104 105 106 107 108 109 110 111 112 113 114 116 117 118 119 120 121 122 123 126 127 128 3.5 3.6\"},D:{\"98\":0.14578,\"105\":0.80874,\"109\":10.95795,\"120\":1.17667,\"121\":0.07289,\"122\":1.4717,\"123\":1.98541,\"124\":1.39881,_:\"4 5 6 7 8 9 10 11 12 13 14 15 16 17 18 19 20 21 22 23 24 25 26 27 28 29 30 31 32 33 34 35 36 37 38 39 40 41 42 43 44 45 46 47 48 49 50 51 52 53 54 55 56 57 58 59 60 61 62 63 64 65 66 67 68 69 70 71 72 73 74 75 76 77 78 79 80 81 83 84 85 86 87 88 89 90 91 92 93 94 95 96 97 99 100 101 102 103 104 106 107 108 110 111 112 113 114 115 116 117 118 119 125 126 127\"},F:{\"108\":1.03089,\"109\":0.14578,_:\"9 11 12 15 16 17 18 19 20 21 22 23 24 25 26 27 28 29 30 31 32 33 34 35 36 37 38 39 40 41 42 43 44 45 46 47 48 49 50 51 52 53 54 55 56 57 58 60 62 63 64 65 66 67 68 69 70 71 72 73 74 75 76 77 78 79 80 81 82 83 84 85 86 87 88 89 90 91 92 93 94 95 96 97 98 99 100 101 102 103 104 105 106 107 9.5-9.6 10.0-10.1 10.5 10.6 11.1 11.5 11.6 12.1\"},B:{\"15\":0.07289,\"92\":0.22214,\"114\":0.07289,\"121\":0.29504,\"122\":0.14578,\"123\":2.64837,\"124\":1.69038,_:\"12 13 14 16 17 18 79 80 81 83 84 85 86 87 88 89 90 91 93 94 95 96 97 98 99 100 101 102 103 104 105 106 107 108 109 110 111 112 113 115 116 117 118 119 120\"},E:{_:\"0 4 5 6 7 8 9 10 11 12 13 14 15 3.1 3.2 5.1 6.1 7.1 9.1 10.1 11.1 12.1 13.1 14.1 15.5 15.6 16.0 16.1 16.2 16.3 16.4 16.5 17.0 17.1 17.2 17.5\",\"15.1\":1.03089,\"15.2-15.3\":0.66296,\"15.4\":0.07289,\"16.6\":0.51371,\"17.3\":0.14578,\"17.4\":2.42623},G:{\"8\":0,\"3.2\":0,\"4.0-4.1\":0,\"4.2-4.3\":0.00379,\"5.0-5.1\":0.00379,\"6.0-6.1\":0.00947,\"7.0-7.1\":0.01515,\"8.1-8.4\":0.00379,\"9.0-9.2\":0.00947,\"9.3\":0.04734,\"10.0-10.2\":0.00947,\"10.3\":0.07575,\"11.0-11.2\":0.06439,\"11.3-11.4\":0.01894,\"12.0-12.1\":0.01326,\"12.2-12.5\":0.30867,\"13.0-13.1\":0.00568,\"13.2\":0.06249,\"13.3\":0.01515,\"13.4-13.7\":0.0587,\"14.0-14.4\":0.11552,\"14.5-14.8\":0.17611,\"15.0-15.1\":0.08143,\"15.2-15.3\":0.09279,\"15.4\":0.10605,\"15.5\":0.13445,\"15.6-15.8\":1.17409,\"16.0\":0.27459,\"16.1\":0.5719,\"16.2\":0.27459,\"16.3\":0.48479,\"16.4\":0.10037,\"16.5\":0.2102,\"16.6-16.7\":1.66077,\"17.0\":0.19884,\"17.1\":0.36738,\"17.2\":0.48857,\"17.3\":3.56394,\"17.4\":8.04444,\"17.5\":0.07385},P:{\"20\":0.07148,\"23\":0.15317,\"24\":3.15527,_:\"4 21 22 5.0-5.4 6.2-6.4 7.2-7.4 8.2 9.2 10.1 11.1-11.2 12.0 13.0 14.0 15.0 16.0 17.0 18.0 19.0\"},I:{\"0\":0.07804,\"3\":0,\"4\":0.00001,\"2.1\":0,\"2.2\":0,\"2.3\":0,\"4.1\":0.00002,\"4.2-4.3\":0.00005,\"4.4\":0,\"4.4.3-4.4.4\":0.0002},A:{_:\"6 7 8 9 10 11 5.5\"},K:{\"0\":0,_:\"10 11 12 11.1 11.5 12.1\"},J:{_:\"7 10\"},N:{_:\"10 11\"},S:{_:\"2.5 3.0-3.1\"},Q:{_:\"14.9\"},O:{_:\"0\"},H:{\"0\":0},L:{\"0\":37.48563},R:{_:\"0\"},M:{\"0\":2.4814}};\n"],