{"ast":null,"code":"module.exports = {\n  C: {\n    \"124\": 2.65506,\n    \"125\": 5.31012,\n    _: \"2 3 4 5 6 7 8 9 10 11 12 13 14 15 16 17 18 19 20 21 22 23 24 25 26 27 28 29 30 31 32 33 34 35 36 37 38 39 40 41 42 43 44 45 46 47 48 49 50 51 52 53 54 55 56 57 58 59 60 61 62 63 64 65 66 67 68 69 70 71 72 73 74 75 76 77 78 79 80 81 82 83 84 85 86 87 88 89 90 91 92 93 94 95 96 97 98 99 100 101 102 103 104 105 106 107 108 109 110 111 112 113 114 115 116 117 118 119 120 121 122 123 126 127 128 3.5 3.6\"\n  },\n  D: {\n    \"100\": 0.88502,\n    \"109\": 4.4251,\n    \"118\": 0.43928,\n    \"123\": 26.5506,\n    \"124\": 6.63442,\n    _: \"4 5 6 7 8 9 10 11 12 13 14 15 16 17 18 19 20 21 22 23 24 25 26 27 28 29 30 31 32 33 34 35 36 37 38 39 40 41 42 43 44 45 46 47 48 49 50 51 52 53 54 55 56 57 58 59 60 61 62 63 64 65 66 67 68 69 70 71 72 73 74 75 76 77 78 79 80 81 83 84 85 86 87 88 89 90 91 92 93 94 95 96 97 98 99 101 102 103 104 105 106 107 108 110 111 112 113 114 115 116 117 119 120 121 122 125 126 127\"\n  },\n  F: {\n    _: \"9 11 12 15 16 17 18 19 20 21 22 23 24 25 26 27 28 29 30 31 32 33 34 35 36 37 38 39 40 41 42 43 44 45 46 47 48 49 50 51 52 53 54 55 56 57 58 60 62 63 64 65 66 67 68 69 70 71 72 73 74 75 76 77 78 79 80 81 82 83 84 85 86 87 88 89 90 91 92 93 94 95 96 97 98 99 100 101 102 103 104 105 106 107 108 109 9.5-9.6 10.0-10.1 10.5 10.6 11.1 11.5 11.6 12.1\"\n  },\n  B: {\n    \"92\": 0.43928,\n    \"122\": 0.88502,\n    \"123\": 6.19514,\n    \"124\": 6.63442,\n    _: \"12 13 14 15 16 17 18 79 80 81 83 84 85 86 87 88 89 90 91 93 94 95 96 97 98 99 100 101 102 103 104 105 106 107 108 109 110 111 112 113 114 115 116 117 118 119 120 121\"\n  },\n  E: {\n    _: \"0 4 5 6 7 8 9 10 11 12 13 14 15 3.1 3.2 5.1 6.1 7.1 9.1 10.1 11.1 12.1 13.1 14.1 15.1 15.2-15.3 15.4 15.5 15.6 16.0 16.1 16.2 16.3 16.4 16.5 16.6 17.0 17.1 17.2 17.5\",\n    \"17.3\": 0.43928,\n    \"17.4\": 0.43928\n  },\n  G: {\n    \"8\": 0,\n    \"3.2\": 0,\n    \"4.0-4.1\": 0,\n    \"4.2-4.3\": 0.00109,\n    \"5.0-5.1\": 0.00109,\n    \"6.0-6.1\": 0.00272,\n    \"7.0-7.1\": 0.00435,\n    \"8.1-8.4\": 0.00109,\n    \"9.0-9.2\": 0.00272,\n    \"9.3\": 0.01361,\n    \"10.0-10.2\": 0.00272,\n    \"10.3\": 0.02177,\n    \"11.0-11.2\": 0.01851,\n    \"11.3-11.4\": 0.00544,\n    \"12.0-12.1\": 0.00381,\n    \"12.2-12.5\": 0.08872,\n    \"13.0-13.1\": 0.00163,\n    \"13.2\": 0.01796,\n    \"13.3\": 0.00435,\n    \"13.4-13.7\": 0.01687,\n    \"14.0-14.4\": 0.0332,\n    \"14.5-14.8\": 0.05062,\n    \"15.0-15.1\": 0.0234,\n    \"15.2-15.3\": 0.02667,\n    \"15.4\": 0.03048,\n    \"15.5\": 0.03865,\n    \"15.6-15.8\": 0.33746,\n    \"16.0\": 0.07892,\n    \"16.1\": 0.16438,\n    \"16.2\": 0.07892,\n    \"16.3\": 0.13934,\n    \"16.4\": 0.02885,\n    \"16.5\": 0.06042,\n    \"16.6-16.7\": 0.47735,\n    \"17.0\": 0.05715,\n    \"17.1\": 0.10559,\n    \"17.2\": 0.14043,\n    \"17.3\": 1.02437,\n    \"17.4\": 2.31218,\n    \"17.5\": 0.02123\n  },\n  P: {\n    \"23\": 0.45131,\n    \"24\": 3.1797,\n    _: \"4 20 21 22 5.0-5.4 6.2-6.4 7.2-7.4 8.2 9.2 10.1 11.1-11.2 12.0 13.0 14.0 15.0 16.0 17.0 18.0 19.0\"\n  },\n  I: {\n    \"0\": 0,\n    \"3\": 0,\n    \"4\": 0,\n    \"2.1\": 0,\n    \"2.2\": 0,\n    \"2.3\": 0,\n    \"4.1\": 0,\n    \"4.2-4.3\": 0,\n    \"4.4\": 0,\n    \"4.4.3-4.4.4\": 0\n  },\n  A: {\n    _: \"6 7 8 9 10 11 5.5\"\n  },\n  K: {\n    \"0\": 0,\n    _: \"10 11 12 11.1 11.5 12.1\"\n  },\n  J: {\n    _: \"7 10\"\n  },\n  N: {\n    _: \"10 11\"\n  },\n  S: {\n    _: \"2.5 3.0-3.1\"\n  },\n  Q: {\n    _: \"14.9\"\n  },\n  O: {\n    _: \"0\"\n  },\n  H: {\n    \"0\": 0\n  },\n  L: {\n    \"0\": 28.97106\n  },\n  R: {\n    _: \"0\"\n  },\n  M: {\n    _: \"0\"\n  }\n};","map":{"version":3,"names":["module","exports","C","_","D","F","B","E","G","P","I","A","K","J","N","S","Q","O","H","L","R","M"],"sources":["C:/Users/chest/OneDrive/Documentos/GitHub/HackUPC/frontend/node_modules/caniuse-lite/data/regions/TV.js"],"sourcesContent":["module.exports={C:{\"124\":2.65506,\"125\":5.31012,_:\"2 3 4 5 6 7 8 9 10 11 12 13 14 15 16 17 18 19 20 21 22 23 24 25 26 27 28 29 30 31 32 33 34 35 36 37 38 39 40 41 42 43 44 45 46 47 48 49 50 51 52 53 54 55 56 57 58 59 60 61 62 63 64 65 66 67 68 69 70 71 72 73 74 75 76 77 78 79 80 81 82 83 84 85 86 87 88 89 90 91 92 93 94 95 96 97 98 99 100 101 102 103 104 105 106 107 108 109 110 111 112 113 114 115 116 117 118 119 120 121 122 123 126 127 128 3.5 3.6\"},D:{\"100\":0.88502,\"109\":4.4251,\"118\":0.43928,\"123\":26.5506,\"124\":6.63442,_:\"4 5 6 7 8 9 10 11 12 13 14 15 16 17 18 19 20 21 22 23 24 25 26 27 28 29 30 31 32 33 34 35 36 37 38 39 40 41 42 43 44 45 46 47 48 49 50 51 52 53 54 55 56 57 58 59 60 61 62 63 64 65 66 67 68 69 70 71 72 73 74 75 76 77 78 79 80 81 83 84 85 86 87 88 89 90 91 92 93 94 95 96 97 98 99 101 102 103 104 105 106 107 108 110 111 112 113 114 115 116 117 119 120 121 122 125 126 127\"},F:{_:\"9 11 12 15 16 17 18 19 20 21 22 23 24 25 26 27 28 29 30 31 32 33 34 35 36 37 38 39 40 41 42 43 44 45 46 47 48 49 50 51 52 53 54 55 56 57 58 60 62 63 64 65 66 67 68 69 70 71 72 73 74 75 76 77 78 79 80 81 82 83 84 85 86 87 88 89 90 91 92 93 94 95 96 97 98 99 100 101 102 103 104 105 106 107 108 109 9.5-9.6 10.0-10.1 10.5 10.6 11.1 11.5 11.6 12.1\"},B:{\"92\":0.43928,\"122\":0.88502,\"123\":6.19514,\"124\":6.63442,_:\"12 13 14 15 16 17 18 79 80 81 83 84 85 86 87 88 89 90 91 93 94 95 96 97 98 99 100 101 102 103 104 105 106 107 108 109 110 111 112 113 114 115 116 117 118 119 120 121\"},E:{_:\"0 4 5 6 7 8 9 10 11 12 13 14 15 3.1 3.2 5.1 6.1 7.1 9.1 10.1 11.1 12.1 13.1 14.1 15.1 15.2-15.3 15.4 15.5 15.6 16.0 16.1 16.2 16.3 16.4 16.5 16.6 17.0 17.1 17.2 17.5\",\"17.3\":0.43928,\"17.4\":0.43928},G:{\"8\":0,\"3.2\":0,\"4.0-4.1\":0,\"4.2-4.3\":0.00109,\"5.0-5.1\":0.00109,\"6.0-6.1\":0.00272,\"7.0-7.1\":0.00435,\"8.1-8.4\":0.00109,\"9.0-9.2\":0.00272,\"9.3\":0.01361,\"10.0-10.2\":0.00272,\"10.3\":0.02177,\"11.0-11.2\":0.01851,\"11.3-11.4\":0.00544,\"12.0-12.1\":0.00381,\"12.2-12.5\":0.08872,\"13.0-13.1\":0.00163,\"13.2\":0.01796,\"13.3\":0.00435,\"13.4-13.7\":0.01687,\"14.0-14.4\":0.0332,\"14.5-14.8\":0.05062,\"15.0-15.1\":0.0234,\"15.2-15.3\":0.02667,\"15.4\":0.03048,\"15.5\":0.03865,\"15.6-15.8\":0.33746,\"16.0\":0.07892,\"16.1\":0.16438,\"16.2\":0.07892,\"16.3\":0.13934,\"16.4\":0.02885,\"16.5\":0.06042,\"16.6-16.7\":0.47735,\"17.0\":0.05715,\"17.1\":0.10559,\"17.2\":0.14043,\"17.3\":1.02437,\"17.4\":2.31218,\"17.5\":0.02123},P:{\"23\":0.45131,\"24\":3.1797,_:\"4 20 21 22 5.0-5.4 6.2-6.4 7.2-7.4 8.2 9.2 10.1 11.1-11.2 12.0 13.0 14.0 15.0 16.0 17.0 18.0 19.0\"},I:{\"0\":0,\"3\":0,\"4\":0,\"2.1\":0,\"2.2\":0,\"2.3\":0,\"4.1\":0,\"4.2-4.3\":0,\"4.4\":0,\"4.4.3-4.4.4\":0},A:{_:\"6 7 8 9 10 11 5.5\"},K:{\"0\":0,_:\"10 11 12 11.1 11.5 12.1\"},J:{_:\"7 10\"},N:{_:\"10 11\"},S:{_:\"2.5 3.0-3.1\"},Q:{_:\"14.9\"},O:{_:\"0\"},H:{\"0\":0},L:{\"0\":28.97106},R:{_:\"0\"},M:{_:\"0\"}};\n"],