{"ast":null,"code":"module.exports = {\n  C: {\n    \"41\": 0.00224,\n    \"52\": 0.00075,\n    \"66\": 0.00075,\n    \"72\": 0.00149,\n    \"77\": 0.00671,\n    \"94\": 0.00075,\n    \"95\": 0.00298,\n    \"99\": 0.00075,\n    \"100\": 0.00149,\n    \"111\": 0.00149,\n    \"115\": 0.07535,\n    \"119\": 0.00075,\n    \"122\": 0.00224,\n    \"123\": 0.00671,\n    \"124\": 0.29094,\n    \"125\": 0.12085,\n    _: \"2 3 4 5 6 7 8 9 10 11 12 13 14 15 16 17 18 19 20 21 22 23 24 25 26 27 28 29 30 31 32 33 34 35 36 37 38 39 40 42 43 44 45 46 47 48 49 50 51 53 54 55 56 57 58 59 60 61 62 63 64 65 67 68 69 70 71 73 74 75 76 78 79 80 81 82 83 84 85 86 87 88 89 90 91 92 93 96 97 98 101 102 103 104 105 106 107 108 109 110 112 113 114 116 117 118 120 121 126 127 128 3.5 3.6\"\n  },\n  D: {\n    \"58\": 0.00448,\n    \"62\": 0.00224,\n    \"65\": 0.00075,\n    \"68\": 0.00597,\n    \"70\": 0.00448,\n    \"74\": 0.00075,\n    \"78\": 0.01119,\n    \"79\": 0.00149,\n    \"80\": 0.00597,\n    \"87\": 0.00448,\n    \"88\": 0.00149,\n    \"94\": 0.00746,\n    \"95\": 0.06938,\n    \"96\": 0.00149,\n    \"99\": 0.06043,\n    \"102\": 0.00075,\n    \"103\": 0.04178,\n    \"105\": 0.00075,\n    \"106\": 0.00075,\n    \"108\": 0.00522,\n    \"109\": 0.06043,\n    \"110\": 0.00075,\n    \"111\": 0.01119,\n    \"113\": 0.00149,\n    \"114\": 0.00746,\n    \"115\": 0.00075,\n    \"116\": 0.00522,\n    \"117\": 0.00746,\n    \"118\": 0.00149,\n    \"119\": 0.00298,\n    \"120\": 0.04774,\n    \"121\": 0.02387,\n    \"122\": 0.09101,\n    \"123\": 0.73779,\n    \"124\": 0.39314,\n    \"125\": 0.00298,\n    _: \"4 5 6 7 8 9 10 11 12 13 14 15 16 17 18 19 20 21 22 23 24 25 26 27 28 29 30 31 32 33 34 35 36 37 38 39 40 41 42 43 44 45 46 47 48 49 50 51 52 53 54 55 56 57 59 60 61 63 64 66 67 69 71 72 73 75 76 77 81 83 84 85 86 89 90 91 92 93 97 98 100 101 104 107 112 126 127\"\n  },\n  F: {\n    \"34\": 0.00075,\n    \"46\": 0.00075,\n    \"51\": 0.00149,\n    \"57\": 0.00075,\n    \"79\": 0.00149,\n    \"95\": 0.01865,\n    \"107\": 0.00075,\n    \"108\": 0.02387,\n    \"109\": 0.02686,\n    _: \"9 11 12 15 16 17 18 19 20 21 22 23 24 25 26 27 28 29 30 31 32 33 35 36 37 38 39 40 41 42 43 44 45 47 48 49 50 52 53 54 55 56 58 60 62 63 64 65 66 67 68 69 70 71 72 73 74 75 76 77 78 80 81 82 83 84 85 86 87 88 89 90 91 92 93 94 96 97 98 99 100 101 102 103 104 105 106 9.5-9.6 10.0-10.1 10.5 10.6 11.1 11.5 11.6 12.1\"\n  },\n  B: {\n    \"12\": 0.00298,\n    \"14\": 0.00075,\n    \"16\": 0.00075,\n    \"17\": 0.00075,\n    \"18\": 0.00746,\n    \"89\": 0.00149,\n    \"90\": 0.00075,\n    \"92\": 0.01492,\n    \"107\": 0.00075,\n    \"109\": 0.04252,\n    \"110\": 0.00298,\n    \"111\": 0.02014,\n    \"112\": 0.00075,\n    \"115\": 0.00075,\n    \"116\": 0.00149,\n    \"117\": 0.00075,\n    \"118\": 0.00075,\n    \"119\": 0.00149,\n    \"120\": 0.00597,\n    \"121\": 0.00373,\n    \"122\": 0.05222,\n    \"123\": 0.28124,\n    \"124\": 0.11041,\n    _: \"13 15 79 80 81 83 84 85 86 87 88 91 93 94 95 96 97 98 99 100 101 102 103 104 105 106 108 113 114\"\n  },\n  E: {\n    \"14\": 0.00075,\n    _: \"0 4 5 6 7 8 9 10 11 12 13 15 3.1 3.2 6.1 7.1 9.1 10.1 11.1 12.1 15.1 15.2-15.3 15.4 16.0 16.1 16.2 16.3 16.5 17.0 17.1 17.5\",\n    \"5.1\": 0.00224,\n    \"13.1\": 0.00522,\n    \"14.1\": 0.02387,\n    \"15.5\": 0.00149,\n    \"15.6\": 0.00224,\n    \"16.4\": 0.00075,\n    \"16.6\": 0.00448,\n    \"17.2\": 0.00224,\n    \"17.3\": 0.00298,\n    \"17.4\": 0.00075\n  },\n  G: {\n    \"8\": 0,\n    \"3.2\": 0,\n    \"4.0-4.1\": 0,\n    \"4.2-4.3\": 0.00062,\n    \"5.0-5.1\": 0.00062,\n    \"6.0-6.1\": 0.00154,\n    \"7.0-7.1\": 0.00247,\n    \"8.1-8.4\": 0.00062,\n    \"9.0-9.2\": 0.00154,\n    \"9.3\": 0.0077,\n    \"10.0-10.2\": 0.00154,\n    \"10.3\": 0.01233,\n    \"11.0-11.2\": 0.01048,\n    \"11.3-11.4\": 0.00308,\n    \"12.0-12.1\": 0.00216,\n    \"12.2-12.5\": 0.05023,\n    \"13.0-13.1\": 0.00092,\n    \"13.2\": 0.01017,\n    \"13.3\": 0.00247,\n    \"13.4-13.7\": 0.00955,\n    \"14.0-14.4\": 0.0188,\n    \"14.5-14.8\": 0.02866,\n    \"15.0-15.1\": 0.01325,\n    \"15.2-15.3\": 0.0151,\n    \"15.4\": 0.01726,\n    \"15.5\": 0.02188,\n    \"15.6-15.8\": 0.19106,\n    \"16.0\": 0.04468,\n    \"16.1\": 0.09306,\n    \"16.2\": 0.04468,\n    \"16.3\": 0.07889,\n    \"16.4\": 0.01633,\n    \"16.5\": 0.03421,\n    \"16.6-16.7\": 0.27025,\n    \"17.0\": 0.03236,\n    \"17.1\": 0.05978,\n    \"17.2\": 0.0795,\n    \"17.3\": 0.57995,\n    \"17.4\": 1.30906,\n    \"17.5\": 0.01202\n  },\n  P: {\n    \"4\": 0.01006,\n    \"20\": 0.12067,\n    \"21\": 0.36201,\n    \"22\": 0.67374,\n    \"23\": 0.48268,\n    \"24\": 0.26145,\n    _: \"5.0-5.4 6.2-6.4 8.2 10.1 12.0 17.0\",\n    \"7.2-7.4\": 0.10056,\n    \"9.2\": 0.13073,\n    \"11.1-11.2\": 0.03017,\n    \"13.0\": 0.01006,\n    \"14.0\": 0.02011,\n    \"15.0\": 0.02011,\n    \"16.0\": 0.13073,\n    \"18.0\": 0.06033,\n    \"19.0\": 0.36201\n  },\n  I: {\n    \"0\": 0.00922,\n    \"3\": 0,\n    \"4\": 0,\n    \"2.1\": 0,\n    \"2.2\": 0,\n    \"2.3\": 0,\n    \"4.1\": 0,\n    \"4.2-4.3\": 0.00001,\n    \"4.4\": 0,\n    \"4.4.3-4.4.4\": 0.00002\n  },\n  A: {\n    \"11\": 0.00895,\n    _: \"6 7 8 9 10 5.5\"\n  },\n  K: {\n    \"0\": 0.86092,\n    _: \"10 11 12 11.1 11.5 12.1\"\n  },\n  J: {\n    _: \"7 10\"\n  },\n  N: {\n    _: \"10 11\"\n  },\n  S: {\n    \"2.5\": 0.02776,\n    _: \"3.0-3.1\"\n  },\n  Q: {\n    \"14.9\": 0.02776\n  },\n  O: {\n    \"0\": 0.10179\n  },\n  H: {\n    \"0\": 0.12\n  },\n  L: {\n    \"0\": 89.99216\n  },\n  R: {\n    _: \"0\"\n  },\n  M: {\n    \"0\": 0.00925\n  }\n};","map":{"version":3,"names":["module","exports","C","_","D","F","B","E","G","P","I","A","K","J","N","S","Q","O","H","L","R","M"],"sources":["C:/Users/chest/OneDrive/Documentos/GitHub/HackUPC/frontend/node_modules/caniuse-lite/data/regions/TD.js"],