{"ast":null,"code":"module.exports = {\n  C: {\n    \"38\": 0.00127,\n    \"43\": 0.00127,\n    \"45\": 0.00127,\n    \"47\": 0.00254,\n    \"56\": 0.00127,\n    \"68\": 0.01652,\n    \"72\": 0.00508,\n    \"87\": 0.00636,\n    \"88\": 0.00127,\n    \"89\": 0.00127,\n    \"92\": 0.00127,\n    \"94\": 0.00254,\n    \"112\": 0.00127,\n    \"115\": 0.24276,\n    \"118\": 0.00381,\n    \"120\": 0.00254,\n    \"121\": 0.00127,\n    \"122\": 0.00254,\n    \"123\": 0.00636,\n    \"124\": 0.41435,\n    \"125\": 0.23895,\n    \"126\": 0.00127,\n    _: \"2 3 4 5 6 7 8 9 10 11 12 13 14 15 16 17 18 19 20 21 22 23 24 25 26 27 28 29 30 31 32 33 34 35 36 37 39 40 41 42 44 46 48 49 50 51 52 53 54 55 57 58 59 60 61 62 63 64 65 66 67 69 70 71 73 74 75 76 77 78 79 80 81 82 83 84 85 86 90 91 93 95 96 97 98 99 100 101 102 103 104 105 106 107 108 109 110 111 113 114 116 117 119 127 128 3.5 3.6\"\n  },\n  D: {\n    \"11\": 0.00254,\n    \"25\": 0.00381,\n    \"29\": 0.00254,\n    \"33\": 0.00636,\n    \"37\": 0.00127,\n    \"38\": 0.00508,\n    \"39\": 0.00381,\n    \"41\": 0.01144,\n    \"43\": 0.00763,\n    \"44\": 0.00254,\n    \"48\": 0.00127,\n    \"49\": 0.00127,\n    \"50\": 0.00254,\n    \"58\": 1.04222,\n    \"62\": 0.0089,\n    \"65\": 0.00381,\n    \"67\": 0.00127,\n    \"68\": 0.00127,\n    \"69\": 0.00254,\n    \"70\": 0.00636,\n    \"72\": 0.00254,\n    \"73\": 0.00636,\n    \"75\": 0.00127,\n    \"77\": 0.0089,\n    \"79\": 0.01271,\n    \"80\": 0.00127,\n    \"81\": 0.00254,\n    \"83\": 0.01398,\n    \"84\": 0.00636,\n    \"86\": 0.00381,\n    \"87\": 0.00381,\n    \"88\": 0.00381,\n    \"90\": 0.00127,\n    \"91\": 0.00127,\n    \"92\": 0.00127,\n    \"93\": 0.00127,\n    \"95\": 0.01652,\n    \"96\": 0.00254,\n    \"97\": 0.00127,\n    \"98\": 0.05465,\n    \"99\": 0.00636,\n    \"100\": 0.00127,\n    \"102\": 0.00636,\n    \"103\": 0.1271,\n    \"104\": 0.00254,\n    \"105\": 0.01525,\n    \"106\": 0.00763,\n    \"108\": 0.02288,\n    \"109\": 0.57703,\n    \"110\": 0.00127,\n    \"111\": 0.00254,\n    \"113\": 0.00254,\n    \"114\": 0.00127,\n    \"115\": 0.07499,\n    \"116\": 0.01907,\n    \"117\": 0.00508,\n    \"118\": 0.01017,\n    \"119\": 0.04576,\n    \"120\": 0.06736,\n    \"121\": 0.04449,\n    \"122\": 0.1576,\n    \"123\": 3.32367,\n    \"124\": 1.21126,\n    \"125\": 0.0089,\n    \"126\": 0.00636,\n    _: \"4 5 6 7 8 9 10 12 13 14 15 16 17 18 19 20 21 22 23 24 26 27 28 30 31 32 34 35 36 40 42 45 46 47 51 52 53 54 55 56 57 59 60 61 63 64 66 71 74 76 78 85 89 94 101 107 112 127\"\n  },\n  F: {\n    \"79\": 0.00636,\n    \"82\": 0.00254,\n    \"85\": 0.01907,\n    \"95\": 0.08389,\n    \"102\": 0.00127,\n    \"107\": 0.02288,\n    \"108\": 0.14235,\n    \"109\": 0.05847,\n    _: \"9 11 12 15 16 17 18 19 20 21 22 23 24 25 26 27 28 29 30 31 32 33 34 35 36 37 38 39 40 41 42 43 44 45 46 47 48 49 50 51 52 53 54 55 56 57 58 60 62 63 64 65 66 67 68 69 70 71 72 73 74 75 76 77 78 80 81 83 84 86 87 88 89 90 91 92 93 94 96 97 98 99 100 101 103 104 105 106 9.5-9.6 10.0-10.1 10.5 10.6 11.1 11.5 11.6 12.1\"\n  },\n  B: {\n    \"12\": 0.00254,\n    \"14\": 0.00508,\n    \"16\": 0.00127,\n    \"17\": 0.00127,\n    \"18\": 0.01144,\n    \"84\": 0.00254,\n    \"89\": 0.00127,\n    \"90\": 0.00636,\n    \"92\": 0.01144,\n    \"100\": 0.00254,\n    \"108\": 0.00127,\n    \"109\": 0.0089,\n    \"112\": 0.00127,\n    \"114\": 0.00381,\n    \"116\": 0.00127,\n    \"117\": 0.00254,\n    \"118\": 0.0089,\n    \"119\": 0.00254,\n    \"120\": 0.00381,\n    \"121\": 0.01017,\n    \"122\": 0.1271,\n    \"123\": 0.82869,\n    \"124\": 0.44612,\n    _: \"13 15 79 80 81 83 85 86 87 88 91 93 94 95 96 97 98 99 101 102 103 104 105 106 107 110 111 113 115\"\n  },\n  E: {\n    \"14\": 0.01017,\n    _: \"0 4 5 6 7 8 9 10 11 12 13 15 3.1 3.2 6.1 7.1 9.1 10.1 11.1 15.1 15.2-15.3\",\n    \"5.1\": 0.0089,\n    \"12.1\": 0.00636,\n    \"13.1\": 0.00127,\n    \"14.1\": 0.00254,\n    \"15.4\": 0.00127,\n    \"15.5\": 0.01017,\n    \"15.6\": 0.01398,\n    \"16.0\": 0.05084,\n    \"16.1\": 0.02923,\n    \"16.2\": 0.00127,\n    \"16.3\": 0.01144,\n    \"16.4\": 0.0483,\n    \"16.5\": 0.00381,\n    \"16.6\": 0.05465,\n    \"17.0\": 0.00254,\n    \"17.1\": 0.00763,\n    \"17.2\": 0.00254,\n    \"17.3\": 0.0089,\n    \"17.4\": 0.09914,\n    \"17.5\": 0.00127\n  },\n  G: {\n    \"8\": 0,\n    \"3.2\": 0,\n    \"4.0-4.1\": 0,\n    \"4.2-4.3\": 0.00257,\n    \"5.0-5.1\": 0.00257,\n    \"6.0-6.1\": 0.00643,\n    \"7.0-7.1\": 0.01029,\n    \"8.1-8.4\": 0.00257,\n    \"9.0-9.2\": 0.00643,\n    \"9.3\": 0.03217,\n    \"10.0-10.2\": 0.00643,\n    \"10.3\": 0.05147,\n    \"11.0-11.2\": 0.04375,\n    \"11.3-11.4\": 0.01287,\n    \"12.0-12.1\": 0.00901,\n    \"12.2-12.5\": 0.20972,\n    \"13.0-13.1\": 0.00386,\n    \"13.2\": 0.04246,\n    \"13.3\": 0.01029,\n    \"13.4-13.7\": 0.03989,\n    \"14.0-14.4\": 0.07849,\n    \"14.5-14.8\": 0.11966,\n    \"15.0-15.1\": 0.05533,\n    \"15.2-15.3\": 0.06305,\n    \"15.4\": 0.07205,\n    \"15.5\": 0.09135,\n    \"15.6-15.8\": 0.79773,\n    \"16.0\": 0.18656,\n    \"16.1\": 0.38857,\n    \"16.2\": 0.18656,\n    \"16.3\": 0.32938,\n    \"16.4\": 0.06819,\n    \"16.5\": 0.14282,\n    \"16.6-16.7\": 1.1284,\n    \"17.0\": 0.1351,\n    \"17.1\": 0.24961,\n    \"17.2\": 0.33196,\n    \"17.3\": 2.42148,\n    \"17.4\": 5.46571,\n    \"17.5\": 0.05018\n  },\n  P: {\n    \"4\": 0.11088,\n    \"20\": 0.11088,\n    \"21\": 0.66527,\n    \"22\": 0.33264,\n    \"23\": 0.59472,\n    \"24\": 2.2075,\n    \"5.0-5.4\": 0.01008,\n    \"6.2-6.4\": 0.03024,\n    \"7.2-7.4\": 1.24991,\n    _: \"8.2 12.0\",\n    \"9.2\": 0.01008,\n    \"10.1\": 0.01008,\n    \"11.1-11.2\": 0.09072,\n    \"13.0\": 0.03024,\n    \"14.0\": 0.08064,\n    \"15.0\": 0.03024,\n    \"16.0\": 0.13104,\n    \"17.0\": 0.04032,\n    \"18.0\": 0.0504,\n    \"19.0\": 0.86687\n  },\n  I: {\n    \"0\": 0.07824,\n    \"3\": 0,\n    \"4\": 0.00001,\n    \"2.1\": 0,\n    \"2.2\": 0,\n    \"2.3\": 0,\n    \"4.1\": 0.00002,\n    \"4.2-4.3\": 0.00005,\n    \"4.4\": 0,\n    \"4.4.3-4.4.4\": 0.0002\n  },\n  A: {\n    \"8\": 0.0096,\n    \"9\": 0.00137,\n    \"10\": 0.00411,\n    \"11\": 0.08914,\n    _: \"6 7 5.5\"\n  },\n  K: {\n    \"0\": 1.00129,\n    _: \"10 11 12 11.1 11.5 12.1\"\n  },\n  J: {\n    _: \"7 10\"\n  },\n  N: {\n    _: \"10 11\"\n  },\n  S: {\n    _: \"2.5 3.0-3.1\"\n  },\n  Q: {\n    _: \"14.9\"\n  },\n  O: {\n    \"0\": 0.29679\n  },\n  H: {\n    \"0\": 0.02\n  },\n  L: {\n    \"0\": 68.25902\n  },\n  R: {\n    _: \"0\"\n  },\n  M: {\n    \"0\": 0.0611\n  }\n};","map":{"version":3,"names":["module","exports","C","_","D","F","B","E","G","P","I","A","K","J","N","S","Q","O","H","L","R","M"],"sources":["C:/Users/chest/OneDrive/Documentos/GitHub/HackUPC/frontend/node_modules/caniuse-lite/data/regions/MR.js"],