{"ast":null,"code":"module.exports = {\n  C: {\n    \"56\": 0.0081,\n    \"78\": 0.01215,\n    \"111\": 0.01215,\n    \"115\": 0.03239,\n    \"123\": 0.06883,\n    \"124\": 0.73692,\n    \"125\": 0.68023,\n    \"126\": 0.0081,\n    _: \"2 3 4 5 6 7 8 9 10 11 12 13 14 15 16 17 18 19 20 21 22 23 24 25 26 27 28 29 30 31 32 33 34 35 36 37 38 39 40 41 42 43 44 45 46 47 48 49 50 51 52 53 54 55 57 58 59 60 61 62 63 64 65 66 67 68 69 70 71 72 73 74 75 76 77 79 80 81 82 83 84 85 86 87 88 89 90 91 92 93 94 95 96 97 98 99 100 101 102 103 104 105 106 107 108 109 110 112 113 114 116 117 118 119 120 121 122 127 128 3.5 3.6\"\n  },\n  D: {\n    \"60\": 0.0081,\n    \"74\": 0.03644,\n    \"79\": 0.02429,\n    \"93\": 0.11337,\n    \"97\": 0.02429,\n    \"102\": 0.02025,\n    \"103\": 0.11742,\n    \"105\": 0.04859,\n    \"108\": 0.15791,\n    \"109\": 2.38486,\n    \"110\": 0.0081,\n    \"111\": 0.0081,\n    \"112\": 0.04454,\n    \"113\": 0.05669,\n    \"115\": 0.0081,\n    \"116\": 0.01215,\n    \"118\": 0.01215,\n    \"119\": 0.14981,\n    \"120\": 0.02025,\n    \"121\": 0.10123,\n    \"122\": 0.72882,\n    \"123\": 13.26048,\n    \"124\": 2.39701,\n    \"125\": 0.02025,\n    _: \"4 5 6 7 8 9 10 11 12 13 14 15 16 17 18 19 20 21 22 23 24 25 26 27 28 29 30 31 32 33 34 35 36 37 38 39 40 41 42 43 44 45 46 47 48 49 50 51 52 53 54 55 56 57 58 59 61 62 63 64 65 66 67 68 69 70 71 72 73 75 76 77 78 80 81 83 84 85 86 87 88 89 90 91 92 94 95 96 98 99 100 101 104 106 107 114 117 126 127\"\n  },\n  F: {\n    \"107\": 0.02429,\n    \"108\": 0.03239,\n    _: \"9 11 12 15 16 17 18 19 20 21 22 23 24 25 26 27 28 29 30 31 32 33 34 35 36 37 38 39 40 41 42 43 44 45 46 47 48 49 50 51 52 53 54 55 56 57 58 60 62 63 64 65 66 67 68 69 70 71 72 73 74 75 76 77 78 79 80 81 82 83 84 85 86 87 88 89 90 91 92 93 94 95 96 97 98 99 100 101 102 103 104 105 106 109 9.5-9.6 10.0-10.1 10.5 10.6 11.1 11.5 11.6 12.1\"\n  },\n  B: {\n    \"18\": 0.0081,\n    \"104\": 0.01215,\n    \"109\": 0.03644,\n    \"116\": 0.0081,\n    \"117\": 0.01215,\n    \"118\": 0.02025,\n    \"120\": 0.01215,\n    \"121\": 0.06883,\n    \"122\": 0.63164,\n    \"123\": 5.69694,\n    \"124\": 6.50269,\n    _: \"12 13 14 15 16 17 79 80 81 83 84 85 86 87 88 89 90 91 92 93 94 95 96 97 98 99 100 101 102 103 105 106 107 108 110 111 112 113 114 115 119\"\n  },\n  E: {\n    \"14\": 0.08908,\n    _: \"0 4 5 6 7 8 9 10 11 12 13 15 3.1 3.2 5.1 6.1 7.1 9.1 10.1 11.1 12.1 15.2-15.3 15.4 15.5 16.0 16.3 16.4 17.5\",\n    \"13.1\": 0.0081,\n    \"14.1\": 0.03239,\n    \"15.1\": 0.0081,\n    \"15.6\": 0.02025,\n    \"16.1\": 0.02429,\n    \"16.2\": 0.12552,\n    \"16.5\": 0.03644,\n    \"16.6\": 0.06074,\n    \"17.0\": 0.0081,\n    \"17.1\": 0.0081,\n    \"17.2\": 0.43729,\n    \"17.3\": 2.4213,\n    \"17.4\": 0.33202\n  },\n  G: {\n    \"8\": 0,\n    \"3.2\": 0,\n    \"4.0-4.1\": 0,\n    \"4.2-4.3\": 0.00158,\n    \"5.0-5.1\": 0.00158,\n    \"6.0-6.1\": 0.00395,\n    \"7.0-7.1\": 0.00633,\n    \"8.1-8.4\": 0.00158,\n    \"9.0-9.2\": 0.00395,\n    \"9.3\": 0.01977,\n    \"10.0-10.2\": 0.00395,\n    \"10.3\": 0.03164,\n    \"11.0-11.2\": 0.02689,\n    \"11.3-11.4\": 0.00791,\n    \"12.0-12.1\": 0.00554,\n    \"12.2-12.5\": 0.12891,\n    \"13.0-13.1\": 0.00237,\n    \"13.2\": 0.0261,\n    \"13.3\": 0.00633,\n    \"13.4-13.7\": 0.02452,\n    \"14.0-14.4\": 0.04824,\n    \"14.5-14.8\": 0.07355,\n    \"15.0-15.1\": 0.03401,\n    \"15.2-15.3\": 0.03875,\n    \"15.4\": 0.04429,\n    \"15.5\": 0.05615,\n    \"15.6-15.8\": 0.49035,\n    \"16.0\": 0.11468,\n    \"16.1\": 0.23885,\n    \"16.2\": 0.11468,\n    \"16.3\": 0.20247,\n    \"16.4\": 0.04192,\n    \"16.5\": 0.08779,\n    \"16.6-16.7\": 0.69361,\n    \"17.0\": 0.08304,\n    \"17.1\": 0.15343,\n    \"17.2\": 0.20405,\n    \"17.3\": 1.48845,\n    \"17.4\": 3.35969,\n    \"17.5\": 0.03084\n  },\n  P: {\n    \"4\": 1.12048,\n    \"21\": 0.08703,\n    \"22\": 0.26108,\n    \"23\": 0.1523,\n    \"24\": 0.88115,\n    _: \"20 5.0-5.4 6.2-6.4 8.2 9.2 10.1 12.0 14.0 15.0 17.0 19.0\",\n    \"7.2-7.4\": 0.05439,\n    \"11.1-11.2\": 0.01088,\n    \"13.0\": 0.01088,\n    \"16.0\": 0.05439,\n    \"18.0\": 0.04351\n  },\n  I: {\n    \"0\": 0.01778,\n    \"3\": 0,\n    \"4\": 0,\n    \"2.1\": 0,\n    \"2.2\": 0,\n    \"2.3\": 0,\n    \"4.1\": 0,\n    \"4.2-4.3\": 0.00001,\n    \"4.4\": 0,\n    \"4.4.3-4.4.4\": 0.00004\n  },\n  A: {\n    \"11\": 0.0081,\n    _: \"6 7 8 9 10 5.5\"\n  },\n  K: {\n    \"0\": 0.17258,\n    _: \"10 11 12 11.1 11.5 12.1\"\n  },\n  J: {\n    _: \"7 10\"\n  },\n  N: {\n    _: \"10 11\"\n  },\n  S: {\n    _: \"2.5 3.0-3.1\"\n  },\n  Q: {\n    \"14.9\": 0.00595\n  },\n  O: {\n    \"0\": 0.37491\n  },\n  H: {\n    \"0\": 0\n  },\n  L: {\n    \"0\": 50.59041\n  },\n  R: {\n    _: \"0\"\n  },\n  M: {\n    \"0\": 0.09522\n  }\n};","map":{"version":3,"names":["module","exports","C","_","D","F","B","E","G","P","I","A","K","J","N","S","Q","O","H","L","R","M"],"sources":["C:/Users/chest/OneDrive/Documentos/GitHub/HackUPC/frontend/node_modules/caniuse-lite/data/regions/FM.js"],