{"ast":null,"code":"module.exports = {\n  C: {\n    \"47\": 0.00619,\n    \"52\": 0.0495,\n    \"67\": 0.00309,\n    \"68\": 0.00309,\n    \"72\": 0.00309,\n    \"75\": 0.02166,\n    \"78\": 0.00619,\n    \"79\": 0.00309,\n    \"82\": 0.00309,\n    \"84\": 0.00309,\n    \"88\": 0.00309,\n    \"102\": 0.00619,\n    \"103\": 0.02166,\n    \"104\": 0.00619,\n    \"105\": 0.01238,\n    \"106\": 0.00309,\n    \"107\": 0.00619,\n    \"108\": 0.00619,\n    \"109\": 0.00309,\n    \"110\": 0.00309,\n    \"112\": 0.00619,\n    \"113\": 0.00309,\n    \"115\": 0.24752,\n    \"120\": 0.00309,\n    \"121\": 0.00928,\n    \"122\": 0.01238,\n    \"123\": 0.02785,\n    \"124\": 0.47648,\n    \"125\": 0.29393,\n    \"126\": 0.01238,\n    _: \"2 3 4 5 6 7 8 9 10 11 12 13 14 15 16 17 18 19 20 21 22 23 24 25 26 27 28 29 30 31 32 33 34 35 36 37 38 39 40 41 42 43 44 45 46 48 49 50 51 53 54 55 56 57 58 59 60 61 62 63 64 65 66 69 70 71 73 74 76 77 80 81 83 85 86 87 89 90 91 92 93 94 95 96 97 98 99 100 101 111 114 116 117 118 119 127 128 3.5 3.6\"\n  },\n  D: {\n    \"11\": 0.00309,\n    \"38\": 0.00309,\n    \"43\": 0.00309,\n    \"47\": 0.00309,\n    \"49\": 0.0495,\n    \"50\": 0.02475,\n    \"51\": 0.00309,\n    \"54\": 0.00309,\n    \"56\": 0.01547,\n    \"58\": 0.07735,\n    \"59\": 0.00309,\n    \"60\": 0.00619,\n    \"63\": 0.00309,\n    \"64\": 0.00309,\n    \"65\": 0.02166,\n    \"66\": 0.00309,\n    \"67\": 0.00619,\n    \"68\": 0.00619,\n    \"69\": 0.00619,\n    \"70\": 0.01547,\n    \"71\": 0.00619,\n    \"72\": 0.00309,\n    \"73\": 0.01238,\n    \"74\": 0.00309,\n    \"75\": 0.00309,\n    \"76\": 0.01238,\n    \"77\": 0.00619,\n    \"78\": 0.00309,\n    \"79\": 0.04332,\n    \"80\": 0.00309,\n    \"81\": 0.04022,\n    \"83\": 0.01238,\n    \"84\": 0.00619,\n    \"85\": 0.06188,\n    \"86\": 0.01238,\n    \"87\": 0.07116,\n    \"88\": 0.01238,\n    \"89\": 0.00619,\n    \"90\": 0.00619,\n    \"91\": 0.00928,\n    \"92\": 0.00928,\n    \"93\": 0.00619,\n    \"94\": 0.00928,\n    \"95\": 0.01238,\n    \"96\": 0.00619,\n    \"97\": 0.00928,\n    \"98\": 0.03094,\n    \"99\": 0.01547,\n    \"100\": 0.00619,\n    \"101\": 0.00309,\n    \"102\": 0.03403,\n    \"103\": 0.03094,\n    \"104\": 0.03094,\n    \"105\": 0.04022,\n    \"106\": 0.06497,\n    \"107\": 0.03094,\n    \"108\": 0.03713,\n    \"109\": 3.92938,\n    \"110\": 0.02166,\n    \"111\": 0.02475,\n    \"112\": 0.02475,\n    \"113\": 0.01856,\n    \"114\": 0.01856,\n    \"115\": 0.00928,\n    \"116\": 0.08973,\n    \"117\": 0.01856,\n    \"118\": 0.01547,\n    \"119\": 0.06807,\n    \"120\": 0.16089,\n    \"121\": 0.15161,\n    \"122\": 0.57548,\n    \"123\": 10.25352,\n    \"124\": 4.77714,\n    \"125\": 0.02475,\n    \"126\": 0.00309,\n    _: \"4 5 6 7 8 9 10 12 13 14 15 16 17 18 19 20 21 22 23 24 25 26 27 28 29 30 31 32 33 34 35 36 37 39 40 41 42 44 45 46 48 52 53 55 57 61 62 127\"\n  },\n  F: {\n    \"28\": 0.00309,\n    \"36\": 0.00309,\n    \"46\": 0.00928,\n    \"65\": 0.00309,\n    \"79\": 0.00619,\n    \"82\": 0.00928,\n    \"85\": 0.00619,\n    \"91\": 0.00309,\n    \"93\": 0.00309,\n    \"95\": 0.11757,\n    \"102\": 0.00309,\n    \"106\": 0.00928,\n    \"107\": 1.98944,\n    \"108\": 0.48576,\n    \"109\": 0.2568,\n    _: \"9 11 12 15 16 17 18 19 20 21 22 23 24 25 26 27 29 30 31 32 33 34 35 37 38 39 40 41 42 43 44 45 47 48 49 50 51 52 53 54 55 56 57 58 60 62 63 64 66 67 68 69 70 71 72 73 74 75 76 77 78 80 81 83 84 86 87 88 89 90 92 94 96 97 98 99 100 101 103 104 105 9.5-9.6 10.0-10.1 10.5 10.6 11.1 11.5 11.6 12.1\"\n  },\n  B: {\n    \"12\": 0.00309,\n    \"14\": 0.00309,\n    \"15\": 0.00309,\n    \"17\": 0.00309,\n    \"18\": 0.00928,\n    \"92\": 0.02475,\n    \"100\": 0.00309,\n    \"106\": 0.00309,\n    \"107\": 0.00928,\n    \"108\": 0.00309,\n    \"109\": 0.04332,\n    \"110\": 0.00928,\n    \"111\": 0.00309,\n    \"114\": 0.01547,\n    \"116\": 0.00619,\n    \"117\": 0.00619,\n    \"118\": 0.01238,\n    \"119\": 0.00619,\n    \"120\": 0.02166,\n    \"121\": 0.02785,\n    \"122\": 0.12067,\n    \"123\": 1.37992,\n    \"124\": 0.72709,\n    _: \"13 16 79 80 81 83 84 85 86 87 88 89 90 91 93 94 95 96 97 98 99 101 102 103 104 105 112 113 115\"\n  },\n  E: {\n    \"13\": 0.00309,\n    \"14\": 0.01238,\n    _: \"0 4 5 6 7 8 9 10 11 12 15 3.1 3.2 5.1 6.1 7.1 10.1 11.1 12.1 15.2-15.3 17.5\",\n    \"9.1\": 0.00309,\n    \"13.1\": 0.00928,\n    \"14.1\": 0.01547,\n    \"15.1\": 0.00309,\n    \"15.4\": 0.00309,\n    \"15.5\": 0.00309,\n    \"15.6\": 0.03713,\n    \"16.0\": 0.01547,\n    \"16.1\": 0.01856,\n    \"16.2\": 0.00619,\n    \"16.3\": 0.01238,\n    \"16.4\": 0.00309,\n    \"16.5\": 0.00619,\n    \"16.6\": 0.04022,\n    \"17.0\": 0.00619,\n    \"17.1\": 0.02475,\n    \"17.2\": 0.05569,\n    \"17.3\": 0.03094,\n    \"17.4\": 0.1021\n  },\n  G: {\n    \"8\": 0,\n    \"3.2\": 0,\n    \"4.0-4.1\": 0,\n    \"4.2-4.3\": 0.00116,\n    \"5.0-5.1\": 0.00116,\n    \"6.0-6.1\": 0.00291,\n    \"7.0-7.1\": 0.00465,\n    \"8.1-8.4\": 0.00116,\n    \"9.0-9.2\": 0.00291,\n    \"9.3\": 0.01454,\n    \"10.0-10.2\": 0.00291,\n    \"10.3\": 0.02326,\n    \"11.0-11.2\": 0.01977,\n    \"11.3-11.4\": 0.00581,\n    \"12.0-12.1\": 0.00407,\n    \"12.2-12.5\": 0.09478,\n    \"13.0-13.1\": 0.00174,\n    \"13.2\": 0.01919,\n    \"13.3\": 0.00465,\n    \"13.4-13.7\": 0.01803,\n    \"14.0-14.4\": 0.03547,\n    \"14.5-14.8\": 0.05408,\n    \"15.0-15.1\": 0.025,\n    \"15.2-15.3\": 0.02849,\n    \"15.4\": 0.03256,\n    \"15.5\": 0.04129,\n    \"15.6-15.8\": 0.36052,\n    \"16.0\": 0.08432,\n    \"16.1\": 0.17561,\n    \"16.2\": 0.08432,\n    \"16.3\": 0.14886,\n    \"16.4\": 0.03082,\n    \"16.5\": 0.06454,\n    \"16.6-16.7\": 0.50996,\n    \"17.0\": 0.06106,\n    \"17.1\": 0.11281,\n    \"17.2\": 0.15002,\n    \"17.3\": 1.09436,\n    \"17.4\": 2.47015,\n    \"17.5\": 0.02268\n  },\n  P: {\n    \"4\": 0.17391,\n    \"20\": 0.04092,\n    \"21\": 0.08184,\n    \"22\": 0.08184,\n    \"23\": 0.24552,\n    \"24\": 1.16623,\n    _: \"5.0-5.4 8.2 9.2 10.1 12.0\",\n    \"6.2-6.4\": 0.01023,\n    \"7.2-7.4\": 0.38874,\n    \"11.1-11.2\": 0.02046,\n    \"13.0\": 0.02046,\n    \"14.0\": 0.01023,\n    \"15.0\": 0.01023,\n    \"16.0\": 0.03069,\n    \"17.0\": 0.06138,\n    \"18.0\": 0.02046,\n    \"19.0\": 0.04092\n  },\n  I: {\n    \"0\": 0.11004,\n    \"3\": 0,\n    \"4\": 0.00001,\n    \"2.1\": 0,\n    \"2.2\": 0,\n    \"2.3\": 0,\n    \"4.1\": 0.00002,\n    \"4.2-4.3\": 0.00007,\n    \"4.4\": 0,\n    \"4.4.3-4.4.4\": 0.00028\n  },\n  A: {\n    \"8\": 0.00309,\n    \"11\": 0.03713,\n    _: \"6 7 9 10 5.5\"\n  },\n  K: {\n    \"0\": 0.39961,\n    _: \"10 11 12 11.1 11.5 12.1\"\n  },\n  J: {\n    _: \"7 10\"\n  },\n  N: {\n    _: \"10 11\"\n  },\n  S: {\n    \"2.5\": 0.00691,\n    _: \"3.0-3.1\"\n  },\n  Q: {\n    _: \"14.9\"\n  },\n  O: {\n    \"0\": 0.13812\n  },\n  H: {\n    \"0\": 0.07\n  },\n  L: {\n    \"0\": 62.20542\n  },\n  R: {\n    _: \"0\"\n  },\n  M: {\n    \"0\": 0.08978\n  }\n};","map":{"version":3,"names":["module","exports","C","_","D","F","B","E","G","P","I","A","K","J","N","S","Q","O","H","L","R","M"],"sources":["C:/Users/chest/OneDrive/Documentos/GitHub/HackUPC/frontend/node_modules/caniuse-lite/data/regions/TN.js"],