{"ast":null,"code":"module.exports = {\n  C: {\n    \"56\": 0.00175,\n    \"60\": 0.00175,\n    \"70\": 0.00175,\n    \"72\": 0.0035,\n    \"101\": 0.00175,\n    \"102\": 0.0035,\n    \"103\": 0.00175,\n    \"104\": 0.00175,\n    \"111\": 0.0035,\n    \"112\": 0.0035,\n    \"115\": 0.0945,\n    \"117\": 0.00175,\n    \"118\": 0.00525,\n    \"119\": 0.00175,\n    \"120\": 0.00175,\n    \"121\": 0.00175,\n    \"122\": 0.00875,\n    \"123\": 0.0315,\n    \"124\": 0.3815,\n    \"125\": 0.224,\n    \"126\": 0.0035,\n    _: \"2 3 4 5 6 7 8 9 10 11 12 13 14 15 16 17 18 19 20 21 22 23 24 25 26 27 28 29 30 31 32 33 34 35 36 37 38 39 40 41 42 43 44 45 46 47 48 49 50 51 52 53 54 55 57 58 59 61 62 63 64 65 66 67 68 69 71 73 74 75 76 77 78 79 80 81 82 83 84 85 86 87 88 89 90 91 92 93 94 95 96 97 98 99 100 105 106 107 108 109 110 113 114 116 127 128 3.5 3.6\"\n  },\n  D: {\n    \"11\": 0.0035,\n    \"26\": 0.0035,\n    \"28\": 0.00175,\n    \"29\": 0.00175,\n    \"36\": 0.014,\n    \"38\": 0.0035,\n    \"39\": 0.00175,\n    \"43\": 0.0035,\n    \"44\": 0.00175,\n    \"47\": 0.00525,\n    \"50\": 0.0035,\n    \"51\": 0.0035,\n    \"55\": 0.00175,\n    \"58\": 0.00175,\n    \"59\": 0.0035,\n    \"63\": 0.00175,\n    \"64\": 0.00525,\n    \"65\": 0.014,\n    \"66\": 0.00175,\n    \"67\": 0.0035,\n    \"68\": 0.00525,\n    \"69\": 0.00175,\n    \"70\": 0.00875,\n    \"71\": 0.00175,\n    \"72\": 0.00175,\n    \"73\": 0.00175,\n    \"74\": 0.056,\n    \"75\": 0.00175,\n    \"76\": 0.00525,\n    \"77\": 0.0035,\n    \"78\": 0.01575,\n    \"79\": 0.007,\n    \"80\": 0.00875,\n    \"81\": 0.00175,\n    \"83\": 0.0035,\n    \"85\": 0.00175,\n    \"86\": 0.0105,\n    \"87\": 0.01575,\n    \"88\": 0.01225,\n    \"89\": 0.00175,\n    \"90\": 0.00175,\n    \"92\": 0.00175,\n    \"93\": 0.00175,\n    \"94\": 0.0035,\n    \"95\": 0.00525,\n    \"97\": 0.00175,\n    \"99\": 0.00175,\n    \"100\": 0.0035,\n    \"102\": 0.00525,\n    \"103\": 0.09275,\n    \"104\": 0.0035,\n    \"105\": 0.014,\n    \"106\": 0.07175,\n    \"107\": 0.0035,\n    \"108\": 0.02625,\n    \"109\": 0.9135,\n    \"110\": 0.00525,\n    \"111\": 0.28875,\n    \"112\": 0.0035,\n    \"113\": 0.00525,\n    \"114\": 0.0105,\n    \"115\": 0.0035,\n    \"116\": 0.014,\n    \"117\": 0.0035,\n    \"118\": 0.01225,\n    \"119\": 0.03325,\n    \"120\": 0.084,\n    \"121\": 0.10675,\n    \"122\": 0.245,\n    \"123\": 4.368,\n    \"124\": 1.81125,\n    \"125\": 0.00875,\n    \"126\": 0.00175,\n    _: \"4 5 6 7 8 9 10 12 13 14 15 16 17 18 19 20 21 22 23 24 25 27 30 31 32 33 34 35 37 40 41 42 45 46 48 49 52 53 54 56 57 60 61 62 84 91 96 98 101 127\"\n  },\n  F: {\n    \"37\": 0.00175,\n    \"42\": 0.00175,\n    \"45\": 0.00175,\n    \"79\": 0.063,\n    \"82\": 0.01925,\n    \"85\": 0.00175,\n    \"95\": 0.021,\n    \"102\": 0.00175,\n    \"106\": 0.00525,\n    \"107\": 0.042,\n    \"108\": 0.315,\n    \"109\": 0.126,\n    _: \"9 11 12 15 16 17 18 19 20 21 22 23 24 25 26 27 28 29 30 31 32 33 34 35 36 38 39 40 41 43 44 46 47 48 49 50 51 52 53 54 55 56 57 58 60 62 63 64 65 66 67 68 69 70 71 72 73 74 75 76 77 78 80 81 83 84 86 87 88 89 90 91 92 93 94 96 97 98 99 100 101 103 104 105 9.5-9.6 10.0-10.1 10.5 10.6 11.1 11.5 11.6 12.1\"\n  },\n  B: {\n    \"12\": 0.00175,\n    \"13\": 0.00175,\n    \"14\": 0.00175,\n    \"15\": 0.00175,\n    \"17\": 0.00175,\n    \"18\": 0.01575,\n    \"84\": 0.0035,\n    \"85\": 0.00175,\n    \"89\": 0.00525,\n    \"90\": 0.0035,\n    \"92\": 0.01575,\n    \"98\": 0.02975,\n    \"100\": 0.00525,\n    \"103\": 0.00175,\n    \"107\": 0.007,\n    \"109\": 0.01925,\n    \"110\": 0.00875,\n    \"113\": 0.00175,\n    \"114\": 0.0105,\n    \"115\": 0.00175,\n    \"116\": 0.00175,\n    \"117\": 0.00175,\n    \"118\": 0.00175,\n    \"119\": 0.00525,\n    \"120\": 0.02275,\n    \"121\": 0.0105,\n    \"122\": 0.07175,\n    \"123\": 0.9555,\n    \"124\": 0.48475,\n    _: \"16 79 80 81 83 86 87 88 91 93 94 95 96 97 99 101 102 104 105 106 108 111 112\"\n  },\n  E: {\n    \"14\": 0.00175,\n    _: \"0 4 5 6 7 8 9 10 11 12 13 15 3.1 3.2 6.1 7.1 9.1 10.1 11.1 12.1 15.4 15.5 16.0\",\n    \"5.1\": 0.00175,\n    \"13.1\": 0.00175,\n    \"14.1\": 0.00175,\n    \"15.1\": 0.00525,\n    \"15.2-15.3\": 0.00525,\n    \"15.6\": 0.021,\n    \"16.1\": 0.00525,\n    \"16.2\": 0.0175,\n    \"16.3\": 0.00875,\n    \"16.4\": 0.007,\n    \"16.5\": 0.007,\n    \"16.6\": 0.1015,\n    \"17.0\": 0.007,\n    \"17.1\": 0.02275,\n    \"17.2\": 0.02275,\n    \"17.3\": 0.056,\n    \"17.4\": 0.23975,\n    \"17.5\": 0.00175\n  },\n  G: {\n    \"8\": 0,\n    \"3.2\": 0,\n    \"4.0-4.1\": 0,\n    \"4.2-4.3\": 0.00129,\n    \"5.0-5.1\": 0.00129,\n    \"6.0-6.1\": 0.00323,\n    \"7.0-7.1\": 0.00517,\n    \"8.1-8.4\": 0.00129,\n    \"9.0-9.2\": 0.00323,\n    \"9.3\": 0.01615,\n    \"10.0-10.2\": 0.00323,\n    \"10.3\": 0.02584,\n    \"11.0-11.2\": 0.02196,\n    \"11.3-11.4\": 0.00646,\n    \"12.0-12.1\": 0.00452,\n    \"12.2-12.5\": 0.10529,\n    \"13.0-13.1\": 0.00194,\n    \"13.2\": 0.02132,\n    \"13.3\": 0.00517,\n    \"13.4-13.7\": 0.02003,\n    \"14.0-14.4\": 0.0394,\n    \"14.5-14.8\": 0.06008,\n    \"15.0-15.1\": 0.02778,\n    \"15.2-15.3\": 0.03165,\n    \"15.4\": 0.03617,\n    \"15.5\": 0.04586,\n    \"15.6-15.8\": 0.4005,\n    \"16.0\": 0.09367,\n    \"16.1\": 0.19508,\n    \"16.2\": 0.09367,\n    \"16.3\": 0.16537,\n    \"16.4\": 0.03424,\n    \"16.5\": 0.0717,\n    \"16.6-16.7\": 0.56652,\n    \"17.0\": 0.06783,\n    \"17.1\": 0.12532,\n    \"17.2\": 0.16666,\n    \"17.3\": 1.21572,\n    \"17.4\": 2.7441,\n    \"17.5\": 0.02519\n  },\n  P: {\n    \"4\": 0.19383,\n    \"21\": 0.04081,\n    \"22\": 0.0102,\n    \"23\": 0.09181,\n    \"24\": 0.41827,\n    _: \"20 5.0-5.4 6.2-6.4 8.2 10.1 11.1-11.2 12.0 13.0 14.0 16.0\",\n    \"7.2-7.4\": 0.0102,\n    \"9.2\": 0.0102,\n    \"15.0\": 0.0306,\n    \"17.0\": 0.10202,\n    \"18.0\": 0.0102,\n    \"19.0\": 0.0102\n  },\n  I: {\n    \"0\": 0.00822,\n    \"3\": 0,\n    \"4\": 0,\n    \"2.1\": 0,\n    \"2.2\": 0,\n    \"2.3\": 0,\n    \"4.1\": 0,\n    \"4.2-4.3\": 0,\n    \"4.4\": 0,\n    \"4.4.3-4.4.4\": 0.00002\n  },\n  A: {\n    \"11\": 0.00525,\n    _: \"6 7 8 9 10 5.5\"\n  },\n  K: {\n    \"0\": 1.9225,\n    _: \"10 11 12 11.1 11.5 12.1\"\n  },\n  J: {\n    _: \"7 10\"\n  },\n  N: {\n    _: \"10 11\"\n  },\n  S: {\n    \"2.5\": 0.07425,\n    _: \"3.0-3.1\"\n  },\n  Q: {\n    \"14.9\": 0.00825\n  },\n  O: {\n    \"0\": 0.2475\n  },\n  H: {\n    \"0\": 2.78\n  },\n  L: {\n    \"0\": 75.18325\n  },\n  R: {\n    _: \"0\"\n  },\n  M: {\n    \"0\": 0.0495\n  }\n};","map":{"version":3,"names":["module","exports","C","_","D","F","B","E","G","P","I","A","K","J","N","S","Q","O","H","L","R","M"],"sources":["C:/Users/chest/OneDrive/Documentos/GitHub/HackUPC/frontend/node_modules/caniuse-lite/data/regions/BJ.js"],