{"ast":null,"code":"module.exports = {\n  C: {\n    \"34\": 0.00554,\n    \"52\": 0.01661,\n    \"54\": 0.00554,\n    \"59\": 0.00554,\n    \"78\": 0.02769,\n    \"83\": 0.00554,\n    \"88\": 0.01107,\n    \"103\": 0.01661,\n    \"114\": 0.00554,\n    \"115\": 0.22702,\n    \"117\": 0.01107,\n    \"118\": 0.00554,\n    \"119\": 0.00554,\n    \"120\": 0.01107,\n    \"121\": 0.01107,\n    \"122\": 0.01661,\n    \"123\": 0.05537,\n    \"124\": 1.21814,\n    \"125\": 0.598,\n    _: \"2 3 4 5 6 7 8 9 10 11 12 13 14 15 16 17 18 19 20 21 22 23 24 25 26 27 28 29 30 31 32 33 35 36 37 38 39 40 41 42 43 44 45 46 47 48 49 50 51 53 55 56 57 58 60 61 62 63 64 65 66 67 68 69 70 71 72 73 74 75 76 77 79 80 81 82 84 85 86 87 89 90 91 92 93 94 95 96 97 98 99 100 101 102 104 105 106 107 108 109 110 111 112 113 116 126 127 128 3.5 3.6\"\n  },\n  D: {\n    \"25\": 0.02215,\n    \"34\": 0.01107,\n    \"35\": 0.03876,\n    \"38\": 0.08306,\n    \"49\": 0.02215,\n    \"51\": 0.00554,\n    \"52\": 0.01107,\n    \"59\": 0.01661,\n    \"63\": 0.01107,\n    \"66\": 0.03322,\n    \"68\": 0.00554,\n    \"69\": 0.00554,\n    \"70\": 0.00554,\n    \"72\": 0.00554,\n    \"74\": 0.01107,\n    \"76\": 0.00554,\n    \"77\": 0.00554,\n    \"78\": 0.00554,\n    \"79\": 0.07198,\n    \"80\": 0.02769,\n    \"81\": 0.01661,\n    \"83\": 0.01107,\n    \"85\": 0.01107,\n    \"86\": 0.1052,\n    \"87\": 0.06644,\n    \"88\": 0.0443,\n    \"89\": 0.01107,\n    \"90\": 0.02215,\n    \"91\": 0.00554,\n    \"92\": 0.00554,\n    \"93\": 0.01661,\n    \"94\": 0.02215,\n    \"96\": 0.00554,\n    \"97\": 0.01107,\n    \"98\": 0.01661,\n    \"99\": 0.02215,\n    \"100\": 0.09967,\n    \"101\": 0.18826,\n    \"102\": 0.11074,\n    \"103\": 0.28792,\n    \"104\": 0.12735,\n    \"105\": 0.02769,\n    \"106\": 0.01107,\n    \"107\": 0.01661,\n    \"108\": 0.02769,\n    \"109\": 0.92468,\n    \"110\": 0.02215,\n    \"111\": 0.02215,\n    \"112\": 0.02769,\n    \"113\": 0.11074,\n    \"114\": 0.14396,\n    \"115\": 0.02769,\n    \"116\": 0.48726,\n    \"117\": 0.06644,\n    \"118\": 0.07198,\n    \"119\": 0.18272,\n    \"120\": 0.37652,\n    \"121\": 0.64783,\n    \"122\": 3.34435,\n    \"123\": 19.41826,\n    \"124\": 7.40851,\n    \"125\": 0.02769,\n    _: \"4 5 6 7 8 9 10 11 12 13 14 15 16 17 18 19 20 21 22 23 24 26 27 28 29 30 31 32 33 36 37 39 40 41 42 43 44 45 46 47 48 50 53 54 55 56 57 58 60 61 62 64 65 67 71 73 75 84 95 126 127\"\n  },\n  F: {\n    \"46\": 0.02215,\n    \"95\": 0.01107,\n    \"107\": 0.63676,\n    \"108\": 0.1938,\n    \"109\": 0.06644,\n    _: \"9 11 12 15 16 17 18 19 20 21 22 23 24 25 26 27 28 29 30 31 32 33 34 35 36 37 38 39 40 41 42 43 44 45 47 48 49 50 51 52 53 54 55 56 57 58 60 62 63 64 65 66 67 68 69 70 71 72 73 74 75 76 77 78 79 80 81 82 83 84 85 86 87 88 89 90 91 92 93 94 96 97 98 99 100 101 102 103 104 105 106 9.5-9.6 10.0-10.1 10.5 10.6 11.1 11.5 11.6 12.1\"\n  },\n  B: {\n    \"15\": 0.00554,\n    \"108\": 0.01107,\n    \"109\": 0.09413,\n    \"113\": 0.01661,\n    \"114\": 0.01107,\n    \"115\": 0.00554,\n    \"116\": 0.00554,\n    \"117\": 0.01107,\n    \"118\": 0.01107,\n    \"119\": 0.02769,\n    \"120\": 0.06091,\n    \"121\": 0.05537,\n    \"122\": 0.54263,\n    \"123\": 5.03867,\n    \"124\": 2.14836,\n    _: \"12 13 14 16 17 18 79 80 81 83 84 85 86 87 88 89 90 91 92 93 94 95 96 97 98 99 100 101 102 103 104 105 106 107 110 111 112\"\n  },\n  E: {\n    \"9\": 0.01107,\n    \"13\": 0.01661,\n    \"14\": 0.08859,\n    \"15\": 0.01661,\n    _: \"0 4 5 6 7 8 10 11 12 3.1 3.2 5.1 6.1 7.1 10.1\",\n    \"9.1\": 0.02215,\n    \"11.1\": 0.00554,\n    \"12.1\": 0.02769,\n    \"13.1\": 0.14396,\n    \"14.1\": 0.23255,\n    \"15.1\": 0.03322,\n    \"15.2-15.3\": 0.03876,\n    \"15.4\": 0.05537,\n    \"15.5\": 0.09967,\n    \"15.6\": 0.64783,\n    \"16.0\": 0.06644,\n    \"16.1\": 0.1495,\n    \"16.2\": 0.11628,\n    \"16.3\": 0.26578,\n    \"16.4\": 0.08306,\n    \"16.5\": 0.1495,\n    \"16.6\": 0.89146,\n    \"17.0\": 0.06644,\n    \"17.1\": 0.22148,\n    \"17.2\": 0.28792,\n    \"17.3\": 1.03542,\n    \"17.4\": 2.65776,\n    \"17.5\": 0.01661\n  },\n  G: {\n    \"8\": 0,\n    \"3.2\": 0,\n    \"4.0-4.1\": 0,\n    \"4.2-4.3\": 0,\n    \"5.0-5.1\": 0.00793,\n    \"6.0-6.1\": 0.00992,\n    \"7.0-7.1\": 0.00793,\n    \"8.1-8.4\": 0.00793,\n    \"9.0-9.2\": 0.00793,\n    \"9.3\": 0.06545,\n    \"10.0-10.2\": 0.01587,\n    \"10.3\": 0.119,\n    \"11.0-11.2\": 0.66839,\n    \"11.3-11.4\": 0.0357,\n    \"12.0-12.1\": 0.02578,\n    \"12.2-12.5\": 0.3808,\n    \"13.0-13.1\": 0.00992,\n    \"13.2\": 0.00793,\n    \"13.3\": 0.0119,\n    \"13.4-13.7\": 0.0357,\n    \"14.0-14.4\": 0.08528,\n    \"14.5-14.8\": 0.11503,\n    \"15.0-15.1\": 0.05752,\n    \"15.2-15.3\": 0.06743,\n    \"15.4\": 0.06545,\n    \"15.5\": 0.1071,\n    \"15.6-15.8\": 0.95003,\n    \"16.0\": 0.24197,\n    \"16.1\": 0.62872,\n    \"16.2\": 0.2618,\n    \"16.3\": 0.49782,\n    \"16.4\": 0.07338,\n    \"16.5\": 0.15074,\n    \"16.6-16.7\": 1.64619,\n    \"17.0\": 0.10115,\n    \"17.1\": 0.28759,\n    \"17.2\": 0.40659,\n    \"17.3\": 3.8378,\n    \"17.4\": 8.75652,\n    \"17.5\": 0.06347\n  },\n  P: {\n    \"4\": 0.18059,\n    \"20\": 0.02257,\n    \"21\": 0.06772,\n    \"22\": 0.05643,\n    \"23\": 0.18059,\n    \"24\": 2.16705,\n    \"5.0-5.4\": 0.02257,\n    \"6.2-6.4\": 0.01129,\n    _: \"7.2-7.4 8.2 9.2 10.1 11.1-11.2 12.0 14.0 15.0 16.0 18.0\",\n    \"13.0\": 0.01129,\n    \"17.0\": 0.02257,\n    \"19.0\": 0.02257\n  },\n  I: {\n    \"0\": 0.06654,\n    \"3\": 0.00001,\n    \"4\": 0.00005,\n    \"2.1\": 0.00001,\n    \"2.2\": 0.00003,\n    \"2.3\": 0.00003,\n    \"4.1\": 0.00003,\n    \"4.2-4.3\": 0.00007,\n    \"4.4\": 0,\n    \"4.4.3-4.4.4\": 0.00016\n  },\n  A: {\n    \"8\": 0.046,\n    \"11\": 0.15333,\n    _: \"6 7 9 10 5.5\"\n  },\n  K: {\n    \"0\": 0.14728,\n    _: \"10 11 12 11.1 11.5 12.1\"\n  },\n  J: {\n    _: \"7 10\"\n  },\n  N: {\n    _: \"10 11\"\n  },\n  S: {\n    _: \"2.5 3.0-3.1\"\n  },\n  Q: {\n    \"14.9\": 0.00893\n  },\n  O: {\n    \"0\": 0.05356\n  },\n  H: {\n    \"0\": 0\n  },\n  L: {\n    \"0\": 21.78508\n  },\n  R: {\n    _: \"0\"\n  },\n  M: {\n    \"0\": 0.39274\n  }\n};","map":{"version":3,"names":["module","exports","C","_","D","F","B","E","G","P","I","A","K","J","N","S","Q","O","H","L","R","M"],"sources":["C:/Users/chest/OneDrive/Documentos/GitHub/HackUPC/frontend/node_modules/caniuse-lite/data/regions/alt-oc.js"],