{"ast":null,"code":"module.exports = {\n  C: {\n    \"64\": 0.00448,\n    \"78\": 0.02239,\n    \"84\": 0.00448,\n    \"89\": 0.00448,\n    \"91\": 0.00448,\n    \"109\": 0.00448,\n    \"112\": 0.03582,\n    \"113\": 0.00448,\n    \"115\": 0.60901,\n    \"117\": 0.04478,\n    \"120\": 0.00448,\n    \"121\": 0.00448,\n    \"122\": 0.02687,\n    \"123\": 0.10747,\n    \"124\": 2.00167,\n    \"125\": 1.01651,\n    \"126\": 0.00448,\n    _: \"2 3 4 5 6 7 8 9 10 11 12 13 14 15 16 17 18 19 20 21 22 23 24 25 26 27 28 29 30 31 32 33 34 35 36 37 38 39 40 41 42 43 44 45 46 47 48 49 50 51 52 53 54 55 56 57 58 59 60 61 62 63 65 66 67 68 69 70 71 72 73 74 75 76 77 79 80 81 82 83 85 86 87 88 90 92 93 94 95 96 97 98 99 100 101 102 103 104 105 106 107 108 110 111 114 116 118 119 127 128 3.5 3.6\"\n  },\n  D: {\n    \"47\": 0.00448,\n    \"49\": 0.01343,\n    \"56\": 0.00448,\n    \"58\": 0.00896,\n    \"63\": 0.01791,\n    \"66\": 0.00448,\n    \"67\": 0.01343,\n    \"72\": 0.00448,\n    \"75\": 0.00448,\n    \"79\": 0.00896,\n    \"85\": 0.00896,\n    \"87\": 0.00448,\n    \"88\": 0.00448,\n    \"90\": 0.00448,\n    \"91\": 0.00448,\n    \"94\": 0.00448,\n    \"99\": 0.00448,\n    \"102\": 0.01343,\n    \"103\": 0.04926,\n    \"105\": 0.00896,\n    \"106\": 0.00448,\n    \"108\": 0.00448,\n    \"109\": 0.69409,\n    \"110\": 0.00448,\n    \"111\": 0.00448,\n    \"112\": 0.00448,\n    \"113\": 0.00896,\n    \"114\": 0.00448,\n    \"115\": 0.00896,\n    \"116\": 0.13882,\n    \"117\": 0.04478,\n    \"118\": 0.00448,\n    \"119\": 0.03135,\n    \"120\": 0.04926,\n    \"121\": 0.17016,\n    \"122\": 0.89112,\n    \"123\": 19.77933,\n    \"124\": 5.01984,\n    \"125\": 0.03135,\n    \"126\": 0.00448,\n    _: \"4 5 6 7 8 9 10 11 12 13 14 15 16 17 18 19 20 21 22 23 24 25 26 27 28 29 30 31 32 33 34 35 36 37 38 39 40 41 42 43 44 45 46 48 50 51 52 53 54 55 57 59 60 61 62 64 65 68 69 70 71 73 74 76 77 78 80 81 83 84 86 89 92 93 95 96 97 98 100 101 104 107 127\"\n  },\n  F: {\n    \"46\": 0.00448,\n    \"86\": 0.00448,\n    \"95\": 0.00896,\n    \"106\": 0.00448,\n    \"107\": 0.8956,\n    \"108\": 0.36272,\n    \"109\": 0.10747,\n    _: \"9 11 12 15 16 17 18 19 20 21 22 23 24 25 26 27 28 29 30 31 32 33 34 35 36 37 38 39 40 41 42 43 44 45 47 48 49 50 51 52 53 54 55 56 57 58 60 62 63 64 65 66 67 68 69 70 71 72 73 74 75 76 77 78 79 80 81 82 83 84 85 87 88 89 90 91 92 93 94 96 97 98 99 100 101 102 103 104 105 9.5-9.6 10.0-10.1 10.5 10.6 11.1 11.5 11.6\",\n    \"12.1\": 0.00448\n  },\n  B: {\n    \"15\": 0.00448,\n    \"92\": 0.00896,\n    \"107\": 0.01343,\n    \"109\": 0.04926,\n    \"110\": 0.00448,\n    \"114\": 0.04478,\n    \"115\": 0.00896,\n    \"116\": 0.01343,\n    \"117\": 0.00448,\n    \"118\": 0.13882,\n    \"119\": 0.01791,\n    \"120\": 0.02687,\n    \"121\": 0.05374,\n    \"122\": 0.25525,\n    \"123\": 3.65853,\n    \"124\": 2.10018,\n    _: \"12 13 14 16 17 18 79 80 81 83 84 85 86 87 88 89 90 91 93 94 95 96 97 98 99 100 101 102 103 104 105 106 108 111 112 113\"\n  },\n  E: {\n    \"13\": 0.00448,\n    \"14\": 0.04478,\n    _: \"0 4 5 6 7 8 9 10 11 12 15 3.1 3.2 5.1 6.1 7.1 9.1 10.1 11.1\",\n    \"12.1\": 0.00896,\n    \"13.1\": 0.13434,\n    \"14.1\": 0.12986,\n    \"15.1\": 0.00896,\n    \"15.2-15.3\": 0.00896,\n    \"15.4\": 0.00448,\n    \"15.5\": 0.04478,\n    \"15.6\": 0.41645,\n    \"16.0\": 0.01791,\n    \"16.1\": 0.12538,\n    \"16.2\": 0.08956,\n    \"16.3\": 0.07613,\n    \"16.4\": 0.06717,\n    \"16.5\": 0.06269,\n    \"16.6\": 0.61796,\n    \"17.0\": 0.06717,\n    \"17.1\": 0.12091,\n    \"17.2\": 0.34481,\n    \"17.3\": 0.57766,\n    \"17.4\": 1.60312,\n    \"17.5\": 0.00448\n  },\n  G: {\n    \"8\": 0,\n    \"3.2\": 0,\n    \"4.0-4.1\": 0,\n    \"4.2-4.3\": 0.00324,\n    \"5.0-5.1\": 0.00324,\n    \"6.0-6.1\": 0.00811,\n    \"7.0-7.1\": 0.01298,\n    \"8.1-8.4\": 0.00324,\n    \"9.0-9.2\": 0.00811,\n    \"9.3\": 0.04056,\n    \"10.0-10.2\": 0.00811,\n    \"10.3\": 0.06489,\n    \"11.0-11.2\": 0.05516,\n    \"11.3-11.4\": 0.01622,\n    \"12.0-12.1\": 0.01136,\n    \"12.2-12.5\": 0.26445,\n    \"13.0-13.1\": 0.00487,\n    \"13.2\": 0.05354,\n    \"13.3\": 0.01298,\n    \"13.4-13.7\": 0.05029,\n    \"14.0-14.4\": 0.09896,\n    \"14.5-14.8\": 0.15088,\n    \"15.0-15.1\": 0.06976,\n    \"15.2-15.3\": 0.0795,\n    \"15.4\": 0.09085,\n    \"15.5\": 0.11519,\n    \"15.6-15.8\": 1.00587,\n    \"16.0\": 0.23524,\n    \"16.1\": 0.48995,\n    \"16.2\": 0.23524,\n    \"16.3\": 0.41533,\n    \"16.4\": 0.08599,\n    \"16.5\": 0.18008,\n    \"16.6-16.7\": 1.42281,\n    \"17.0\": 0.17035,\n    \"17.1\": 0.31474,\n    \"17.2\": 0.41857,\n    \"17.3\": 3.05329,\n    \"17.4\": 6.8918,\n    \"17.5\": 0.06327\n  },\n  P: {\n    \"4\": 0.03153,\n    \"20\": 0.17866,\n    \"21\": 0.06306,\n    \"22\": 0.10509,\n    \"23\": 0.35731,\n    \"24\": 3.59416,\n    _: \"5.0-5.4 8.2 10.1 12.0 15.0 17.0\",\n    \"6.2-6.4\": 0.06306,\n    \"7.2-7.4\": 0.02102,\n    \"9.2\": 0.01051,\n    \"11.1-11.2\": 0.02102,\n    \"13.0\": 0.07356,\n    \"14.0\": 0.06306,\n    \"16.0\": 0.04204,\n    \"18.0\": 0.01051,\n    \"19.0\": 0.13662\n  },\n  I: {\n    \"0\": 0.0165,\n    \"3\": 0,\n    \"4\": 0,\n    \"2.1\": 0,\n    \"2.2\": 0,\n    \"2.3\": 0,\n    \"4.1\": 0,\n    \"4.2-4.3\": 0.00001,\n    \"4.4\": 0,\n    \"4.4.3-4.4.4\": 0.00004\n  },\n  A: {\n    \"11\": 0.00448,\n    _: \"6 7 8 9 10 5.5\"\n  },\n  K: {\n    \"0\": 0.12148,\n    _: \"10 11 12 11.1 11.5 12.1\"\n  },\n  J: {\n    _: \"7 10\"\n  },\n  N: {\n    _: \"10 11\"\n  },\n  S: {\n    _: \"2.5 3.0-3.1\"\n  },\n  Q: {\n    _: \"14.9\"\n  },\n  O: {\n    \"0\": 0.01104\n  },\n  H: {\n    \"0\": 0\n  },\n  L: {\n    \"0\": 34.19837\n  },\n  R: {\n    _: \"0\"\n  },\n  M: {\n    \"0\": 0.5025\n  }\n};","map":{"version":3,"names":["module","exports","C","_","D","F","B","E","G","P","I","A","K","J","N","S","Q","O","H","L","R","M"],"sources":["C:/Users/chest/OneDrive/Documentos/GitHub/HackUPC/frontend/node_modules/caniuse-lite/data/regions/GP.js"],