{"ast":null,"code":"module.exports = {\n  C: {\n    \"37\": 0.00115,\n    \"81\": 0.00115,\n    \"115\": 0.00462,\n    \"118\": 0.01731,\n    \"119\": 0.00115,\n    \"122\": 0.00115,\n    \"123\": 0.00462,\n    \"124\": 0.10155,\n    \"125\": 0.06001,\n    _: \"2 3 4 5 6 7 8 9 10 11 12 13 14 15 16 17 18 19 20 21 22 23 24 25 26 27 28 29 30 31 32 33 34 35 36 38 39 40 41 42 43 44 45 46 47 48 49 50 51 52 53 54 55 56 57 58 59 60 61 62 63 64 65 66 67 68 69 70 71 72 73 74 75 76 77 78 79 80 82 83 84 85 86 87 88 89 90 91 92 93 94 95 96 97 98 99 100 101 102 103 104 105 106 107 108 109 110 111 112 113 114 116 117 120 121 126 127 128 3.5 3.6\"\n  },\n  D: {\n    \"33\": 0.00115,\n    \"43\": 0.00346,\n    \"45\": 0.00231,\n    \"58\": 0.00231,\n    \"64\": 0.00231,\n    \"65\": 0.00115,\n    \"68\": 0.00346,\n    \"69\": 0.00231,\n    \"70\": 0.00231,\n    \"75\": 0.00115,\n    \"76\": 0.00231,\n    \"77\": 0.00115,\n    \"78\": 0.00115,\n    \"79\": 0.00231,\n    \"81\": 0.00346,\n    \"83\": 0.00115,\n    \"84\": 0.00115,\n    \"87\": 0.00231,\n    \"88\": 0.00231,\n    \"91\": 0.00346,\n    \"93\": 0.00115,\n    \"95\": 0.00231,\n    \"99\": 0.01154,\n    \"102\": 0.00231,\n    \"103\": 0.01154,\n    \"105\": 0.00115,\n    \"106\": 0.00115,\n    \"107\": 0.00115,\n    \"108\": 0.00115,\n    \"109\": 0.09117,\n    \"111\": 0.00115,\n    \"113\": 0.00115,\n    \"114\": 0.00115,\n    \"115\": 0.00231,\n    \"116\": 0.00808,\n    \"117\": 0.00462,\n    \"118\": 0.00115,\n    \"119\": 0.02077,\n    \"120\": 0.01385,\n    \"121\": 0.01385,\n    \"122\": 0.10271,\n    \"123\": 1.07091,\n    \"124\": 0.40275,\n    \"125\": 0.00115,\n    _: \"4 5 6 7 8 9 10 11 12 13 14 15 16 17 18 19 20 21 22 23 24 25 26 27 28 29 30 31 32 34 35 36 37 38 39 40 41 42 44 46 47 48 49 50 51 52 53 54 55 56 57 59 60 61 62 63 66 67 71 72 73 74 80 85 86 89 90 92 94 96 97 98 100 101 104 110 112 126 127\"\n  },\n  F: {\n    \"79\": 0.00115,\n    \"95\": 0.00346,\n    \"102\": 0.00115,\n    \"106\": 0.00115,\n    \"107\": 0.03231,\n    \"108\": 0.04962,\n    \"109\": 0.01962,\n    _: \"9 11 12 15 16 17 18 19 20 21 22 23 24 25 26 27 28 29 30 31 32 33 34 35 36 37 38 39 40 41 42 43 44 45 46 47 48 49 50 51 52 53 54 55 56 57 58 60 62 63 64 65 66 67 68 69 70 71 72 73 74 75 76 77 78 80 81 82 83 84 85 86 87 88 89 90 91 92 93 94 96 97 98 99 100 101 103 104 105 9.5-9.6 10.0-10.1 10.5 10.6 11.1 11.5 11.6 12.1\"\n  },\n  B: {\n    \"12\": 0.00346,\n    \"13\": 0.00115,\n    \"14\": 0.00808,\n    \"16\": 0.00115,\n    \"17\": 0.00115,\n    \"18\": 0.03462,\n    \"84\": 0.00231,\n    \"89\": 0.00231,\n    \"90\": 0.00115,\n    \"92\": 0.00462,\n    \"100\": 0.00115,\n    \"109\": 0.00115,\n    \"112\": 0.00115,\n    \"114\": 0.00115,\n    \"117\": 0.00231,\n    \"118\": 0.00115,\n    \"119\": 0.00231,\n    \"120\": 0.00923,\n    \"121\": 0.01385,\n    \"122\": 0.02539,\n    \"123\": 0.23888,\n    \"124\": 0.16502,\n    _: \"15 79 80 81 83 85 86 87 88 91 93 94 95 96 97 98 99 101 102 103 104 105 106 107 108 110 111 113 115 116\"\n  },\n  E: {\n    \"13\": 0.00115,\n    \"14\": 0.00115,\n    _: \"0 4 5 6 7 8 9 10 11 12 15 3.1 3.2 5.1 6.1 7.1 9.1 10.1 11.1 12.1 15.1 15.2-15.3 15.5 16.0 16.1 16.4 17.1 17.5\",\n    \"13.1\": 0.04039,\n    \"14.1\": 0.00692,\n    \"15.4\": 0.00115,\n    \"15.6\": 0.03347,\n    \"16.2\": 0.00115,\n    \"16.3\": 0.00115,\n    \"16.5\": 0.00231,\n    \"16.6\": 0.00231,\n    \"17.0\": 0.00231,\n    \"17.2\": 0.00231,\n    \"17.3\": 0.00115,\n    \"17.4\": 0.01039\n  },\n  G: {\n    \"8\": 0,\n    \"3.2\": 0,\n    \"4.0-4.1\": 0,\n    \"4.2-4.3\": 0.00182,\n    \"5.0-5.1\": 0.00182,\n    \"6.0-6.1\": 0.00455,\n    \"7.0-7.1\": 0.00727,\n    \"8.1-8.4\": 0.00182,\n    \"9.0-9.2\": 0.00455,\n    \"9.3\": 0.02273,\n    \"10.0-10.2\": 0.00455,\n    \"10.3\": 0.03637,\n    \"11.0-11.2\": 0.03092,\n    \"11.3-11.4\": 0.00909,\n    \"12.0-12.1\": 0.00637,\n    \"12.2-12.5\": 0.14823,\n    \"13.0-13.1\": 0.00273,\n    \"13.2\": 0.03001,\n    \"13.3\": 0.00727,\n    \"13.4-13.7\": 0.02819,\n    \"14.0-14.4\": 0.05547,\n    \"14.5-14.8\": 0.08457,\n    \"15.0-15.1\": 0.0391,\n    \"15.2-15.3\": 0.04456,\n    \"15.4\": 0.05092,\n    \"15.5\": 0.06457,\n    \"15.6-15.8\": 0.56381,\n    \"16.0\": 0.13186,\n    \"16.1\": 0.27463,\n    \"16.2\": 0.13186,\n    \"16.3\": 0.2328,\n    \"16.4\": 0.0482,\n    \"16.5\": 0.10094,\n    \"16.6-16.7\": 0.79752,\n    \"17.0\": 0.09548,\n    \"17.1\": 0.17642,\n    \"17.2\": 0.23462,\n    \"17.3\": 1.71143,\n    \"17.4\": 3.863,\n    \"17.5\": 0.03547\n  },\n  P: {\n    \"4\": 0.0813,\n    \"20\": 0.10163,\n    \"21\": 0.28456,\n    \"22\": 0.47766,\n    \"23\": 0.44717,\n    \"24\": 0.61994,\n    \"5.0-5.4\": 0.01016,\n    _: \"6.2-6.4 8.2 10.1 12.0\",\n    \"7.2-7.4\": 0.22358,\n    \"9.2\": 0.06098,\n    \"11.1-11.2\": 0.07114,\n    \"13.0\": 0.04065,\n    \"14.0\": 0.01016,\n    \"15.0\": 0.05081,\n    \"16.0\": 0.18293,\n    \"17.0\": 0.02033,\n    \"18.0\": 0.03049,\n    \"19.0\": 0.40652\n  },\n  I: {\n    \"0\": 0.00881,\n    \"3\": 0,\n    \"4\": 0,\n    \"2.1\": 0,\n    \"2.2\": 0,\n    \"2.3\": 0,\n    \"4.1\": 0,\n    \"4.2-4.3\": 0.00001,\n    \"4.4\": 0,\n    \"4.4.3-4.4.4\": 0.00002\n  },\n  A: {\n    \"9\": 0.00128,\n    \"11\": 0.01026,\n    _: \"6 7 8 10 5.5\"\n  },\n  K: {\n    \"0\": 1.11919,\n    _: \"10 11 12 11.1 11.5 12.1\"\n  },\n  J: {\n    _: \"7 10\"\n  },\n  N: {\n    _: \"10 11\"\n  },\n  S: {\n    \"2.5\": 0.16807,\n    _: \"3.0-3.1\"\n  },\n  Q: {\n    \"14.9\": 0.00885\n  },\n  O: {\n    \"0\": 0.08846\n  },\n  H: {\n    \"0\": 1.34\n  },\n  L: {\n    \"0\": 82.13258\n  },\n  R: {\n    _: \"0\"\n  },\n  M: {\n    \"0\": 0.01769\n  }\n};","map":{"version":3,"names":["module","exports","C","_","D","F","B","E","G","P","I","A","K","J","N","S","Q","O","H","L","R","M"],"sources":["C:/Users/chest/OneDrive/Documentos/GitHub/HackUPC/frontend/node_modules/caniuse-lite/data/regions/GN.js"],