{"ast":null,"code":"module.exports = {\n  C: {\n    \"34\": 0.0026,\n    \"52\": 0.0026,\n    \"75\": 0.0026,\n    \"77\": 0.00519,\n    \"78\": 0.0026,\n    \"88\": 0.0026,\n    \"103\": 0.0026,\n    \"105\": 0.0026,\n    \"107\": 0.0026,\n    \"109\": 0.0026,\n    \"110\": 0.0026,\n    \"111\": 0.0026,\n    \"114\": 0.0026,\n    \"115\": 0.08048,\n    \"120\": 0.0026,\n    \"121\": 0.00519,\n    \"122\": 0.00519,\n    \"123\": 0.01558,\n    \"124\": 0.41796,\n    \"125\": 0.19989,\n    \"126\": 0.01038,\n    \"127\": 0.01817,\n    _: \"2 3 4 5 6 7 8 9 10 11 12 13 14 15 16 17 18 19 20 21 22 23 24 25 26 27 28 29 30 31 32 33 35 36 37 38 39 40 41 42 43 44 45 46 47 48 49 50 51 53 54 55 56 57 58 59 60 61 62 63 64 65 66 67 68 69 70 71 72 73 74 76 79 80 81 82 83 84 85 86 87 89 90 91 92 93 94 95 96 97 98 99 100 101 102 104 106 108 112 113 116 117 118 119 128 3.5 3.6\"\n  },\n  D: {\n    \"11\": 0.0026,\n    \"22\": 0.00519,\n    \"35\": 0.39719,\n    \"38\": 0.00779,\n    \"41\": 0.0026,\n    \"43\": 0.0026,\n    \"44\": 0.0026,\n    \"46\": 0.0026,\n    \"47\": 0.0026,\n    \"49\": 0.00779,\n    \"51\": 0.0026,\n    \"56\": 0.01038,\n    \"58\": 0.01558,\n    \"65\": 0.00519,\n    \"68\": 0.00519,\n    \"69\": 0.0026,\n    \"70\": 0.0026,\n    \"71\": 0.0026,\n    \"72\": 0.01817,\n    \"73\": 0.0026,\n    \"74\": 0.0026,\n    \"75\": 0.00779,\n    \"76\": 0.01817,\n    \"77\": 0.0026,\n    \"78\": 0.00519,\n    \"79\": 0.02077,\n    \"80\": 0.0026,\n    \"81\": 0.00519,\n    \"83\": 0.01038,\n    \"84\": 0.0026,\n    \"85\": 0.01298,\n    \"86\": 0.04932,\n    \"87\": 0.03634,\n    \"88\": 0.01298,\n    \"89\": 0.0026,\n    \"90\": 0.00519,\n    \"91\": 0.01038,\n    \"92\": 0.0026,\n    \"93\": 0.04413,\n    \"94\": 0.00779,\n    \"95\": 0.00779,\n    \"96\": 0.00519,\n    \"97\": 0.00519,\n    \"98\": 0.03634,\n    \"99\": 0.03115,\n    \"100\": 0.03894,\n    \"101\": 0.0675,\n    \"102\": 0.04932,\n    \"103\": 0.1921,\n    \"104\": 0.04154,\n    \"105\": 0.01038,\n    \"106\": 0.02596,\n    \"107\": 0.01817,\n    \"108\": 0.03894,\n    \"109\": 0.62823,\n    \"110\": 0.02336,\n    \"111\": 0.02596,\n    \"112\": 0.02336,\n    \"113\": 0.08567,\n    \"114\": 0.11682,\n    \"115\": 0.02596,\n    \"116\": 0.14018,\n    \"117\": 0.02077,\n    \"118\": 0.03115,\n    \"119\": 0.05971,\n    \"120\": 0.21806,\n    \"121\": 0.18172,\n    \"122\": 0.68275,\n    \"123\": 9.30147,\n    \"124\": 4.53781,\n    \"125\": 0.02077,\n    \"126\": 0.0026,\n    _: \"4 5 6 7 8 9 10 12 13 14 15 16 17 18 19 20 21 23 24 25 26 27 28 29 30 31 32 33 34 36 37 39 40 42 45 48 50 52 53 54 55 57 59 60 61 62 63 64 66 67 127\"\n  },\n  F: {\n    \"28\": 0.0026,\n    \"46\": 0.00779,\n    \"82\": 0.0026,\n    \"85\": 0.0026,\n    \"89\": 0.0026,\n    \"91\": 0.0026,\n    \"92\": 0.0026,\n    \"95\": 0.01038,\n    \"99\": 0.0026,\n    \"105\": 0.00519,\n    \"106\": 0.01038,\n    \"107\": 0.50103,\n    \"108\": 0.17912,\n    \"109\": 0.09086,\n    _: \"9 11 12 15 16 17 18 19 20 21 22 23 24 25 26 27 29 30 31 32 33 34 35 36 37 38 39 40 41 42 43 44 45 47 48 49 50 51 52 53 54 55 56 57 58 60 62 63 64 65 66 67 68 69 70 71 72 73 74 75 76 77 78 79 80 81 83 84 86 87 88 90 93 94 96 97 98 100 101 102 103 104 9.5-9.6 10.0-10.1 10.5 10.6 11.1 11.5 11.6 12.1\"\n  },\n  B: {\n    \"12\": 0.0026,\n    \"18\": 0.00519,\n    \"92\": 0.01558,\n    \"100\": 0.0026,\n    \"107\": 0.0026,\n    \"108\": 0.0026,\n    \"109\": 0.01298,\n    \"110\": 0.0026,\n    \"112\": 0.0026,\n    \"113\": 0.0026,\n    \"114\": 0.00779,\n    \"115\": 0.0026,\n    \"116\": 0.0026,\n    \"117\": 0.0026,\n    \"118\": 0.0026,\n    \"119\": 0.00519,\n    \"120\": 0.01038,\n    \"121\": 0.02077,\n    \"122\": 0.15057,\n    \"123\": 1.57577,\n    \"124\": 0.85928,\n    _: \"13 14 15 16 17 79 80 81 83 84 85 86 87 88 89 90 91 93 94 95 96 97 98 99 101 102 103 104 105 106 111\"\n  },\n  E: {\n    \"9\": 0.00519,\n    \"13\": 0.0026,\n    \"14\": 0.01558,\n    \"15\": 0.00519,\n    _: \"0 4 5 6 7 8 10 11 12 3.1 3.2 6.1 7.1 10.1 11.1\",\n    \"5.1\": 0.0026,\n    \"9.1\": 0.00779,\n    \"12.1\": 0.0026,\n    \"13.1\": 0.04154,\n    \"14.1\": 0.07528,\n    \"15.1\": 0.01038,\n    \"15.2-15.3\": 0.00779,\n    \"15.4\": 0.02336,\n    \"15.5\": 0.02856,\n    \"15.6\": 0.18691,\n    \"16.0\": 0.02856,\n    \"16.1\": 0.03894,\n    \"16.2\": 0.03375,\n    \"16.3\": 0.08826,\n    \"16.4\": 0.02077,\n    \"16.5\": 0.05192,\n    \"16.6\": 0.22845,\n    \"17.0\": 0.04932,\n    \"17.1\": 0.07788,\n    \"17.2\": 0.13499,\n    \"17.3\": 0.33229,\n    \"17.4\": 0.85928,\n    \"17.5\": 0.00779\n  },\n  G: {\n    \"8\": 0,\n    \"3.2\": 0,\n    \"4.0-4.1\": 0,\n    \"4.2-4.3\": 0.00243,\n    \"5.0-5.1\": 0.00243,\n    \"6.0-6.1\": 0.00607,\n    \"7.0-7.1\": 0.00972,\n    \"8.1-8.4\": 0.00243,\n    \"9.0-9.2\": 0.00607,\n    \"9.3\": 0.03036,\n    \"10.0-10.2\": 0.00607,\n    \"10.3\": 0.04858,\n    \"11.0-11.2\": 0.04129,\n    \"11.3-11.4\": 0.01214,\n    \"12.0-12.1\": 0.0085,\n    \"12.2-12.5\": 0.19795,\n    \"13.0-13.1\": 0.00364,\n    \"13.2\": 0.04008,\n    \"13.3\": 0.00972,\n    \"13.4-13.7\": 0.03765,\n    \"14.0-14.4\": 0.07408,\n    \"14.5-14.8\": 0.11294,\n    \"15.0-15.1\": 0.05222,\n    \"15.2-15.3\": 0.05951,\n    \"15.4\": 0.06801,\n    \"15.5\": 0.08622,\n    \"15.6-15.8\": 0.75294,\n    \"16.0\": 0.17609,\n    \"16.1\": 0.36675,\n    \"16.2\": 0.17609,\n    \"16.3\": 0.31089,\n    \"16.4\": 0.06436,\n    \"16.5\": 0.1348,\n    \"16.6-16.7\": 1.06505,\n    \"17.0\": 0.12751,\n    \"17.1\": 0.2356,\n    \"17.2\": 0.31332,\n    \"17.3\": 2.28554,\n    \"17.4\": 5.15886,\n    \"17.5\": 0.04736\n  },\n  P: {\n    \"4\": 0.12279,\n    \"20\": 0.02046,\n    \"21\": 0.0307,\n    \"22\": 0.05116,\n    \"23\": 0.14325,\n    \"24\": 1.60648,\n    \"5.0-5.4\": 0.02046,\n    \"6.2-6.4\": 0.02046,\n    \"7.2-7.4\": 0.0307,\n    _: \"8.2 9.2 10.1 12.0 13.0\",\n    \"11.1-11.2\": 0.01023,\n    \"14.0\": 0.01023,\n    \"15.0\": 0.01023,\n    \"16.0\": 0.01023,\n    \"17.0\": 0.01023,\n    \"18.0\": 0.01023,\n    \"19.0\": 0.0307\n  },\n  I: {\n    \"0\": 0.06637,\n    \"3\": 0,\n    \"4\": 0.00001,\n    \"2.1\": 0,\n    \"2.2\": 0,\n    \"2.3\": 0,\n    \"4.1\": 0.00001,\n    \"4.2-4.3\": 0.00004,\n    \"4.4\": 0,\n    \"4.4.3-4.4.4\": 0.00017\n  },\n  A: {\n    \"8\": 0.01156,\n    \"9\": 0.00289,\n    \"10\": 0.00289,\n    \"11\": 0.10986,\n    _: \"6 7 5.5\"\n  },\n  K: {\n    \"0\": 1.36252,\n    _: \"10 11 12 11.1 11.5 12.1\"\n  },\n  J: {\n    _: \"7 10\"\n  },\n  N: {\n    _: \"10 11\"\n  },\n  S: {\n    _: \"2.5 3.0-3.1\"\n  },\n  Q: {\n    \"14.9\": 0.00741\n  },\n  O: {\n    \"0\": 2.19929\n  },\n  H: {\n    \"0\": 0\n  },\n  L: {\n    \"0\": 57.10012\n  },\n  R: {\n    _: \"0\"\n  },\n  M: {\n    \"0\": 0.1407\n  }\n};","map":{"version":3,"names":["module","exports","C","_","D","F","B","E","G","P","I","A","K","J","N","S","Q","O","H","L","R","M"],"sources":["C:/Users/chest/OneDrive/Documentos/GitHub/HackUPC/frontend/node_modules/caniuse-lite/data/regions/AE.js"],