{"ast":null,"code":"module.exports = {\n  C: {\n    \"42\": 0.00652,\n    \"47\": 0.00217,\n    \"52\": 0.00652,\n    \"59\": 0.00217,\n    \"62\": 0.00217,\n    \"66\": 0.00217,\n    \"72\": 0.00217,\n    \"88\": 0.00652,\n    \"102\": 0.00217,\n    \"103\": 0.00217,\n    \"105\": 0.00217,\n    \"106\": 0.00217,\n    \"107\": 0.00217,\n    \"108\": 0.00217,\n    \"109\": 0.00217,\n    \"110\": 0.00217,\n    \"111\": 0.00217,\n    \"112\": 0.00217,\n    \"113\": 0.01087,\n    \"115\": 0.26088,\n    \"116\": 0.00217,\n    \"117\": 0.00217,\n    \"118\": 0.00217,\n    \"119\": 0.00217,\n    \"120\": 0.00217,\n    \"121\": 0.00435,\n    \"122\": 0.00652,\n    \"123\": 0.01957,\n    \"124\": 0.3848,\n    \"125\": 0.20436,\n    \"126\": 0.0087,\n    _: \"2 3 4 5 6 7 8 9 10 11 12 13 14 15 16 17 18 19 20 21 22 23 24 25 26 27 28 29 30 31 32 33 34 35 36 37 38 39 40 41 43 44 45 46 48 49 50 51 53 54 55 56 57 58 60 61 63 64 65 67 68 69 70 71 73 74 75 76 77 78 79 80 81 82 83 84 85 86 87 89 90 91 92 93 94 95 96 97 98 99 100 101 104 114 127 128 3.5 3.6\"\n  },\n  D: {\n    \"49\": 0.00652,\n    \"55\": 0.00217,\n    \"56\": 0.00217,\n    \"63\": 0.00217,\n    \"66\": 0.01522,\n    \"68\": 0.00217,\n    \"69\": 0.00217,\n    \"70\": 0.00217,\n    \"71\": 0.00652,\n    \"72\": 0.00217,\n    \"73\": 0.00217,\n    \"74\": 0.00652,\n    \"76\": 0.00217,\n    \"77\": 0.00217,\n    \"78\": 0.00217,\n    \"79\": 0.01087,\n    \"80\": 0.00435,\n    \"81\": 0.00652,\n    \"83\": 0.00652,\n    \"84\": 0.00217,\n    \"85\": 0.00217,\n    \"86\": 0.0087,\n    \"87\": 0.01522,\n    \"88\": 0.00435,\n    \"89\": 0.00217,\n    \"90\": 0.00435,\n    \"91\": 0.00435,\n    \"92\": 0.00217,\n    \"93\": 0.00435,\n    \"94\": 0.0087,\n    \"95\": 0.00435,\n    \"96\": 0.00435,\n    \"97\": 0.00652,\n    \"98\": 0.00652,\n    \"99\": 0.00435,\n    \"100\": 0.0087,\n    \"101\": 0.02609,\n    \"102\": 0.01087,\n    \"103\": 0.02609,\n    \"104\": 0.01522,\n    \"105\": 0.01087,\n    \"106\": 0.01739,\n    \"107\": 0.01522,\n    \"108\": 0.04131,\n    \"109\": 2.24574,\n    \"110\": 0.01087,\n    \"111\": 0.04348,\n    \"112\": 0.01957,\n    \"113\": 0.02174,\n    \"114\": 0.04565,\n    \"115\": 0.08913,\n    \"116\": 0.04565,\n    \"117\": 0.06087,\n    \"118\": 0.03913,\n    \"119\": 0.07174,\n    \"120\": 0.14348,\n    \"121\": 0.19566,\n    \"122\": 0.65437,\n    \"123\": 9.54386,\n    \"124\": 3.31318,\n    \"125\": 0.03044,\n    \"126\": 0.00217,\n    _: \"4 5 6 7 8 9 10 11 12 13 14 15 16 17 18 19 20 21 22 23 24 25 26 27 28 29 30 31 32 33 34 35 36 37 38 39 40 41 42 43 44 45 46 47 48 50 51 52 53 54 57 58 59 60 61 62 64 65 67 75 127\"\n  },\n  F: {\n    \"28\": 0.00217,\n    \"36\": 0.00217,\n    \"79\": 0.00217,\n    \"82\": 0.00217,\n    \"85\": 0.00217,\n    \"95\": 0.01957,\n    \"107\": 0.04565,\n    \"108\": 0.09348,\n    \"109\": 0.03696,\n    _: \"9 11 12 15 16 17 18 19 20 21 22 23 24 25 26 27 29 30 31 32 33 34 35 37 38 39 40 41 42 43 44 45 46 47 48 49 50 51 52 53 54 55 56 57 58 60 62 63 64 65 66 67 68 69 70 71 72 73 74 75 76 77 78 80 81 83 84 86 87 88 89 90 91 92 93 94 96 97 98 99 100 101 102 103 104 105 106 9.5-9.6 10.0-10.1 10.5 10.6 11.1 11.5 11.6 12.1\"\n  },\n  B: {\n    \"12\": 0.00217,\n    \"16\": 0.00217,\n    \"17\": 0.00217,\n    \"18\": 0.00435,\n    \"92\": 0.0087,\n    \"100\": 0.00217,\n    \"106\": 0.00217,\n    \"107\": 0.00217,\n    \"108\": 0.00217,\n    \"109\": 0.01304,\n    \"110\": 0.00217,\n    \"111\": 0.00217,\n    \"114\": 0.00217,\n    \"115\": 0.00217,\n    \"116\": 0.00217,\n    \"117\": 0.00217,\n    \"118\": 0.00217,\n    \"119\": 0.00435,\n    \"120\": 0.0087,\n    \"121\": 0.01087,\n    \"122\": 0.0587,\n    \"123\": 0.70655,\n    \"124\": 0.3174,\n    _: \"13 14 15 79 80 81 83 84 85 86 87 88 89 90 91 93 94 95 96 97 98 99 101 102 103 104 105 112 113\"\n  },\n  E: {\n    \"14\": 0.00217,\n    _: \"0 4 5 6 7 8 9 10 11 12 13 15 3.1 3.2 5.1 6.1 7.1 10.1 12.1 15.1 15.2-15.3\",\n    \"9.1\": 0.00217,\n    \"11.1\": 0.00217,\n    \"13.1\": 0.00435,\n    \"14.1\": 0.00652,\n    \"15.4\": 0.00217,\n    \"15.5\": 0.00217,\n    \"15.6\": 0.01522,\n    \"16.0\": 0.00435,\n    \"16.1\": 0.00435,\n    \"16.2\": 0.00435,\n    \"16.3\": 0.00652,\n    \"16.4\": 0.00435,\n    \"16.5\": 0.0087,\n    \"16.6\": 0.01957,\n    \"17.0\": 0.00652,\n    \"17.1\": 0.01087,\n    \"17.2\": 0.01522,\n    \"17.3\": 0.02826,\n    \"17.4\": 0.09783,\n    \"17.5\": 0.00217\n  },\n  G: {\n    \"8\": 0,\n    \"3.2\": 0,\n    \"4.0-4.1\": 0,\n    \"4.2-4.3\": 0.00043,\n    \"5.0-5.1\": 0.00043,\n    \"6.0-6.1\": 0.00107,\n    \"7.0-7.1\": 0.00172,\n    \"8.1-8.4\": 0.00043,\n    \"9.0-9.2\": 0.00107,\n    \"9.3\": 0.00536,\n    \"10.0-10.2\": 0.00107,\n    \"10.3\": 0.00858,\n    \"11.0-11.2\": 0.00729,\n    \"11.3-11.4\": 0.00214,\n    \"12.0-12.1\": 0.0015,\n    \"12.2-12.5\": 0.03495,\n    \"13.0-13.1\": 0.00064,\n    \"13.2\": 0.00708,\n    \"13.3\": 0.00172,\n    \"13.4-13.7\": 0.00665,\n    \"14.0-14.4\": 0.01308,\n    \"14.5-14.8\": 0.01994,\n    \"15.0-15.1\": 0.00922,\n    \"15.2-15.3\": 0.01051,\n    \"15.4\": 0.01201,\n    \"15.5\": 0.01522,\n    \"15.6-15.8\": 0.13295,\n    \"16.0\": 0.03109,\n    \"16.1\": 0.06476,\n    \"16.2\": 0.03109,\n    \"16.3\": 0.05489,\n    \"16.4\": 0.01136,\n    \"16.5\": 0.0238,\n    \"16.6-16.7\": 0.18806,\n    \"17.0\": 0.02252,\n    \"17.1\": 0.0416,\n    \"17.2\": 0.05532,\n    \"17.3\": 0.40356,\n    \"17.4\": 0.91091,\n    \"17.5\": 0.00836\n  },\n  P: {\n    \"4\": 0.06353,\n    \"20\": 0.01059,\n    \"21\": 0.03176,\n    \"22\": 0.05294,\n    \"23\": 0.15882,\n    \"24\": 0.46588,\n    _: \"5.0-5.4 8.2 10.1 11.1-11.2 12.0 14.0 15.0 16.0 18.0\",\n    \"6.2-6.4\": 0.01059,\n    \"7.2-7.4\": 0.04235,\n    \"9.2\": 0.01059,\n    \"13.0\": 0.01059,\n    \"17.0\": 0.01059,\n    \"19.0\": 0.01059\n  },\n  I: {\n    \"0\": 0.03897,\n    \"3\": 0,\n    \"4\": 0,\n    \"2.1\": 0,\n    \"2.2\": 0,\n    \"2.3\": 0,\n    \"4.1\": 0.00001,\n    \"4.2-4.3\": 0.00002,\n    \"4.4\": 0,\n    \"4.4.3-4.4.4\": 0.0001\n  },\n  A: {\n    \"8\": 0.00217,\n    \"9\": 0.01739,\n    \"10\": 0.00217,\n    \"11\": 0.02391,\n    _: \"6 7 5.5\"\n  },\n  K: {\n    \"0\": 3.33214,\n    _: \"10 11 12 11.1 11.5 12.1\"\n  },\n  J: {\n    _: \"7 10\"\n  },\n  N: {\n    _: \"10 11\"\n  },\n  S: {\n    \"2.5\": 0.51652,\n    _: \"3.0-3.1\"\n  },\n  Q: {\n    _: \"14.9\"\n  },\n  O: {\n    \"0\": 1.47911\n  },\n  H: {\n    \"0\": 0.08\n  },\n  L: {\n    \"0\": 71.52366\n  },\n  R: {\n    _: \"0\"\n  },\n  M: {\n    \"0\": 0.18\n  }\n};","map":{"version":3,"names":["module","exports","C","_","D","F","B","E","G","P","I","A","K","J","N","S","Q","O","H","L","R","M"],"sources":["C:/Users/chest/OneDrive/Documentos/GitHub/HackUPC/frontend/node_modules/caniuse-lite/data/regions/IN.js"],