{"ast":null,"code":"module.exports = {\n  C: {\n    \"11\": 0.0505,\n    \"38\": 0.0101,\n    \"43\": 0.0101,\n    \"44\": 0.0303,\n    \"45\": 0.0101,\n    \"52\": 0.0202,\n    \"78\": 0.0303,\n    \"88\": 0.0101,\n    \"94\": 0.01515,\n    \"102\": 0.0101,\n    \"103\": 0.0101,\n    \"104\": 0.0202,\n    \"112\": 0.00505,\n    \"113\": 0.0101,\n    \"115\": 0.3636,\n    \"117\": 0.0101,\n    \"118\": 0.4343,\n    \"119\": 0.00505,\n    \"120\": 0.0101,\n    \"121\": 0.0202,\n    \"122\": 0.0202,\n    \"123\": 0.0808,\n    \"124\": 1.52005,\n    \"125\": 0.6868,\n    _: \"2 3 4 5 6 7 8 9 10 12 13 14 15 16 17 18 19 20 21 22 23 24 25 26 27 28 29 30 31 32 33 34 35 36 37 39 40 41 42 46 47 48 49 50 51 53 54 55 56 57 58 59 60 61 62 63 64 65 66 67 68 69 70 71 72 73 74 75 76 77 79 80 81 82 83 84 85 86 87 89 90 91 92 93 95 96 97 98 99 100 101 105 106 107 108 109 110 111 114 116 126 127 128 3.5 3.6\"\n  },\n  D: {\n    \"47\": 0.0101,\n    \"48\": 0.0808,\n    \"49\": 0.03535,\n    \"53\": 0.00505,\n    \"56\": 0.03535,\n    \"66\": 0.02525,\n    \"67\": 0.00505,\n    \"69\": 0.0101,\n    \"72\": 0.00505,\n    \"74\": 0.0101,\n    \"75\": 0.00505,\n    \"76\": 0.0202,\n    \"77\": 0.00505,\n    \"78\": 0.0101,\n    \"79\": 0.1616,\n    \"80\": 0.0202,\n    \"81\": 0.0505,\n    \"83\": 0.101,\n    \"84\": 0.0101,\n    \"85\": 0.05555,\n    \"86\": 0.48985,\n    \"87\": 0.0606,\n    \"88\": 0.02525,\n    \"89\": 0.0202,\n    \"90\": 0.0101,\n    \"91\": 0.07575,\n    \"92\": 0.0101,\n    \"93\": 0.0505,\n    \"94\": 0.0303,\n    \"95\": 0.0101,\n    \"96\": 0.0202,\n    \"97\": 0.01515,\n    \"98\": 0.0101,\n    \"99\": 0.0202,\n    \"100\": 0.51005,\n    \"101\": 0.9595,\n    \"102\": 0.4848,\n    \"103\": 0.8787,\n    \"104\": 0.5252,\n    \"105\": 0.0909,\n    \"106\": 0.0303,\n    \"107\": 0.02525,\n    \"108\": 0.0505,\n    \"109\": 0.76255,\n    \"110\": 0.0404,\n    \"111\": 0.0303,\n    \"112\": 0.03535,\n    \"113\": 0.12625,\n    \"114\": 0.2121,\n    \"115\": 0.05555,\n    \"116\": 0.29795,\n    \"117\": 0.303,\n    \"118\": 0.2121,\n    \"119\": 0.2727,\n    \"120\": 0.53025,\n    \"121\": 0.98475,\n    \"122\": 2.44925,\n    \"123\": 13.8774,\n    \"124\": 4.9187,\n    \"125\": 0.0505,\n    \"126\": 0.0202,\n    _: \"4 5 6 7 8 9 10 11 12 13 14 15 16 17 18 19 20 21 22 23 24 25 26 27 28 29 30 31 32 33 34 35 36 37 38 39 40 41 42 43 44 45 46 50 51 52 54 55 57 58 59 60 61 62 63 64 65 68 70 71 73 127\"\n  },\n  F: {\n    \"95\": 0.03535,\n    \"102\": 0.00505,\n    \"107\": 0.5757,\n    \"108\": 0.22725,\n    \"109\": 0.0909,\n    _: \"9 11 12 15 16 17 18 19 20 21 22 23 24 25 26 27 28 29 30 31 32 33 34 35 36 37 38 39 40 41 42 43 44 45 46 47 48 49 50 51 52 53 54 55 56 57 58 60 62 63 64 65 66 67 68 69 70 71 72 73 74 75 76 77 78 79 80 81 82 83 84 85 86 87 88 89 90 91 92 93 94 96 97 98 99 100 101 103 104 105 106 9.5-9.6 10.0-10.1 10.5 10.6 11.1 11.5 11.6 12.1\"\n  },\n  B: {\n    \"109\": 0.0808,\n    \"110\": 0.00505,\n    \"113\": 0.00505,\n    \"114\": 0.0101,\n    \"115\": 0.00505,\n    \"116\": 0.00505,\n    \"117\": 0.0101,\n    \"118\": 0.00505,\n    \"119\": 0.01515,\n    \"120\": 0.0404,\n    \"121\": 0.0505,\n    \"122\": 0.41915,\n    \"123\": 4.45915,\n    \"124\": 1.8988,\n    _: \"12 13 14 15 16 17 18 79 80 81 83 84 85 86 87 88 89 90 91 92 93 94 95 96 97 98 99 100 101 102 103 104 105 106 107 108 111 112\"\n  },\n  E: {\n    \"9\": 0.01515,\n    \"13\": 0.0101,\n    \"14\": 0.07575,\n    \"15\": 0.0101,\n    _: \"0 4 5 6 7 8 10 11 12 3.1 3.2 5.1 6.1 7.1 10.1\",\n    \"9.1\": 0.01515,\n    \"11.1\": 0.00505,\n    \"12.1\": 0.02525,\n    \"13.1\": 0.1616,\n    \"14.1\": 0.17675,\n    \"15.1\": 0.0909,\n    \"15.2-15.3\": 0.0202,\n    \"15.4\": 0.0404,\n    \"15.5\": 0.05555,\n    \"15.6\": 0.4747,\n    \"16.0\": 0.0707,\n    \"16.1\": 0.0909,\n    \"16.2\": 0.0909,\n    \"16.3\": 0.2121,\n    \"16.4\": 0.0808,\n    \"16.5\": 0.14645,\n    \"16.6\": 0.78275,\n    \"17.0\": 0.0808,\n    \"17.1\": 0.1919,\n    \"17.2\": 0.30805,\n    \"17.3\": 0.8888,\n    \"17.4\": 2.62095,\n    \"17.5\": 0.0202\n  },\n  G: {\n    \"8\": 0,\n    \"3.2\": 0,\n    \"4.0-4.1\": 0,\n    \"4.2-4.3\": 0.00242,\n    \"5.0-5.1\": 0,\n    \"6.0-6.1\": 0.01454,\n    \"7.0-7.1\": 0.00242,\n    \"8.1-8.4\": 0,\n    \"9.0-9.2\": 0.01454,\n    \"9.3\": 0.03635,\n    \"10.0-10.2\": 0.00485,\n    \"10.3\": 0.04362,\n    \"11.0-11.2\": 0.07271,\n    \"11.3-11.4\": 0.01696,\n    \"12.0-12.1\": 0.01454,\n    \"12.2-12.5\": 0.15995,\n    \"13.0-13.1\": 0.00485,\n    \"13.2\": 0.01212,\n    \"13.3\": 0.00969,\n    \"13.4-13.7\": 0.03151,\n    \"14.0-14.4\": 0.07513,\n    \"14.5-14.8\": 0.1236,\n    \"15.0-15.1\": 0.05332,\n    \"15.2-15.3\": 0.06544,\n    \"15.4\": 0.08482,\n    \"15.5\": 0.10663,\n    \"15.6-15.8\": 0.84338,\n    \"16.0\": 0.24962,\n    \"16.1\": 0.68586,\n    \"16.2\": 0.30536,\n    \"16.3\": 0.5259,\n    \"16.4\": 0.07513,\n    \"16.5\": 0.17449,\n    \"16.6-16.7\": 1.87338,\n    \"17.0\": 0.15511,\n    \"17.1\": 0.35868,\n    \"17.2\": 0.50652,\n    \"17.3\": 5.26146,\n    \"17.4\": 12.10791,\n    \"17.5\": 0.13814\n  },\n  P: {\n    \"4\": 0.02279,\n    \"20\": 0.01139,\n    \"21\": 0.04558,\n    \"22\": 0.03418,\n    \"23\": 0.11394,\n    \"24\": 1.44708,\n    _: \"5.0-5.4 6.2-6.4 7.2-7.4 8.2 9.2 10.1 11.1-11.2 12.0 13.0 14.0 15.0 16.0 18.0 19.0\",\n    \"17.0\": 0.01139\n  },\n  I: {\n    \"0\": 0.10803,\n    \"3\": 0.00003,\n    \"4\": 0.00007,\n    \"2.1\": 0.00002,\n    \"2.2\": 0.00007,\n    \"2.3\": 0.00002,\n    \"4.1\": 0.00003,\n    \"4.2-4.3\": 0.00032,\n    \"4.4\": 0,\n    \"4.4.3-4.4.4\": 0.00026\n  },\n  A: {\n    \"8\": 0.01074,\n    \"9\": 0.02685,\n    \"11\": 0.30076,\n    _: \"6 7 10 5.5\"\n  },\n  K: {\n    \"0\": 0.31185,\n    _: \"10 11 12 11.1 11.5 12.1\"\n  },\n  J: {\n    _: \"7 10\"\n  },\n  N: {\n    _: \"10 11\"\n  },\n  S: {\n    \"2.5\": 0.00495,\n    _: \"3.0-3.1\"\n  },\n  Q: {\n    \"14.9\": 0.03465\n  },\n  O: {\n    \"0\": 0.0792\n  },\n  H: {\n    \"0\": 0\n  },\n  L: {\n    \"0\": 23.2484\n  },\n  R: {\n    _: \"0\"\n  },\n  M: {\n    \"0\": 0.5049\n  }\n};","map":{"version":3,"names":["module","exports","C","_","D","F","B","E","G","P","I","A","K","J","N","S","Q","O","H","L","R","M"],"sources":["C:/Users/chest/OneDrive/Documentos/GitHub/HackUPC/frontend/node_modules/caniuse-lite/data/regions/alt-na.js"],