{"ast":null,"code":"module.exports = {\n  C: {\n    \"34\": 0.0058,\n    \"48\": 0.0058,\n    \"49\": 0.0058,\n    \"52\": 0.13342,\n    \"55\": 0.0116,\n    \"56\": 0.07541,\n    \"68\": 0.0116,\n    \"72\": 0.0116,\n    \"75\": 0.0116,\n    \"78\": 0.0058,\n    \"81\": 0.0058,\n    \"82\": 0.0058,\n    \"83\": 0.0174,\n    \"84\": 0.0058,\n    \"86\": 0.0058,\n    \"88\": 0.0116,\n    \"91\": 0.0058,\n    \"98\": 0.0058,\n    \"99\": 0.0058,\n    \"101\": 0.0058,\n    \"102\": 0.0232,\n    \"103\": 0.05221,\n    \"104\": 0.0058,\n    \"105\": 0.0174,\n    \"106\": 0.0174,\n    \"107\": 0.0174,\n    \"108\": 0.0232,\n    \"109\": 0.0232,\n    \"110\": 0.0174,\n    \"111\": 0.03481,\n    \"112\": 0.0058,\n    \"113\": 0.0058,\n    \"114\": 0.0058,\n    \"115\": 0.77153,\n    \"116\": 0.0058,\n    \"117\": 0.0058,\n    \"118\": 0.0174,\n    \"119\": 0.0232,\n    \"120\": 0.0174,\n    \"121\": 0.0116,\n    \"122\": 0.0174,\n    \"123\": 0.03481,\n    \"124\": 1.1486,\n    \"125\": 0.66131,\n    \"126\": 0.0058,\n    \"127\": 0.0058,\n    _: \"2 3 4 5 6 7 8 9 10 11 12 13 14 15 16 17 18 19 20 21 22 23 24 25 26 27 28 29 30 31 32 33 35 36 37 38 39 40 41 42 43 44 45 46 47 50 51 53 54 57 58 59 60 61 62 63 64 65 66 67 69 70 71 73 74 76 77 79 80 85 87 89 90 92 93 94 95 96 97 100 128 3.5 3.6\"\n  },\n  D: {\n    \"11\": 0.0116,\n    \"38\": 0.0058,\n    \"41\": 0.0174,\n    \"42\": 0.0058,\n    \"48\": 0.0058,\n    \"49\": 0.12762,\n    \"57\": 0.0058,\n    \"61\": 0.0174,\n    \"63\": 0.0058,\n    \"64\": 0.0058,\n    \"68\": 0.0058,\n    \"69\": 0.0058,\n    \"70\": 0.0058,\n    \"71\": 0.0116,\n    \"72\": 0.0058,\n    \"73\": 0.0058,\n    \"74\": 0.0116,\n    \"75\": 0.0058,\n    \"76\": 0.0116,\n    \"78\": 0.0058,\n    \"79\": 0.04061,\n    \"80\": 0.0174,\n    \"81\": 0.0174,\n    \"83\": 0.02901,\n    \"84\": 0.0058,\n    \"85\": 0.04061,\n    \"86\": 0.0232,\n    \"87\": 0.05221,\n    \"88\": 0.0116,\n    \"89\": 0.0058,\n    \"90\": 0.0116,\n    \"91\": 0.0116,\n    \"92\": 0.0058,\n    \"93\": 0.0058,\n    \"94\": 0.0058,\n    \"95\": 0.0116,\n    \"96\": 0.0174,\n    \"97\": 0.02901,\n    \"98\": 0.0232,\n    \"99\": 0.0116,\n    \"100\": 0.0174,\n    \"101\": 0.0174,\n    \"102\": 0.11602,\n    \"103\": 0.04641,\n    \"104\": 0.12182,\n    \"105\": 0.06961,\n    \"106\": 0.16823,\n    \"107\": 0.18563,\n    \"108\": 0.23204,\n    \"109\": 4.19412,\n    \"110\": 0.11022,\n    \"111\": 0.13342,\n    \"112\": 0.13922,\n    \"113\": 0.06961,\n    \"114\": 0.11602,\n    \"115\": 0.0174,\n    \"116\": 0.15083,\n    \"117\": 0.09282,\n    \"118\": 0.12182,\n    \"119\": 0.44668,\n    \"120\": 0.41767,\n    \"121\": 0.36546,\n    \"122\": 0.79474,\n    \"123\": 19.29993,\n    \"124\": 7.69213,\n    \"125\": 0.04061,\n    \"126\": 0.0174,\n    _: \"4 5 6 7 8 9 10 12 13 14 15 16 17 18 19 20 21 22 23 24 25 26 27 28 29 30 31 32 33 34 35 36 37 39 40 43 44 45 46 47 50 51 52 53 54 55 56 58 59 60 62 65 66 67 77 127\"\n  },\n  F: {\n    \"36\": 0.02901,\n    \"46\": 0.0058,\n    \"51\": 0.0058,\n    \"57\": 0.0058,\n    \"64\": 0.0058,\n    \"69\": 0.0058,\n    \"72\": 0.0058,\n    \"75\": 0.0058,\n    \"77\": 0.0058,\n    \"78\": 0.0058,\n    \"79\": 0.02901,\n    \"80\": 0.0058,\n    \"82\": 0.0058,\n    \"83\": 0.0174,\n    \"84\": 0.0174,\n    \"85\": 0.06381,\n    \"86\": 0.02901,\n    \"87\": 0.0116,\n    \"90\": 0.0058,\n    \"91\": 0.0116,\n    \"92\": 0.0058,\n    \"93\": 0.0116,\n    \"94\": 0.0116,\n    \"95\": 0.96877,\n    \"96\": 0.0058,\n    \"97\": 0.0058,\n    \"98\": 0.0058,\n    \"99\": 0.0232,\n    \"102\": 0.0174,\n    \"103\": 0.0058,\n    \"105\": 0.0058,\n    \"106\": 0.0174,\n    \"107\": 1.48506,\n    \"108\": 2.9237,\n    \"109\": 0.99777,\n    _: \"9 11 12 15 16 17 18 19 20 21 22 23 24 25 26 27 28 29 30 31 32 33 34 35 37 38 39 40 41 42 43 44 45 47 48 49 50 52 53 54 55 56 58 60 62 63 65 66 67 68 70 71 73 74 76 81 88 89 100 101 104 9.5-9.6 10.0-10.1 10.5 10.6 11.1 11.5 11.6\",\n    \"12.1\": 0.0058\n  },\n  B: {\n    \"12\": 0.0058,\n    \"18\": 0.0116,\n    \"92\": 0.0174,\n    \"100\": 0.0058,\n    \"103\": 0.0058,\n    \"105\": 0.0058,\n    \"106\": 0.0116,\n    \"107\": 0.0232,\n    \"108\": 0.02901,\n    \"109\": 0.09282,\n    \"110\": 0.0116,\n    \"111\": 0.0116,\n    \"112\": 0.0058,\n    \"113\": 0.0058,\n    \"114\": 0.0058,\n    \"115\": 0.0058,\n    \"116\": 0.02901,\n    \"117\": 0.0116,\n    \"118\": 0.0058,\n    \"119\": 0.0058,\n    \"120\": 0.0116,\n    \"121\": 0.0058,\n    \"122\": 0.07541,\n    \"123\": 3.35298,\n    \"124\": 2.07096,\n    _: \"13 14 15 16 17 79 80 81 83 84 85 86 87 88 89 90 91 93 94 95 96 97 98 99 101 102 104\"\n  },\n  E: {\n    \"14\": 0.0116,\n    \"15\": 0.0058,\n    _: \"0 4 5 6 7 8 9 10 11 12 13 3.1 3.2 6.1 7.1 10.1 11.1 15.2-15.3\",\n    \"5.1\": 0.04061,\n    \"9.1\": 0.0058,\n    \"12.1\": 0.0058,\n    \"13.1\": 0.0232,\n    \"14.1\": 0.02901,\n    \"15.1\": 0.0116,\n    \"15.4\": 0.0058,\n    \"15.5\": 0.0116,\n    \"15.6\": 0.11602,\n    \"16.0\": 0.0116,\n    \"16.1\": 0.04061,\n    \"16.2\": 0.0116,\n    \"16.3\": 0.07541,\n    \"16.4\": 0.0116,\n    \"16.5\": 0.03481,\n    \"16.6\": 0.14503,\n    \"17.0\": 0.05221,\n    \"17.1\": 0.04641,\n    \"17.2\": 0.08702,\n    \"17.3\": 0.16823,\n    \"17.4\": 0.5511,\n    \"17.5\": 0.0058\n  },\n  G: {\n    \"8\": 0,\n    \"3.2\": 0,\n    \"4.0-4.1\": 0,\n    \"4.2-4.3\": 0.00191,\n    \"5.0-5.1\": 0.00191,\n    \"6.0-6.1\": 0.00477,\n    \"7.0-7.1\": 0.00763,\n    \"8.1-8.4\": 0.00191,\n    \"9.0-9.2\": 0.00477,\n    \"9.3\": 0.02386,\n    \"10.0-10.2\": 0.00477,\n    \"10.3\": 0.03817,\n    \"11.0-11.2\": 0.03244,\n    \"11.3-11.4\": 0.00954,\n    \"12.0-12.1\": 0.00668,\n    \"12.2-12.5\": 0.15554,\n    \"13.0-13.1\": 0.00286,\n    \"13.2\": 0.03149,\n    \"13.3\": 0.00763,\n    \"13.4-13.7\": 0.02958,\n    \"14.0-14.4\": 0.05821,\n    \"14.5-14.8\": 0.08874,\n    \"15.0-15.1\": 0.04103,\n    \"15.2-15.3\": 0.04676,\n    \"15.4\": 0.05344,\n    \"15.5\": 0.06775,\n    \"15.6-15.8\": 0.59161,\n    \"16.0\": 0.13836,\n    \"16.1\": 0.28817,\n    \"16.2\": 0.13836,\n    \"16.3\": 0.24428,\n    \"16.4\": 0.05057,\n    \"16.5\": 0.10592,\n    \"16.6-16.7\": 0.83684,\n    \"17.0\": 0.10019,\n    \"17.1\": 0.18512,\n    \"17.2\": 0.24618,\n    \"17.3\": 1.79581,\n    \"17.4\": 4.05346,\n    \"17.5\": 0.03721\n  },\n  P: {\n    \"4\": 0.04235,\n    \"20\": 0.03176,\n    \"21\": 0.04235,\n    \"22\": 0.03176,\n    \"23\": 0.09528,\n    \"24\": 1.00569,\n    _: \"5.0-5.4 8.2 9.2 12.0 14.0 15.0 16.0\",\n    \"6.2-6.4\": 0.01059,\n    \"7.2-7.4\": 0.05293,\n    \"10.1\": 0.01059,\n    \"11.1-11.2\": 0.01059,\n    \"13.0\": 0.01059,\n    \"17.0\": 0.02117,\n    \"18.0\": 0.01059,\n    \"19.0\": 0.02117\n  },\n  I: {\n    \"0\": 0.02508,\n    \"3\": 0,\n    \"4\": 0,\n    \"2.1\": 0,\n    \"2.2\": 0,\n    \"2.3\": 0,\n    \"4.1\": 0.00001,\n    \"4.2-4.3\": 0.00002,\n    \"4.4\": 0,\n    \"4.4.3-4.4.4\": 0.00006\n  },\n  A: {\n    \"8\": 0.02395,\n    \"9\": 0.01198,\n    \"10\": 0.00599,\n    \"11\": 0.14372,\n    _: \"6 7 5.5\"\n  },\n  K: {\n    \"0\": 1.20162,\n    _: \"10 11 12 11.1 11.5 12.1\"\n  },\n  J: {\n    _: \"7 10\"\n  },\n  N: {\n    _: \"10 11\"\n  },\n  S: {\n    _: \"2.5 3.0-3.1\"\n  },\n  Q: {\n    \"14.9\": 0.0042\n  },\n  O: {\n    \"0\": 0.15952\n  },\n  H: {\n    \"0\": 0.02\n  },\n  L: {\n    \"0\": 29.26978\n  },\n  R: {\n    _: \"0\"\n  },\n  M: {\n    \"0\": 0.19731\n  }\n};","map":{"version":3,"names":["module","exports","C","_","D","F","B","E","G","P","I","A","K","J","N","S","Q","O","H","L","R","M"],"sources":["C:/Users/chest/OneDrive/Documentos/GitHub/HackUPC/frontend/node_modules/caniuse-lite/data/regions/UA.js"],