{"ast":null,"code":"module.exports = {\n  C: {\n    \"30\": 0.00819,\n    \"34\": 0.00409,\n    \"49\": 0.01638,\n    \"52\": 0.00409,\n    \"78\": 0.1392,\n    \"79\": 0.00409,\n    \"82\": 0.01228,\n    \"88\": 0.00819,\n    \"89\": 0.00409,\n    \"91\": 0.02047,\n    \"92\": 0.13101,\n    \"99\": 0.00409,\n    \"100\": 0.06141,\n    \"102\": 0.07779,\n    \"103\": 0.05322,\n    \"105\": 0.00409,\n    \"107\": 0.00819,\n    \"109\": 0.00409,\n    \"112\": 0.00409,\n    \"113\": 0.00409,\n    \"115\": 0.76558,\n    \"117\": 0.00409,\n    \"118\": 0.00409,\n    \"119\": 0.00409,\n    \"120\": 0.09826,\n    \"121\": 0.01638,\n    \"122\": 0.16376,\n    \"123\": 0.18423,\n    \"124\": 2.65291,\n    \"125\": 1.26505,\n    _: \"2 3 4 5 6 7 8 9 10 11 12 13 14 15 16 17 18 19 20 21 22 23 24 25 26 27 28 29 31 32 33 35 36 37 38 39 40 41 42 43 44 45 46 47 48 50 51 53 54 55 56 57 58 59 60 61 62 63 64 65 66 67 68 69 70 71 72 73 74 75 76 77 80 81 83 84 85 86 87 90 93 94 95 96 97 98 101 104 106 108 110 111 114 116 126 127 128 3.5 3.6\"\n  },\n  D: {\n    \"34\": 0.00409,\n    \"38\": 0.00409,\n    \"39\": 0.00819,\n    \"61\": 0.00819,\n    \"62\": 0.00409,\n    \"65\": 0.00819,\n    \"70\": 0.00819,\n    \"71\": 0.00409,\n    \"72\": 0.00409,\n    \"74\": 0.00409,\n    \"76\": 0.00409,\n    \"78\": 0.01228,\n    \"79\": 0.04094,\n    \"80\": 0.00819,\n    \"81\": 0.01638,\n    \"83\": 0.00819,\n    \"84\": 0.00819,\n    \"85\": 0.03275,\n    \"86\": 0.01228,\n    \"87\": 0.15967,\n    \"88\": 0.03685,\n    \"89\": 0.00409,\n    \"90\": 0.00409,\n    \"91\": 0.00409,\n    \"94\": 0.01228,\n    \"97\": 0.00409,\n    \"99\": 0.00819,\n    \"100\": 0.00409,\n    \"102\": 0.00409,\n    \"103\": 0.12282,\n    \"104\": 0.00409,\n    \"105\": 0.08597,\n    \"106\": 0.00819,\n    \"107\": 0.00409,\n    \"108\": 0.00409,\n    \"109\": 0.93343,\n    \"110\": 0.00409,\n    \"111\": 0.00819,\n    \"112\": 0.00409,\n    \"113\": 0.02456,\n    \"114\": 0.01228,\n    \"115\": 0.12282,\n    \"116\": 0.18014,\n    \"117\": 0.02866,\n    \"118\": 0.02047,\n    \"119\": 0.04503,\n    \"120\": 0.17195,\n    \"121\": 0.23336,\n    \"122\": 0.98256,\n    \"123\": 12.20421,\n    \"124\": 4.98649,\n    \"125\": 0.01228,\n    _: \"4 5 6 7 8 9 10 11 12 13 14 15 16 17 18 19 20 21 22 23 24 25 26 27 28 29 30 31 32 33 35 36 37 40 41 42 43 44 45 46 47 48 49 50 51 52 53 54 55 56 57 58 59 60 63 64 66 67 68 69 73 75 77 92 93 95 96 98 101 126 127\"\n  },\n  F: {\n    \"46\": 0.01228,\n    \"69\": 0.01228,\n    \"95\": 0.01228,\n    \"102\": 0.00409,\n    \"106\": 0.00409,\n    \"107\": 1.03578,\n    \"108\": 0.52813,\n    \"109\": 0.15967,\n    _: \"9 11 12 15 16 17 18 19 20 21 22 23 24 25 26 27 28 29 30 31 32 33 34 35 36 37 38 39 40 41 42 43 44 45 47 48 49 50 51 52 53 54 55 56 57 58 60 62 63 64 65 66 67 68 70 71 72 73 74 75 76 77 78 79 80 81 82 83 84 85 86 87 88 89 90 91 92 93 94 96 97 98 99 100 101 103 104 105 9.5-9.6 10.0-10.1 10.5 10.6 11.1 11.5 11.6 12.1\"\n  },\n  B: {\n    \"17\": 0.00409,\n    \"18\": 0.00409,\n    \"86\": 0.00409,\n    \"90\": 0.00819,\n    \"92\": 0.01228,\n    \"93\": 0.01638,\n    \"96\": 0.15557,\n    \"100\": 0.00819,\n    \"103\": 0.00409,\n    \"108\": 0.00409,\n    \"109\": 0.04503,\n    \"110\": 0.05322,\n    \"112\": 0.00409,\n    \"114\": 0.00409,\n    \"115\": 0.00819,\n    \"116\": 0.00819,\n    \"117\": 0.00409,\n    \"118\": 0.02866,\n    \"119\": 0.01228,\n    \"120\": 0.01638,\n    \"121\": 0.02866,\n    \"122\": 0.28249,\n    \"123\": 4.21682,\n    \"124\": 1.92418,\n    _: \"12 13 14 15 16 79 80 81 83 84 85 87 88 89 91 94 95 97 98 99 101 102 104 105 106 107 111 113\"\n  },\n  E: {\n    \"14\": 0.02456,\n    \"15\": 0.01638,\n    _: \"0 4 5 6 7 8 9 10 11 12 13 3.1 3.2 5.1 6.1 7.1 9.1 10.1 11.1\",\n    \"12.1\": 0.01228,\n    \"13.1\": 0.20879,\n    \"14.1\": 0.18014,\n    \"15.1\": 0.04094,\n    \"15.2-15.3\": 0.01228,\n    \"15.4\": 0.02456,\n    \"15.5\": 0.08188,\n    \"15.6\": 0.29067,\n    \"16.0\": 0.05732,\n    \"16.1\": 0.09007,\n    \"16.2\": 0.05732,\n    \"16.3\": 0.16376,\n    \"16.4\": 0.04094,\n    \"16.5\": 0.17195,\n    \"16.6\": 0.38484,\n    \"17.0\": 0.04094,\n    \"17.1\": 0.17195,\n    \"17.2\": 0.32343,\n    \"17.3\": 0.45853,\n    \"17.4\": 1.31417,\n    \"17.5\": 0.00409\n  },\n  G: {\n    \"8\": 0,\n    \"3.2\": 0,\n    \"4.0-4.1\": 0,\n    \"4.2-4.3\": 0.00342,\n    \"5.0-5.1\": 0.00342,\n    \"6.0-6.1\": 0.00855,\n    \"7.0-7.1\": 0.01368,\n    \"8.1-8.4\": 0.00342,\n    \"9.0-9.2\": 0.00855,\n    \"9.3\": 0.04275,\n    \"10.0-10.2\": 0.00855,\n    \"10.3\": 0.0684,\n    \"11.0-11.2\": 0.05814,\n    \"11.3-11.4\": 0.0171,\n    \"12.0-12.1\": 0.01197,\n    \"12.2-12.5\": 0.27874,\n    \"13.0-13.1\": 0.00513,\n    \"13.2\": 0.05643,\n    \"13.3\": 0.01368,\n    \"13.4-13.7\": 0.05301,\n    \"14.0-14.4\": 0.10431,\n    \"14.5-14.8\": 0.15904,\n    \"15.0-15.1\": 0.07353,\n    \"15.2-15.3\": 0.08379,\n    \"15.4\": 0.09576,\n    \"15.5\": 0.12142,\n    \"15.6-15.8\": 1.06025,\n    \"16.0\": 0.24796,\n    \"16.1\": 0.51644,\n    \"16.2\": 0.24796,\n    \"16.3\": 0.43778,\n    \"16.4\": 0.09063,\n    \"16.5\": 0.18982,\n    \"16.6-16.7\": 1.49974,\n    \"17.0\": 0.17956,\n    \"17.1\": 0.33175,\n    \"17.2\": 0.4412,\n    \"17.3\": 3.21836,\n    \"17.4\": 7.2644,\n    \"17.5\": 0.06669\n  },\n  P: {\n    \"4\": 0.05252,\n    \"20\": 0.03151,\n    \"21\": 0.07352,\n    \"22\": 0.11553,\n    \"23\": 0.35711,\n    \"24\": 2.73083,\n    \"5.0-5.4\": 0.0105,\n    \"6.2-6.4\": 0.0105,\n    \"7.2-7.4\": 0.04201,\n    _: \"8.2 9.2 10.1 12.0\",\n    \"11.1-11.2\": 0.0105,\n    \"13.0\": 0.02101,\n    \"14.0\": 0.02101,\n    \"15.0\": 0.0105,\n    \"16.0\": 0.0105,\n    \"17.0\": 0.0105,\n    \"18.0\": 0.04201,\n    \"19.0\": 0.03151\n  },\n  I: {\n    \"0\": 0.02941,\n    \"3\": 0,\n    \"4\": 0,\n    \"2.1\": 0,\n    \"2.2\": 0,\n    \"2.3\": 0,\n    \"4.1\": 0.00001,\n    \"4.2-4.3\": 0.00002,\n    \"4.4\": 0,\n    \"4.4.3-4.4.4\": 0.00007\n  },\n  A: {\n    \"11\": 0.02047,\n    _: \"6 7 8 9 10 5.5\"\n  },\n  K: {\n    \"0\": 0.17721,\n    _: \"10 11 12 11.1 11.5 12.1\"\n  },\n  J: {\n    _: \"7 10\"\n  },\n  N: {\n    _: \"10 11\"\n  },\n  S: {\n    _: \"2.5 3.0-3.1\"\n  },\n  Q: {\n    _: \"14.9\"\n  },\n  O: {\n    \"0\": 0.02954\n  },\n  H: {\n    \"0\": 0\n  },\n  L: {\n    \"0\": 38.69776\n  },\n  R: {\n    _: \"0\"\n  },\n  M: {\n    \"0\": 0.36623\n  }\n};","map":{"version":3,"names":["module","exports","C","_","D","F","B","E","G","P","I","A","K","J","N","S","Q","O","H","L","R","M"],"sources":["C:/Users/chest/OneDrive/Documentos/GitHub/HackUPC/frontend/node_modules/caniuse-lite/data/regions/RE.js"],