{"ast":null,"code":"module.exports = {\n  C: {\n    \"41\": 0.00135,\n    \"43\": 0.00404,\n    \"48\": 0.00135,\n    \"51\": 0.00135,\n    \"52\": 0.00135,\n    \"53\": 0.00942,\n    \"56\": 0.00538,\n    \"59\": 0.00135,\n    \"64\": 0.00135,\n    \"65\": 0.00269,\n    \"72\": 0.00404,\n    \"84\": 0.00135,\n    \"94\": 0.00135,\n    \"98\": 0.00135,\n    \"99\": 0.00135,\n    \"105\": 0.00135,\n    \"106\": 0.00404,\n    \"107\": 0.00135,\n    \"108\": 0.00135,\n    \"109\": 0.00135,\n    \"110\": 0.00808,\n    \"111\": 0.00538,\n    \"112\": 0.00135,\n    \"113\": 0.00135,\n    \"115\": 0.22747,\n    \"118\": 0.00135,\n    \"120\": 0.00269,\n    \"121\": 0.00404,\n    \"122\": 0.00538,\n    \"123\": 0.01077,\n    \"124\": 0.22747,\n    \"125\": 0.14133,\n    \"126\": 0.00135,\n    _: \"2 3 4 5 6 7 8 9 10 11 12 13 14 15 16 17 18 19 20 21 22 23 24 25 26 27 28 29 30 31 32 33 34 35 36 37 38 39 40 42 44 45 46 47 49 50 54 55 57 58 60 61 62 63 66 67 68 69 70 71 73 74 75 76 77 78 79 80 81 82 83 85 86 87 88 89 90 91 92 93 95 96 97 100 101 102 103 104 114 116 117 119 127 128 3.5 3.6\"\n  },\n  D: {\n    \"30\": 0.00135,\n    \"31\": 0.00673,\n    \"34\": 0.00538,\n    \"36\": 0.00538,\n    \"37\": 0.00135,\n    \"39\": 0.00135,\n    \"41\": 0.00269,\n    \"43\": 0.00269,\n    \"44\": 0.00269,\n    \"45\": 0.00135,\n    \"46\": 0.00673,\n    \"47\": 0.00135,\n    \"48\": 0.00135,\n    \"49\": 0.00135,\n    \"50\": 0.00135,\n    \"51\": 0.00673,\n    \"52\": 0.00269,\n    \"54\": 0.00135,\n    \"55\": 0.00673,\n    \"56\": 0.00135,\n    \"57\": 0.00135,\n    \"58\": 0.00269,\n    \"59\": 0.00135,\n    \"60\": 0.00269,\n    \"61\": 0.00404,\n    \"62\": 0.01481,\n    \"63\": 0.00673,\n    \"64\": 0.00135,\n    \"65\": 0.00538,\n    \"66\": 0.00404,\n    \"67\": 0.00673,\n    \"68\": 0.00673,\n    \"69\": 0.00269,\n    \"70\": 0.00673,\n    \"71\": 0.01211,\n    \"72\": 0.00673,\n    \"73\": 0.00538,\n    \"74\": 0.00135,\n    \"75\": 0.00269,\n    \"76\": 0.00269,\n    \"77\": 0.00404,\n    \"78\": 0.02019,\n    \"79\": 0.01884,\n    \"80\": 0.01077,\n    \"81\": 0.00404,\n    \"83\": 0.00538,\n    \"84\": 0.00404,\n    \"85\": 0.00673,\n    \"86\": 0.01211,\n    \"87\": 0.01346,\n    \"89\": 0.01615,\n    \"91\": 0.00404,\n    \"92\": 0.01077,\n    \"94\": 0.00135,\n    \"95\": 0.00269,\n    \"96\": 0.01346,\n    \"97\": 0.00404,\n    \"98\": 0.00404,\n    \"99\": 0.00942,\n    \"100\": 0.00269,\n    \"101\": 0.00269,\n    \"102\": 0.01211,\n    \"103\": 0.01346,\n    \"104\": 0.00135,\n    \"105\": 0.00673,\n    \"106\": 0.01615,\n    \"107\": 0.02827,\n    \"108\": 0.02423,\n    \"109\": 1.67712,\n    \"110\": 0.00673,\n    \"111\": 0.01615,\n    \"112\": 0.00808,\n    \"113\": 0.00269,\n    \"114\": 0.00538,\n    \"115\": 0.00538,\n    \"116\": 0.01481,\n    \"117\": 0.00942,\n    \"118\": 0.02154,\n    \"119\": 0.01615,\n    \"120\": 0.06461,\n    \"121\": 0.07403,\n    \"122\": 0.1696,\n    \"123\": 3.04196,\n    \"124\": 1.4483,\n    \"125\": 0.01884,\n    \"126\": 0.00135,\n    _: \"4 5 6 7 8 9 10 11 12 13 14 15 16 17 18 19 20 21 22 23 24 25 26 27 28 29 32 33 35 38 40 42 53 88 90 93 127\"\n  },\n  F: {\n    \"26\": 0.00538,\n    \"64\": 0.00135,\n    \"79\": 0.00404,\n    \"81\": 0.00135,\n    \"82\": 0.00135,\n    \"83\": 0.00135,\n    \"89\": 0.00269,\n    \"94\": 0.00269,\n    \"95\": 0.04576,\n    \"102\": 0.01481,\n    \"106\": 0.00135,\n    \"107\": 0.03365,\n    \"108\": 0.13595,\n    \"109\": 0.07134,\n    _: \"9 11 12 15 16 17 18 19 20 21 22 23 24 25 27 28 29 30 31 32 33 34 35 36 37 38 39 40 41 42 43 44 45 46 47 48 49 50 51 52 53 54 55 56 57 58 60 62 63 65 66 67 68 69 70 71 72 73 74 75 76 77 78 80 84 85 86 87 88 90 91 92 93 96 97 98 99 100 101 103 104 105 9.5-9.6 10.0-10.1 10.5 10.6 11.1 11.5 11.6\",\n    \"12.1\": 0.00135\n  },\n  B: {\n    \"12\": 0.01077,\n    \"13\": 0.00942,\n    \"14\": 0.01211,\n    \"15\": 0.00673,\n    \"16\": 0.035,\n    \"17\": 0.00808,\n    \"18\": 0.05384,\n    \"81\": 0.00404,\n    \"83\": 0.00135,\n    \"84\": 0.00673,\n    \"88\": 0.00135,\n    \"89\": 0.01077,\n    \"90\": 0.02692,\n    \"92\": 0.12114,\n    \"99\": 0.00135,\n    \"100\": 0.02961,\n    \"103\": 0.00135,\n    \"106\": 0.00135,\n    \"107\": 0.00135,\n    \"108\": 0.00673,\n    \"109\": 0.10768,\n    \"110\": 0.00135,\n    \"111\": 0.00269,\n    \"115\": 0.00135,\n    \"116\": 0.00135,\n    \"117\": 0.00269,\n    \"118\": 0.00538,\n    \"119\": 0.00808,\n    \"120\": 0.01077,\n    \"121\": 0.01481,\n    \"122\": 0.05115,\n    \"123\": 0.54513,\n    \"124\": 0.29208,\n    _: \"79 80 85 86 87 91 93 94 95 96 97 98 101 102 104 105 112 113 114\"\n  },\n  E: {\n    \"11\": 0.00269,\n    \"13\": 0.00135,\n    \"14\": 0.00135,\n    _: \"0 4 5 6 7 8 9 10 12 15 3.1 3.2 6.1 7.1 9.1 10.1 11.1\",\n    \"5.1\": 0.00404,\n    \"12.1\": 0.00269,\n    \"13.1\": 0.00269,\n    \"14.1\": 0.00404,\n    \"15.1\": 0.0175,\n    \"15.2-15.3\": 0.01211,\n    \"15.4\": 0.00808,\n    \"15.5\": 0.03096,\n    \"15.6\": 0.08345,\n    \"16.0\": 0.00269,\n    \"16.1\": 0.02827,\n    \"16.2\": 0.02961,\n    \"16.3\": 0.02692,\n    \"16.4\": 0.02288,\n    \"16.5\": 0.12383,\n    \"16.6\": 0.19921,\n    \"17.0\": 0.06865,\n    \"17.1\": 0.05788,\n    \"17.2\": 0.07941,\n    \"17.3\": 0.17902,\n    \"17.4\": 0.57743,\n    \"17.5\": 0.00673\n  },\n  G: {\n    \"8\": 0,\n    \"3.2\": 0,\n    \"4.0-4.1\": 0,\n    \"4.2-4.3\": 0.00173,\n    \"5.0-5.1\": 0.00173,\n    \"6.0-6.1\": 0.00433,\n    \"7.0-7.1\": 0.00693,\n    \"8.1-8.4\": 0.00173,\n    \"9.0-9.2\": 0.00433,\n    \"9.3\": 0.02166,\n    \"10.0-10.2\": 0.00433,\n    \"10.3\": 0.03465,\n    \"11.0-11.2\": 0.02945,\n    \"11.3-11.4\": 0.00866,\n    \"12.0-12.1\": 0.00606,\n    \"12.2-12.5\": 0.1412,\n    \"13.0-13.1\": 0.0026,\n    \"13.2\": 0.02859,\n    \"13.3\": 0.00693,\n    \"13.4-13.7\": 0.02685,\n    \"14.0-14.4\": 0.05284,\n    \"14.5-14.8\": 0.08056,\n    \"15.0-15.1\": 0.03725,\n    \"15.2-15.3\": 0.04245,\n    \"15.4\": 0.04851,\n    \"15.5\": 0.0615,\n    \"15.6-15.8\": 0.53708,\n    \"16.0\": 0.12561,\n    \"16.1\": 0.26161,\n    \"16.2\": 0.12561,\n    \"16.3\": 0.22176,\n    \"16.4\": 0.04591,\n    \"16.5\": 0.09616,\n    \"16.6-16.7\": 0.75971,\n    \"17.0\": 0.09096,\n    \"17.1\": 0.16806,\n    \"17.2\": 0.2235,\n    \"17.3\": 1.63031,\n    \"17.4\": 3.6799,\n    \"17.5\": 0.03378\n  },\n  P: {\n    \"4\": 0.22145,\n    \"20\": 0.04026,\n    \"21\": 0.07046,\n    \"22\": 0.10066,\n    \"23\": 0.22145,\n    \"24\": 0.65429,\n    \"5.0-5.4\": 0.0604,\n    \"6.2-6.4\": 0.0302,\n    \"7.2-7.4\": 0.14092,\n    \"8.2\": 0.01007,\n    \"9.2\": 0.08053,\n    _: \"10.1 12.0\",\n    \"11.1-11.2\": 0.0604,\n    \"13.0\": 0.0302,\n    \"14.0\": 0.04026,\n    \"15.0\": 0.01007,\n    \"16.0\": 0.04026,\n    \"17.0\": 0.02013,\n    \"18.0\": 0.02013,\n    \"19.0\": 0.04026\n  },\n  I: {\n    \"0\": 0.05171,\n    \"3\": 0,\n    \"4\": 0.00001,\n    \"2.1\": 0,\n    \"2.2\": 0,\n    \"2.3\": 0,\n    \"4.1\": 0.00001,\n    \"4.2-4.3\": 0.00003,\n    \"4.4\": 0,\n    \"4.4.3-4.4.4\": 0.00013\n  },\n  A: {\n    \"8\": 0.00677,\n    \"9\": 0.00948,\n    \"11\": 0.18833,\n    _: \"6 7 10 5.5\"\n  },\n  K: {\n    \"0\": 0.8879,\n    _: \"10 11 12 11.1 11.5 12.1\"\n  },\n  J: {\n    _: \"7 10\"\n  },\n  N: {\n    _: \"10 11\"\n  },\n  S: {\n    _: \"2.5 3.0-3.1\"\n  },\n  Q: {\n    _: \"14.9\"\n  },\n  O: {\n    \"0\": 0.38078\n  },\n  H: {\n    \"0\": 0.09\n  },\n  L: {\n    \"0\": 76.61223\n  },\n  R: {\n    _: \"0\"\n  },\n  M: {\n    \"0\": 0.05192\n  }\n};","map":{"version":3,"names":["module","exports","C","_","D","F","B","E","G","P","I","A","K","J","N","S","Q","O","H","L","R","M"],"sources":["C:/Users/chest/OneDrive/Documentos/GitHub/HackUPC/frontend/node_modules/caniuse-lite/data/regions/AF.js"],