{"ast":null,"code":"module.exports = {\n  C: {\n    \"34\": 0.0022,\n    \"58\": 0.0011,\n    \"66\": 0.0011,\n    \"68\": 0.0022,\n    \"69\": 0.00549,\n    \"88\": 0.0011,\n    \"97\": 0.0011,\n    \"99\": 0.0011,\n    \"102\": 0.0011,\n    \"113\": 0.0011,\n    \"115\": 0.06259,\n    \"118\": 0.0011,\n    \"121\": 0.0022,\n    \"122\": 0.0022,\n    \"123\": 0.00549,\n    \"124\": 0.08125,\n    \"125\": 0.0549,\n    _: \"2 3 4 5 6 7 8 9 10 11 12 13 14 15 16 17 18 19 20 21 22 23 24 25 26 27 28 29 30 31 32 33 35 36 37 38 39 40 41 42 43 44 45 46 47 48 49 50 51 52 53 54 55 56 57 59 60 61 62 63 64 65 67 70 71 72 73 74 75 76 77 78 79 80 81 82 83 84 85 86 87 89 90 91 92 93 94 95 96 98 100 101 103 104 105 106 107 108 109 110 111 112 114 116 117 119 120 126 127 128 3.5 3.6\"\n  },\n  D: {\n    \"11\": 0.01537,\n    \"33\": 0.0022,\n    \"34\": 0.00329,\n    \"38\": 0.02416,\n    \"41\": 0.0011,\n    \"43\": 0.03623,\n    \"47\": 0.00439,\n    \"49\": 0.0011,\n    \"50\": 0.0011,\n    \"53\": 0.0011,\n    \"55\": 0.0011,\n    \"56\": 0.00439,\n    \"57\": 0.0011,\n    \"58\": 0.00659,\n    \"60\": 0.0011,\n    \"63\": 0.00439,\n    \"64\": 0.0022,\n    \"65\": 0.00659,\n    \"66\": 0.00439,\n    \"67\": 0.0011,\n    \"68\": 0.00659,\n    \"69\": 0.00878,\n    \"70\": 0.00329,\n    \"71\": 0.00329,\n    \"72\": 0.00549,\n    \"73\": 0.01757,\n    \"74\": 0.0011,\n    \"75\": 0.00878,\n    \"76\": 0.0022,\n    \"77\": 0.0011,\n    \"78\": 0.00549,\n    \"79\": 0.06259,\n    \"80\": 0.0011,\n    \"81\": 0.00659,\n    \"83\": 0.04721,\n    \"84\": 0.0011,\n    \"85\": 0.0022,\n    \"86\": 0.00549,\n    \"87\": 0.06149,\n    \"88\": 0.01318,\n    \"89\": 0.00439,\n    \"90\": 0.00439,\n    \"91\": 0.00878,\n    \"92\": 0.0022,\n    \"93\": 0.00549,\n    \"94\": 0.00988,\n    \"95\": 0.02306,\n    \"96\": 0.0022,\n    \"97\": 0.00329,\n    \"98\": 0.0571,\n    \"99\": 0.02306,\n    \"100\": 0.00549,\n    \"101\": 0.0022,\n    \"102\": 0.02306,\n    \"103\": 0.04172,\n    \"104\": 0.00329,\n    \"105\": 0.01098,\n    \"106\": 0.00549,\n    \"107\": 0.00439,\n    \"108\": 0.00659,\n    \"109\": 0.80483,\n    \"110\": 0.04392,\n    \"111\": 0.00439,\n    \"112\": 0.01098,\n    \"113\": 0.00329,\n    \"114\": 0.01976,\n    \"115\": 0.00329,\n    \"116\": 0.00769,\n    \"117\": 0.00659,\n    \"118\": 0.00549,\n    \"119\": 0.06588,\n    \"120\": 0.04612,\n    \"121\": 0.03733,\n    \"122\": 0.09004,\n    \"123\": 2.45074,\n    \"124\": 1.0958,\n    \"125\": 0.01098,\n    \"126\": 0.0011,\n    _: \"4 5 6 7 8 9 10 12 13 14 15 16 17 18 19 20 21 22 23 24 25 26 27 28 29 30 31 32 35 36 37 39 40 42 44 45 46 48 51 52 54 59 61 62 127\"\n  },\n  F: {\n    \"28\": 0.0011,\n    \"46\": 0.0022,\n    \"79\": 0.00439,\n    \"82\": 0.0011,\n    \"83\": 0.0011,\n    \"84\": 0.0011,\n    \"85\": 0.0011,\n    \"95\": 0.02086,\n    \"106\": 0.0011,\n    \"107\": 0.10102,\n    \"108\": 0.09553,\n    \"109\": 0.03294,\n    _: \"9 11 12 15 16 17 18 19 20 21 22 23 24 25 26 27 29 30 31 32 33 34 35 36 37 38 39 40 41 42 43 44 45 47 48 49 50 51 52 53 54 55 56 57 58 60 62 63 64 65 66 67 68 69 70 71 72 73 74 75 76 77 78 80 81 86 87 88 89 90 91 92 93 94 96 97 98 99 100 101 102 103 104 105 9.5-9.6 10.0-10.1 10.5 10.6 11.1 11.5 11.6 12.1\"\n  },\n  B: {\n    \"18\": 0.00329,\n    \"84\": 0.0011,\n    \"92\": 0.00769,\n    \"98\": 0.0011,\n    \"100\": 0.0011,\n    \"109\": 0.01318,\n    \"111\": 0.0011,\n    \"114\": 0.0011,\n    \"115\": 0.0011,\n    \"116\": 0.0011,\n    \"118\": 0.0011,\n    \"119\": 0.00329,\n    \"120\": 0.00329,\n    \"121\": 0.00659,\n    \"122\": 0.03404,\n    \"123\": 0.35136,\n    \"124\": 0.19654,\n    _: \"12 13 14 15 16 17 79 80 81 83 85 86 87 88 89 90 91 93 94 95 96 97 99 101 102 103 104 105 106 107 108 110 112 113 117\"\n  },\n  E: {\n    \"13\": 0.00549,\n    \"14\": 0.00988,\n    \"15\": 0.0022,\n    _: \"0 4 5 6 7 8 9 10 11 12 3.1 3.2 6.1 7.1 9.1 10.1 11.1 12.1\",\n    \"5.1\": 0.00439,\n    \"13.1\": 0.00329,\n    \"14.1\": 0.01867,\n    \"15.1\": 0.0011,\n    \"15.2-15.3\": 0.0022,\n    \"15.4\": 0.00439,\n    \"15.5\": 0.01318,\n    \"15.6\": 0.07027,\n    \"16.0\": 0.0011,\n    \"16.1\": 0.02196,\n    \"16.2\": 0.02086,\n    \"16.3\": 0.04941,\n    \"16.4\": 0.00659,\n    \"16.5\": 0.01757,\n    \"16.6\": 0.11639,\n    \"17.0\": 0.01757,\n    \"17.1\": 0.02965,\n    \"17.2\": 0.02855,\n    \"17.3\": 0.13176,\n    \"17.4\": 0.39857,\n    \"17.5\": 0.00329\n  },\n  G: {\n    \"8\": 0,\n    \"3.2\": 0,\n    \"4.0-4.1\": 0,\n    \"4.2-4.3\": 0.00238,\n    \"5.0-5.1\": 0.00238,\n    \"6.0-6.1\": 0.00594,\n    \"7.0-7.1\": 0.0095,\n    \"8.1-8.4\": 0.00238,\n    \"9.0-9.2\": 0.00594,\n    \"9.3\": 0.02969,\n    \"10.0-10.2\": 0.00594,\n    \"10.3\": 0.0475,\n    \"11.0-11.2\": 0.04038,\n    \"11.3-11.4\": 0.01188,\n    \"12.0-12.1\": 0.00831,\n    \"12.2-12.5\": 0.19357,\n    \"13.0-13.1\": 0.00356,\n    \"13.2\": 0.03919,\n    \"13.3\": 0.0095,\n    \"13.4-13.7\": 0.03681,\n    \"14.0-14.4\": 0.07244,\n    \"14.5-14.8\": 0.11044,\n    \"15.0-15.1\": 0.05106,\n    \"15.2-15.3\": 0.05819,\n    \"15.4\": 0.0665,\n    \"15.5\": 0.08431,\n    \"15.6-15.8\": 0.73627,\n    \"16.0\": 0.17219,\n    \"16.1\": 0.35863,\n    \"16.2\": 0.17219,\n    \"16.3\": 0.30401,\n    \"16.4\": 0.06294,\n    \"16.5\": 0.13182,\n    \"16.6-16.7\": 1.04146,\n    \"17.0\": 0.12469,\n    \"17.1\": 0.23038,\n    \"17.2\": 0.30638,\n    \"17.3\": 2.23493,\n    \"17.4\": 5.04461,\n    \"17.5\": 0.04631\n  },\n  P: {\n    \"4\": 0.15407,\n    \"20\": 0.06163,\n    \"21\": 0.15407,\n    \"22\": 0.17462,\n    \"23\": 0.47249,\n    \"24\": 2.7425,\n    \"5.0-5.4\": 0.02054,\n    \"6.2-6.4\": 0.02054,\n    \"7.2-7.4\": 0.19516,\n    _: \"8.2 10.1\",\n    \"9.2\": 0.02054,\n    \"11.1-11.2\": 0.09244,\n    \"12.0\": 0.02054,\n    \"13.0\": 0.06163,\n    \"14.0\": 0.06163,\n    \"15.0\": 0.03081,\n    \"16.0\": 0.06163,\n    \"17.0\": 0.09244,\n    \"18.0\": 0.03081,\n    \"19.0\": 0.09244\n  },\n  I: {\n    \"0\": 0.07092,\n    \"3\": 0,\n    \"4\": 0.00001,\n    \"2.1\": 0,\n    \"2.2\": 0,\n    \"2.3\": 0,\n    \"4.1\": 0.00001,\n    \"4.2-4.3\": 0.00004,\n    \"4.4\": 0,\n    \"4.4.3-4.4.4\": 0.00018\n  },\n  A: {\n    \"8\": 0.0012,\n    \"11\": 0.02515,\n    _: \"6 7 9 10 5.5\"\n  },\n  K: {\n    \"0\": 0.56973,\n    _: \"10 11 12 11.1 11.5 12.1\"\n  },\n  J: {\n    _: \"7 10\"\n  },\n  N: {\n    _: \"10 11\"\n  },\n  S: {\n    _: \"2.5 3.0-3.1\"\n  },\n  Q: {\n    \"14.9\": 0.0089\n  },\n  O: {\n    \"0\": 0.24926\n  },\n  H: {\n    \"0\": 0\n  },\n  L: {\n    \"0\": 74.64051\n  },\n  R: {\n    _: \"0\"\n  },\n  M: {\n    \"0\": 0.08902\n  }\n};","map":{"version":3,"names":["module","exports","C","_","D","F","B","E","G","P","I","A","K","J","N","S","Q","O","H","L","R","M"],"sources":["C:/Users/chest/OneDrive/Documentos/GitHub/HackUPC/frontend/node_modules/caniuse-lite/data/regions/IQ.js"],