{"ast":null,"code":"module.exports = {\n  C: {\n    \"4\": 0.01478,\n    \"73\": 0.04926,\n    \"78\": 0.02217,\n    \"88\": 0.00493,\n    \"95\": 0.00246,\n    \"105\": 0.00246,\n    \"109\": 0.00246,\n    \"113\": 0.00246,\n    \"115\": 0.09113,\n    \"118\": 0.00739,\n    \"119\": 0.00739,\n    \"121\": 0.0197,\n    \"122\": 0.07635,\n    \"123\": 0.0197,\n    \"124\": 0.53693,\n    \"125\": 0.22413,\n    \"126\": 0.00985,\n    _: \"2 3 5 6 7 8 9 10 11 12 13 14 15 16 17 18 19 20 21 22 23 24 25 26 27 28 29 30 31 32 33 34 35 36 37 38 39 40 41 42 43 44 45 46 47 48 49 50 51 52 53 54 55 56 57 58 59 60 61 62 63 64 65 66 67 68 69 70 71 72 74 75 76 77 79 80 81 82 83 84 85 86 87 89 90 91 92 93 94 96 97 98 99 100 101 102 103 104 106 107 108 110 111 112 114 116 117 120 127 128 3.5 3.6\"\n  },\n  D: {\n    \"11\": 0.00246,\n    \"38\": 0.00246,\n    \"41\": 0.00246,\n    \"47\": 0.00246,\n    \"49\": 0.00246,\n    \"62\": 0.00246,\n    \"63\": 0.00493,\n    \"65\": 0.00246,\n    \"66\": 0.00246,\n    \"67\": 0.00246,\n    \"68\": 0.00246,\n    \"69\": 0.01724,\n    \"70\": 0.02463,\n    \"72\": 0.00246,\n    \"73\": 0.03202,\n    \"74\": 0.00246,\n    \"75\": 0.01232,\n    \"76\": 0.03448,\n    \"77\": 0.00246,\n    \"79\": 0.03448,\n    \"80\": 0.00246,\n    \"81\": 0.02217,\n    \"83\": 0.17734,\n    \"84\": 0.00246,\n    \"85\": 0.00246,\n    \"86\": 0.01478,\n    \"87\": 0.05172,\n    \"88\": 0.00739,\n    \"89\": 0.00246,\n    \"90\": 0.00493,\n    \"91\": 0.00985,\n    \"92\": 0.00246,\n    \"93\": 0.0665,\n    \"94\": 0.01478,\n    \"95\": 0.00739,\n    \"96\": 0.00493,\n    \"97\": 0.00246,\n    \"98\": 0.00739,\n    \"99\": 0.00493,\n    \"100\": 0.00246,\n    \"101\": 0.00246,\n    \"102\": 0.00246,\n    \"103\": 0.18473,\n    \"104\": 0.00493,\n    \"105\": 0.01724,\n    \"106\": 0.00739,\n    \"107\": 0.00493,\n    \"108\": 0.01232,\n    \"109\": 0.2931,\n    \"110\": 0.01724,\n    \"111\": 0.00985,\n    \"112\": 0.00985,\n    \"113\": 0.00739,\n    \"114\": 0.02463,\n    \"115\": 0.00739,\n    \"116\": 0.05665,\n    \"117\": 0.0197,\n    \"118\": 0.01724,\n    \"119\": 0.05419,\n    \"120\": 0.10098,\n    \"121\": 0.15271,\n    \"122\": 1.21672,\n    \"123\": 9.34709,\n    \"124\": 3.57874,\n    \"125\": 0.02463,\n    \"126\": 0.00246,\n    _: \"4 5 6 7 8 9 10 12 13 14 15 16 17 18 19 20 21 22 23 24 25 26 27 28 29 30 31 32 33 34 35 36 37 39 40 42 43 44 45 46 48 50 51 52 53 54 55 56 57 58 59 60 61 64 71 78 127\"\n  },\n  F: {\n    \"28\": 0.01232,\n    \"46\": 0.00246,\n    \"69\": 0.00246,\n    \"95\": 0.00493,\n    \"102\": 0.00739,\n    \"106\": 0.00246,\n    \"107\": 0.49753,\n    \"108\": 0.16748,\n    \"109\": 0.05911,\n    _: \"9 11 12 15 16 17 18 19 20 21 22 23 24 25 26 27 29 30 31 32 33 34 35 36 37 38 39 40 41 42 43 44 45 47 48 49 50 51 52 53 54 55 56 57 58 60 62 63 64 65 66 67 68 70 71 72 73 74 75 76 77 78 79 80 81 82 83 84 85 86 87 88 89 90 91 92 93 94 96 97 98 99 100 101 103 104 105 9.5-9.6 10.0-10.1 10.5 10.6 11.1 11.5 11.6 12.1\"\n  },\n  B: {\n    \"12\": 0.00246,\n    \"15\": 0.00493,\n    \"16\": 0.00246,\n    \"17\": 0.00246,\n    \"18\": 0.00985,\n    \"92\": 0.00985,\n    \"100\": 0.00246,\n    \"105\": 0.00246,\n    \"107\": 0.00493,\n    \"108\": 0.00246,\n    \"109\": 0.02217,\n    \"114\": 0.00246,\n    \"115\": 0.00246,\n    \"116\": 0.00246,\n    \"117\": 0.00493,\n    \"118\": 0.00246,\n    \"119\": 0.00493,\n    \"120\": 0.01724,\n    \"121\": 0.02463,\n    \"122\": 0.266,\n    \"123\": 2.53196,\n    \"124\": 0.86944,\n    _: \"13 14 79 80 81 83 84 85 86 87 88 89 90 91 93 94 95 96 97 98 99 101 102 103 104 106 110 111 112 113\"\n  },\n  E: {\n    \"14\": 0.00985,\n    \"15\": 0.00246,\n    _: \"0 4 5 6 7 8 9 10 11 12 13 3.1 3.2 5.1 6.1 7.1 9.1 10.1\",\n    \"11.1\": 0.00246,\n    \"12.1\": 0.00493,\n    \"13.1\": 0.10591,\n    \"14.1\": 0.03941,\n    \"15.1\": 0.00246,\n    \"15.2-15.3\": 0.00246,\n    \"15.4\": 0.0197,\n    \"15.5\": 0.00739,\n    \"15.6\": 0.09852,\n    \"16.0\": 0.00985,\n    \"16.1\": 0.02463,\n    \"16.2\": 0.02709,\n    \"16.3\": 0.0468,\n    \"16.4\": 0.03448,\n    \"16.5\": 0.04433,\n    \"16.6\": 0.12561,\n    \"17.0\": 0.01724,\n    \"17.1\": 0.04433,\n    \"17.2\": 0.10591,\n    \"17.3\": 0.15517,\n    \"17.4\": 0.48767,\n    \"17.5\": 0.00493\n  },\n  G: {\n    \"8\": 0,\n    \"3.2\": 0,\n    \"4.0-4.1\": 0,\n    \"4.2-4.3\": 0.00582,\n    \"5.0-5.1\": 0.00582,\n    \"6.0-6.1\": 0.01455,\n    \"7.0-7.1\": 0.02329,\n    \"8.1-8.4\": 0.00582,\n    \"9.0-9.2\": 0.01455,\n    \"9.3\": 0.07277,\n    \"10.0-10.2\": 0.01455,\n    \"10.3\": 0.11643,\n    \"11.0-11.2\": 0.09897,\n    \"11.3-11.4\": 0.02911,\n    \"12.0-12.1\": 0.02038,\n    \"12.2-12.5\": 0.47446,\n    \"13.0-13.1\": 0.00873,\n    \"13.2\": 0.09606,\n    \"13.3\": 0.02329,\n    \"13.4-13.7\": 0.09023,\n    \"14.0-14.4\": 0.17756,\n    \"14.5-14.8\": 0.2707,\n    \"15.0-15.1\": 0.12516,\n    \"15.2-15.3\": 0.14263,\n    \"15.4\": 0.163,\n    \"15.5\": 0.20667,\n    \"15.6-15.8\": 1.80469,\n    \"16.0\": 0.42206,\n    \"16.1\": 0.87906,\n    \"16.2\": 0.42206,\n    \"16.3\": 0.74516,\n    \"16.4\": 0.15427,\n    \"16.5\": 0.3231,\n    \"16.6-16.7\": 2.55276,\n    \"17.0\": 0.30563,\n    \"17.1\": 0.56469,\n    \"17.2\": 0.75098,\n    \"17.3\": 5.47811,\n    \"17.4\": 12.36503,\n    \"17.5\": 0.11352\n  },\n  P: {\n    \"4\": 0.20203,\n    \"20\": 0.0319,\n    \"21\": 0.04253,\n    \"22\": 0.07443,\n    \"23\": 0.25519,\n    \"24\": 2.00964,\n    \"5.0-5.4\": 0.02127,\n    _: \"6.2-6.4 8.2 9.2 10.1 12.0\",\n    \"7.2-7.4\": 0.20203,\n    \"11.1-11.2\": 0.02127,\n    \"13.0\": 0.01063,\n    \"14.0\": 0.01063,\n    \"15.0\": 0.02127,\n    \"16.0\": 0.02127,\n    \"17.0\": 0.01063,\n    \"18.0\": 0.01063,\n    \"19.0\": 0.0638\n  },\n  I: {\n    \"0\": 0.08257,\n    \"3\": 0,\n    \"4\": 0.00001,\n    \"2.1\": 0,\n    \"2.2\": 0,\n    \"2.3\": 0,\n    \"4.1\": 0.00002,\n    \"4.2-4.3\": 0.00005,\n    \"4.4\": 0,\n    \"4.4.3-4.4.4\": 0.00021\n  },\n  A: {\n    \"10\": 0.01478,\n    \"11\": 0.00739,\n    _: \"6 7 8 9 5.5\"\n  },\n  K: {\n    \"0\": 0.24872,\n    _: \"10 11 12 11.1 11.5 12.1\"\n  },\n  J: {\n    _: \"7 10\"\n  },\n  N: {\n    _: \"10 11\"\n  },\n  S: {\n    _: \"2.5 3.0-3.1\"\n  },\n  Q: {\n    \"14.9\": 0.00754\n  },\n  O: {\n    \"0\": 0.1432\n  },\n  H: {\n    \"0\": 0\n  },\n  L: {\n    \"0\": 43.97426\n  },\n  R: {\n    _: \"0\"\n  },\n  M: {\n    \"0\": 0.11306\n  }\n};","map":{"version":3,"names":["module","exports","C","_","D","F","B","E","G","P","I","A","K","J","N","S","Q","O","H","L","R","M"],"sources":["C:/Users/chest/OneDrive/Documentos/GitHub/HackUPC/frontend/node_modules/caniuse-lite/data/regions/JM.js"],