{"ast":null,"code":"module.exports = {\n  C: {\n    \"34\": 0.00344,\n    \"52\": 0.04469,\n    \"61\": 0.00344,\n    \"68\": 0.00344,\n    \"72\": 0.00344,\n    \"78\": 0.01031,\n    \"81\": 0.00344,\n    \"83\": 0.00688,\n    \"84\": 0.00344,\n    \"88\": 0.00344,\n    \"89\": 0.01719,\n    \"91\": 0.00344,\n    \"97\": 0.00344,\n    \"99\": 0.00688,\n    \"102\": 0.01031,\n    \"103\": 0.00688,\n    \"106\": 0.00344,\n    \"108\": 0.00344,\n    \"109\": 0.00344,\n    \"111\": 0.00344,\n    \"112\": 0.00344,\n    \"113\": 0.00688,\n    \"114\": 0.00344,\n    \"115\": 0.63603,\n    \"116\": 0.00344,\n    \"117\": 0.00344,\n    \"118\": 0.00688,\n    \"119\": 0.05157,\n    \"120\": 0.89732,\n    \"121\": 0.17878,\n    \"122\": 0.01719,\n    \"123\": 0.06876,\n    \"124\": 2.00092,\n    \"125\": 1.17236,\n    \"126\": 0.00344,\n    _: \"2 3 4 5 6 7 8 9 10 11 12 13 14 15 16 17 18 19 20 21 22 23 24 25 26 27 28 29 30 31 32 33 35 36 37 38 39 40 41 42 43 44 45 46 47 48 49 50 51 53 54 55 56 57 58 59 60 62 63 64 65 66 67 69 70 71 73 74 75 76 77 79 80 82 85 86 87 90 92 93 94 95 96 98 100 101 104 105 107 110 127 128 3.5 3.6\"\n  },\n  D: {\n    \"22\": 0.00344,\n    \"34\": 0.01719,\n    \"38\": 0.01719,\n    \"47\": 0.00344,\n    \"49\": 0.01719,\n    \"53\": 0.00344,\n    \"69\": 0.01031,\n    \"76\": 0.00344,\n    \"79\": 0.16502,\n    \"80\": 0.00344,\n    \"81\": 0.00344,\n    \"83\": 0.00344,\n    \"84\": 0.00344,\n    \"86\": 0.00344,\n    \"87\": 0.12377,\n    \"88\": 0.01031,\n    \"89\": 0.01031,\n    \"90\": 0.00344,\n    \"91\": 0.00688,\n    \"92\": 0.00344,\n    \"94\": 0.0275,\n    \"95\": 0.00688,\n    \"96\": 0.00344,\n    \"97\": 0.01031,\n    \"98\": 0.00688,\n    \"99\": 0.01719,\n    \"100\": 0.00688,\n    \"101\": 0.00344,\n    \"102\": 0.01031,\n    \"103\": 0.03782,\n    \"104\": 0.01375,\n    \"105\": 0.00688,\n    \"106\": 0.01031,\n    \"107\": 0.00688,\n    \"108\": 0.01375,\n    \"109\": 1.6915,\n    \"110\": 0.00344,\n    \"111\": 0.01375,\n    \"112\": 0.01375,\n    \"113\": 0.00344,\n    \"114\": 0.02063,\n    \"115\": 0.01719,\n    \"116\": 0.06532,\n    \"117\": 0.01375,\n    \"118\": 0.03438,\n    \"119\": 0.05157,\n    \"120\": 0.26129,\n    \"121\": 0.13408,\n    \"122\": 0.62572,\n    \"123\": 11.50011,\n    \"124\": 4.93353,\n    \"125\": 0.0275,\n    \"126\": 0.00344,\n    _: \"4 5 6 7 8 9 10 11 12 13 14 15 16 17 18 19 20 21 23 24 25 26 27 28 29 30 31 32 33 35 36 37 39 40 41 42 43 44 45 46 48 50 51 52 54 55 56 57 58 59 60 61 62 63 64 65 66 67 68 70 71 72 73 74 75 77 78 85 93 127\"\n  },\n  F: {\n    \"36\": 0.00344,\n    \"46\": 0.01031,\n    \"79\": 0.00344,\n    \"83\": 0.00344,\n    \"85\": 0.00344,\n    \"86\": 0.00344,\n    \"95\": 0.11002,\n    \"105\": 0.00344,\n    \"106\": 0.05157,\n    \"107\": 0.70135,\n    \"108\": 0.60509,\n    \"109\": 0.22691,\n    _: \"9 11 12 15 16 17 18 19 20 21 22 23 24 25 26 27 28 29 30 31 32 33 34 35 37 38 39 40 41 42 43 44 45 47 48 49 50 51 52 53 54 55 56 57 58 60 62 63 64 65 66 67 68 69 70 71 72 73 74 75 76 77 78 80 81 82 84 87 88 89 90 91 92 93 94 96 97 98 99 100 101 102 103 104 9.5-9.6 10.0-10.1 10.5 10.6 11.1 11.5 11.6 12.1\"\n  },\n  B: {\n    \"92\": 0.00688,\n    \"97\": 0.00344,\n    \"109\": 0.07564,\n    \"110\": 0.00344,\n    \"111\": 0.00344,\n    \"113\": 0.00344,\n    \"114\": 0.00344,\n    \"117\": 0.00344,\n    \"118\": 0.00344,\n    \"119\": 0.08251,\n    \"120\": 0.62915,\n    \"121\": 0.01375,\n    \"122\": 0.13752,\n    \"123\": 1.74307,\n    \"124\": 0.94889,\n    _: \"12 13 14 15 16 17 18 79 80 81 83 84 85 86 87 88 89 90 91 93 94 95 96 98 99 100 101 102 103 104 105 106 107 108 112 115 116\"\n  },\n  E: {\n    \"14\": 0.01375,\n    \"15\": 0.00344,\n    _: \"0 4 5 6 7 8 9 10 11 12 13 3.1 3.2 5.1 6.1 7.1 9.1 10.1 11.1\",\n    \"12.1\": 0.01375,\n    \"13.1\": 0.02063,\n    \"14.1\": 0.03782,\n    \"15.1\": 0.00688,\n    \"15.2-15.3\": 0.00688,\n    \"15.4\": 0.01375,\n    \"15.5\": 0.01719,\n    \"15.6\": 0.08939,\n    \"16.0\": 0.01031,\n    \"16.1\": 0.0275,\n    \"16.2\": 0.02063,\n    \"16.3\": 0.05157,\n    \"16.4\": 0.01375,\n    \"16.5\": 0.0275,\n    \"16.6\": 0.11689,\n    \"17.0\": 0.02063,\n    \"17.1\": 0.04469,\n    \"17.2\": 0.06532,\n    \"17.3\": 0.18909,\n    \"17.4\": 0.52601,\n    \"17.5\": 0.00344\n  },\n  G: {\n    \"8\": 0,\n    \"3.2\": 0,\n    \"4.0-4.1\": 0,\n    \"4.2-4.3\": 0.00187,\n    \"5.0-5.1\": 0.00187,\n    \"6.0-6.1\": 0.00468,\n    \"7.0-7.1\": 0.00749,\n    \"8.1-8.4\": 0.00187,\n    \"9.0-9.2\": 0.00468,\n    \"9.3\": 0.02339,\n    \"10.0-10.2\": 0.00468,\n    \"10.3\": 0.03743,\n    \"11.0-11.2\": 0.03182,\n    \"11.3-11.4\": 0.00936,\n    \"12.0-12.1\": 0.00655,\n    \"12.2-12.5\": 0.15253,\n    \"13.0-13.1\": 0.00281,\n    \"13.2\": 0.03088,\n    \"13.3\": 0.00749,\n    \"13.4-13.7\": 0.02901,\n    \"14.0-14.4\": 0.05708,\n    \"14.5-14.8\": 0.08702,\n    \"15.0-15.1\": 0.04024,\n    \"15.2-15.3\": 0.04585,\n    \"15.4\": 0.0524,\n    \"15.5\": 0.06644,\n    \"15.6-15.8\": 0.58016,\n    \"16.0\": 0.13568,\n    \"16.1\": 0.28259,\n    \"16.2\": 0.13568,\n    \"16.3\": 0.23955,\n    \"16.4\": 0.04959,\n    \"16.5\": 0.10387,\n    \"16.6-16.7\": 0.82065,\n    \"17.0\": 0.09825,\n    \"17.1\": 0.18153,\n    \"17.2\": 0.24142,\n    \"17.3\": 1.76106,\n    \"17.4\": 3.97503,\n    \"17.5\": 0.03649\n  },\n  P: {\n    \"4\": 0.22799,\n    \"20\": 0.03109,\n    \"21\": 0.05182,\n    \"22\": 0.06218,\n    \"23\": 0.22799,\n    \"24\": 2.31101,\n    \"5.0-5.4\": 0.01036,\n    \"6.2-6.4\": 0.01036,\n    _: \"7.2-7.4 8.2 9.2 10.1 12.0 15.0 16.0\",\n    \"11.1-11.2\": 0.01036,\n    \"13.0\": 0.02073,\n    \"14.0\": 0.01036,\n    \"17.0\": 0.01036,\n    \"18.0\": 0.01036,\n    \"19.0\": 0.02073\n  },\n  I: {\n    \"0\": 0.12417,\n    \"3\": 0,\n    \"4\": 0.00001,\n    \"2.1\": 0,\n    \"2.2\": 0,\n    \"2.3\": 0,\n    \"4.1\": 0.00002,\n    \"4.2-4.3\": 0.00007,\n    \"4.4\": 0,\n    \"4.4.3-4.4.4\": 0.00031\n  },\n  A: {\n    \"8\": 0.01089,\n    \"11\": 0.05444,\n    _: \"6 7 9 10 5.5\"\n  },\n  K: {\n    \"0\": 0.36747,\n    _: \"10 11 12 11.1 11.5 12.1\"\n  },\n  J: {\n    _: \"7 10\"\n  },\n  N: {\n    _: \"10 11\"\n  },\n  S: {\n    _: \"2.5 3.0-3.1\"\n  },\n  Q: {\n    \"14.9\": 0.00656\n  },\n  O: {\n    \"0\": 0.03281\n  },\n  H: {\n    \"0\": 0\n  },\n  L: {\n    \"0\": 53.23249\n  },\n  R: {\n    _: \"0\"\n  },\n  M: {\n    \"0\": 0.22967\n  }\n};","map":{"version":3,"names":["module","exports","C","_","D","F","B","E","G","P","I","A","K","J","N","S","Q","O","H","L","R","M"],"sources":["C:/Users/chest/OneDrive/Documentos/GitHub/HackUPC/frontend/node_modules/caniuse-lite/data/regions/HU.js"],