{"ast":null,"code":"module.exports = {\n  C: {\n    \"34\": 0.02034,\n    \"52\": 0.00291,\n    \"78\": 0.00291,\n    \"105\": 0.03486,\n    \"107\": 0.00291,\n    \"109\": 0.01162,\n    \"111\": 0.00291,\n    \"115\": 0.04067,\n    \"123\": 0.02324,\n    \"124\": 0.36894,\n    \"125\": 0.27017,\n    \"126\": 0.00581,\n    _: \"2 3 4 5 6 7 8 9 10 11 12 13 14 15 16 17 18 19 20 21 22 23 24 25 26 27 28 29 30 31 32 33 35 36 37 38 39 40 41 42 43 44 45 46 47 48 49 50 51 53 54 55 56 57 58 59 60 61 62 63 64 65 66 67 68 69 70 71 72 73 74 75 76 77 79 80 81 82 83 84 85 86 87 88 89 90 91 92 93 94 95 96 97 98 99 100 101 102 103 104 106 108 110 112 113 114 116 117 118 119 120 121 122 127 128 3.5 3.6\"\n  },\n  D: {\n    \"11\": 0.00291,\n    \"38\": 0.00581,\n    \"47\": 0.01162,\n    \"49\": 0.00581,\n    \"50\": 0.00291,\n    \"56\": 0.00581,\n    \"58\": 0.03777,\n    \"60\": 0.00291,\n    \"65\": 0.00291,\n    \"66\": 0.00291,\n    \"68\": 0.00581,\n    \"69\": 0.00291,\n    \"70\": 0.00291,\n    \"72\": 0.03486,\n    \"74\": 0.00291,\n    \"75\": 0.00872,\n    \"76\": 0.00581,\n    \"78\": 0.00291,\n    \"79\": 0.12201,\n    \"80\": 0.00291,\n    \"81\": 0.00581,\n    \"83\": 0.00291,\n    \"85\": 0.00291,\n    \"86\": 0.00291,\n    \"87\": 0.07553,\n    \"88\": 0.00581,\n    \"89\": 0.00581,\n    \"90\": 0.00291,\n    \"91\": 0.00291,\n    \"93\": 0.03777,\n    \"94\": 0.00291,\n    \"95\": 0.02034,\n    \"96\": 0.00291,\n    \"97\": 0.00581,\n    \"98\": 0.01162,\n    \"99\": 0.01743,\n    \"101\": 0.00581,\n    \"102\": 0.01743,\n    \"103\": 0.06682,\n    \"104\": 0.00291,\n    \"105\": 0.01162,\n    \"106\": 0.00872,\n    \"107\": 0.02324,\n    \"108\": 0.01743,\n    \"109\": 0.77273,\n    \"110\": 0.01453,\n    \"111\": 0.01162,\n    \"112\": 0.11039,\n    \"113\": 0.16559,\n    \"114\": 0.15978,\n    \"115\": 0.00581,\n    \"116\": 0.12782,\n    \"117\": 0.01453,\n    \"118\": 0.01743,\n    \"119\": 0.05229,\n    \"120\": 0.14816,\n    \"121\": 0.26436,\n    \"122\": 0.67977,\n    \"123\": 11.25978,\n    \"124\": 5.53693,\n    \"125\": 0.01162,\n    _: \"4 5 6 7 8 9 10 12 13 14 15 16 17 18 19 20 21 22 23 24 25 26 27 28 29 30 31 32 33 34 35 36 37 39 40 41 42 43 44 45 46 48 51 52 53 54 55 57 59 61 62 63 64 67 71 73 77 84 92 100 126 127\"\n  },\n  F: {\n    \"28\": 0.01453,\n    \"36\": 0.00872,\n    \"46\": 0.01743,\n    \"90\": 0.00291,\n    \"95\": 0.00581,\n    \"98\": 0.00291,\n    \"101\": 0.00581,\n    \"102\": 0.00872,\n    \"104\": 0.00291,\n    \"105\": 0.00872,\n    \"106\": 0.04358,\n    \"107\": 0.26436,\n    \"108\": 0.13073,\n    \"109\": 0.02615,\n    _: \"9 11 12 15 16 17 18 19 20 21 22 23 24 25 26 27 29 30 31 32 33 34 35 37 38 39 40 41 42 43 44 45 47 48 49 50 51 52 53 54 55 56 57 58 60 62 63 64 65 66 67 68 69 70 71 72 73 74 75 76 77 78 79 80 81 82 83 84 85 86 87 88 89 91 92 93 94 96 97 99 100 103 9.5-9.6 10.0-10.1 10.5 10.6 11.1 11.5 11.6 12.1\"\n  },\n  B: {\n    \"16\": 0.00581,\n    \"18\": 0.00581,\n    \"89\": 0.00291,\n    \"92\": 0.05229,\n    \"100\": 0.00872,\n    \"105\": 0.00291,\n    \"107\": 0.00291,\n    \"109\": 0.02324,\n    \"110\": 0.01162,\n    \"111\": 0.00291,\n    \"112\": 0.00581,\n    \"113\": 0.01162,\n    \"114\": 0.02615,\n    \"116\": 0.00581,\n    \"117\": 0.00291,\n    \"118\": 0.06972,\n    \"119\": 0.01743,\n    \"120\": 0.03777,\n    \"121\": 0.03777,\n    \"122\": 0.28469,\n    \"123\": 1.95216,\n    \"124\": 1.25787,\n    _: \"12 13 14 15 17 79 80 81 83 84 85 86 87 88 90 91 93 94 95 96 97 98 99 101 102 103 104 106 108 115\"\n  },\n  E: {\n    \"13\": 0.00581,\n    \"14\": 0.04648,\n    \"15\": 0.00291,\n    _: \"0 4 5 6 7 8 9 10 11 12 3.1 3.2 5.1 6.1 7.1 9.1 10.1\",\n    \"11.1\": 0.00291,\n    \"12.1\": 0.00291,\n    \"13.1\": 0.01743,\n    \"14.1\": 0.06682,\n    \"15.1\": 0.01453,\n    \"15.2-15.3\": 0.00581,\n    \"15.4\": 0.00872,\n    \"15.5\": 0.03196,\n    \"15.6\": 0.12782,\n    \"16.0\": 0.00872,\n    \"16.1\": 0.04939,\n    \"16.2\": 0.02034,\n    \"16.3\": 0.09296,\n    \"16.4\": 0.01453,\n    \"16.5\": 0.07263,\n    \"16.6\": 0.29341,\n    \"17.0\": 0.02905,\n    \"17.1\": 0.07263,\n    \"17.2\": 0.07844,\n    \"17.3\": 0.31955,\n    \"17.4\": 0.98189,\n    \"17.5\": 0.00581\n  },\n  G: {\n    \"8\": 0,\n    \"3.2\": 0,\n    \"4.0-4.1\": 0,\n    \"4.2-4.3\": 0.00403,\n    \"5.0-5.1\": 0.00403,\n    \"6.0-6.1\": 0.01008,\n    \"7.0-7.1\": 0.01613,\n    \"8.1-8.4\": 0.00403,\n    \"9.0-9.2\": 0.01008,\n    \"9.3\": 0.05041,\n    \"10.0-10.2\": 0.01008,\n    \"10.3\": 0.08066,\n    \"11.0-11.2\": 0.06856,\n    \"11.3-11.4\": 0.02016,\n    \"12.0-12.1\": 0.01411,\n    \"12.2-12.5\": 0.32867,\n    \"13.0-13.1\": 0.00605,\n    \"13.2\": 0.06654,\n    \"13.3\": 0.01613,\n    \"13.4-13.7\": 0.06251,\n    \"14.0-14.4\": 0.123,\n    \"14.5-14.8\": 0.18753,\n    \"15.0-15.1\": 0.08671,\n    \"15.2-15.3\": 0.0988,\n    \"15.4\": 0.11292,\n    \"15.5\": 0.14316,\n    \"15.6-15.8\": 1.25017,\n    \"16.0\": 0.29238,\n    \"16.1\": 0.60895,\n    \"16.2\": 0.29238,\n    \"16.3\": 0.5162,\n    \"16.4\": 0.10687,\n    \"16.5\": 0.22382,\n    \"16.6-16.7\": 1.76838,\n    \"17.0\": 0.21172,\n    \"17.1\": 0.39118,\n    \"17.2\": 0.52023,\n    \"17.3\": 3.79486,\n    \"17.4\": 8.56566,\n    \"17.5\": 0.07864\n  },\n  P: {\n    \"4\": 0.06191,\n    \"20\": 0.01032,\n    \"21\": 0.08254,\n    \"22\": 0.06191,\n    \"23\": 0.22699,\n    \"24\": 2.19771,\n    _: \"5.0-5.4 8.2 9.2 10.1 12.0 14.0 15.0\",\n    \"6.2-6.4\": 0.01032,\n    \"7.2-7.4\": 0.04127,\n    \"11.1-11.2\": 0.09286,\n    \"13.0\": 0.02064,\n    \"16.0\": 0.1135,\n    \"17.0\": 0.03095,\n    \"18.0\": 0.01032,\n    \"19.0\": 0.01032\n  },\n  I: {\n    \"0\": 0.03533,\n    \"3\": 0,\n    \"4\": 0,\n    \"2.1\": 0,\n    \"2.2\": 0,\n    \"2.3\": 0,\n    \"4.1\": 0.00001,\n    \"4.2-4.3\": 0.00002,\n    \"4.4\": 0,\n    \"4.4.3-4.4.4\": 0.00009\n  },\n  A: {\n    \"8\": 0.0067,\n    \"11\": 0.08045,\n    _: \"6 7 9 10 5.5\"\n  },\n  K: {\n    \"0\": 1.29839,\n    _: \"10 11 12 11.1 11.5 12.1\"\n  },\n  J: {\n    _: \"7 10\"\n  },\n  N: {\n    _: \"10 11\"\n  },\n  S: {\n    _: \"2.5 3.0-3.1\"\n  },\n  Q: {\n    _: \"14.9\"\n  },\n  O: {\n    \"0\": 2.05046\n  },\n  H: {\n    \"0\": 0\n  },\n  L: {\n    \"0\": 44.55765\n  },\n  R: {\n    _: \"0\"\n  },\n  M: {\n    \"0\": 0.78045\n  }\n};","map":{"version":3,"names":["module","exports","C","_","D","F","B","E","G","P","I","A","K","J","N","S","Q","O","H","L","R","M"],"sources":["C:/Users/chest/OneDrive/Documentos/GitHub/HackUPC/frontend/node_modules/caniuse-lite/data/regions/BH.js"],