{"ast":null,"code":"module.exports = {\n  C: {\n    \"3\": 0.01313,\n    \"82\": 0.00164,\n    \"103\": 0.00164,\n    \"115\": 0.02297,\n    \"122\": 0.00164,\n    \"123\": 0.00656,\n    \"124\": 0.10174,\n    \"125\": 0.04103,\n    _: \"2 4 5 6 7 8 9 10 11 12 13 14 15 16 17 18 19 20 21 22 23 24 25 26 27 28 29 30 31 32 33 34 35 36 37 38 39 40 41 42 43 44 45 46 47 48 49 50 51 52 53 54 55 56 57 58 59 60 61 62 63 64 65 66 67 68 69 70 71 72 73 74 75 76 77 78 79 80 81 83 84 85 86 87 88 89 90 91 92 93 94 95 96 97 98 99 100 101 102 104 105 106 107 108 109 110 111 112 113 114 116 117 118 119 120 121 126 127 128 3.5 3.6\"\n  },\n  D: {\n    \"11\": 0.00164,\n    \"37\": 0.00656,\n    \"41\": 0.01641,\n    \"50\": 0.00164,\n    \"57\": 0.00492,\n    \"58\": 0.03938,\n    \"62\": 0.00985,\n    \"63\": 0.00328,\n    \"68\": 0.02462,\n    \"70\": 0.0279,\n    \"71\": 0.00164,\n    \"72\": 0.00164,\n    \"73\": 0.00164,\n    \"74\": 0.00164,\n    \"79\": 0.01969,\n    \"80\": 0.00328,\n    \"81\": 0.00328,\n    \"83\": 0.00164,\n    \"86\": 0.00492,\n    \"87\": 0.01477,\n    \"88\": 0.00164,\n    \"89\": 0.01969,\n    \"90\": 0.00164,\n    \"91\": 0.03118,\n    \"92\": 0.00164,\n    \"94\": 0.00164,\n    \"95\": 0.00164,\n    \"96\": 0.00164,\n    \"99\": 0.00985,\n    \"100\": 0.01805,\n    \"101\": 0.00656,\n    \"103\": 0.00328,\n    \"104\": 0.00164,\n    \"105\": 0.00656,\n    \"106\": 0.02954,\n    \"107\": 0.02626,\n    \"108\": 0.00328,\n    \"109\": 0.15261,\n    \"110\": 0.01149,\n    \"111\": 0.00328,\n    \"112\": 0.06892,\n    \"113\": 0.0279,\n    \"114\": 0.05908,\n    \"115\": 0.00492,\n    \"116\": 0.0279,\n    \"117\": 0.01969,\n    \"118\": 0.00985,\n    \"119\": 0.01641,\n    \"120\": 0.04923,\n    \"121\": 0.03118,\n    \"122\": 0.128,\n    \"123\": 1.22911,\n    \"124\": 0.62522,\n    \"125\": 0.03282,\n    _: \"4 5 6 7 8 9 10 12 13 14 15 16 17 18 19 20 21 22 23 24 25 26 27 28 29 30 31 32 33 34 35 36 38 39 40 42 43 44 45 46 47 48 49 51 52 53 54 55 56 59 60 61 64 65 66 67 69 75 76 77 78 84 85 93 97 98 102 126 127\"\n  },\n  F: {\n    \"48\": 0.00164,\n    \"80\": 0.00164,\n    \"81\": 0.00328,\n    \"82\": 0.00985,\n    \"105\": 0.00492,\n    \"107\": 0.00164,\n    \"108\": 0.00492,\n    \"109\": 0.00328,\n    _: \"9 11 12 15 16 17 18 19 20 21 22 23 24 25 26 27 28 29 30 31 32 33 34 35 36 37 38 39 40 41 42 43 44 45 46 47 49 50 51 52 53 54 55 56 57 58 60 62 63 64 65 66 67 68 69 70 71 72 73 74 75 76 77 78 79 83 84 85 86 87 88 89 90 91 92 93 94 95 96 97 98 99 100 101 102 103 104 106 9.5-9.6 10.0-10.1 10.5 10.6 11.1 11.5 11.6 12.1\"\n  },\n  B: {\n    \"12\": 0.00328,\n    \"15\": 0.00164,\n    \"18\": 0.00164,\n    \"90\": 0.00164,\n    \"92\": 0.00492,\n    \"118\": 0.00656,\n    \"119\": 0.00492,\n    \"120\": 0.00164,\n    \"121\": 0.00492,\n    \"122\": 0.04595,\n    \"123\": 0.1362,\n    \"124\": 0.11651,\n    _: \"13 14 16 17 79 80 81 83 84 85 86 87 88 89 91 93 94 95 96 97 98 99 100 101 102 103 104 105 106 107 108 109 110 111 112 113 114 115 116 117\"\n  },\n  E: {\n    \"14\": 0.00492,\n    _: \"0 4 5 6 7 8 9 10 11 12 13 15 3.1 3.2 6.1 7.1 9.1 10.1 11.1 12.1 13.1 15.1 15.2-15.3 15.4 16.0 16.1 16.2 17.0 17.1 17.2 17.5\",\n    \"5.1\": 0.05087,\n    \"14.1\": 0.01313,\n    \"15.5\": 0.00821,\n    \"15.6\": 0.00164,\n    \"16.3\": 0.00164,\n    \"16.4\": 0.00164,\n    \"16.5\": 0.00164,\n    \"16.6\": 0.00164,\n    \"17.3\": 0.00328,\n    \"17.4\": 0.00656\n  },\n  G: {\n    \"8\": 0,\n    \"3.2\": 0,\n    \"4.0-4.1\": 0,\n    \"4.2-4.3\": 0.00029,\n    \"5.0-5.1\": 0.00029,\n    \"6.0-6.1\": 0.00072,\n    \"7.0-7.1\": 0.00116,\n    \"8.1-8.4\": 0.00029,\n    \"9.0-9.2\": 0.00072,\n    \"9.3\": 0.00362,\n    \"10.0-10.2\": 0.00072,\n    \"10.3\": 0.00578,\n    \"11.0-11.2\": 0.00492,\n    \"11.3-11.4\": 0.00145,\n    \"12.0-12.1\": 0.00101,\n    \"12.2-12.5\": 0.02357,\n    \"13.0-13.1\": 0.00043,\n    \"13.2\": 0.00477,\n    \"13.3\": 0.00116,\n    \"13.4-13.7\": 0.00448,\n    \"14.0-14.4\": 0.00882,\n    \"14.5-14.8\": 0.01345,\n    \"15.0-15.1\": 0.00622,\n    \"15.2-15.3\": 0.00709,\n    \"15.4\": 0.0081,\n    \"15.5\": 0.01027,\n    \"15.6-15.8\": 0.08966,\n    \"16.0\": 0.02097,\n    \"16.1\": 0.04367,\n    \"16.2\": 0.02097,\n    \"16.3\": 0.03702,\n    \"16.4\": 0.00766,\n    \"16.5\": 0.01605,\n    \"16.6-16.7\": 0.12682,\n    \"17.0\": 0.01518,\n    \"17.1\": 0.02805,\n    \"17.2\": 0.03731,\n    \"17.3\": 0.27216,\n    \"17.4\": 0.61431,\n    \"17.5\": 0.00564\n  },\n  P: {\n    \"4\": 0.03051,\n    \"20\": 0.03051,\n    \"21\": 0.07118,\n    \"22\": 0.05084,\n    \"23\": 0.27455,\n    \"24\": 0.98636,\n    \"5.0-5.4\": 0.01017,\n    _: \"6.2-6.4 8.2 10.1 12.0\",\n    \"7.2-7.4\": 0.01017,\n    \"9.2\": 0.01017,\n    \"11.1-11.2\": 0.05084,\n    \"13.0\": 0.03051,\n    \"14.0\": 0.05084,\n    \"15.0\": 0.03051,\n    \"16.0\": 0.22371,\n    \"17.0\": 0.02034,\n    \"18.0\": 0.02034,\n    \"19.0\": 0.03051\n  },\n  I: {\n    \"0\": 0.29969,\n    \"3\": 0,\n    \"4\": 0.00003,\n    \"2.1\": 0,\n    \"2.2\": 0,\n    \"2.3\": 0,\n    \"4.1\": 0.00006,\n    \"4.2-4.3\": 0.00018,\n    \"4.4\": 0,\n    \"4.4.3-4.4.4\": 0.00075\n  },\n  A: {\n    \"11\": 0.00164,\n    _: \"6 7 8 9 10 5.5\"\n  },\n  K: {\n    \"0\": 4.15695,\n    _: \"10 11 12 11.1 11.5 12.1\"\n  },\n  J: {\n    _: \"7 10\"\n  },\n  N: {\n    _: \"10 11\"\n  },\n  S: {\n    _: \"2.5 3.0-3.1\"\n  },\n  Q: {\n    _: \"14.9\"\n  },\n  O: {\n    \"0\": 5.40827\n  },\n  H: {\n    \"0\": 4.62\n  },\n  L: {\n    \"0\": 77.49688\n  },\n  R: {\n    _: \"0\"\n  },\n  M: {\n    \"0\": 0.11703\n  }\n};","map":{"version":3,"names":["module","exports","C","_","D","F","B","E","G","P","I","A","K","J","N","S","Q","O","H","L","R","M"],"sources":["C:/Users/chest/OneDrive/Documentos/GitHub/HackUPC/frontend/node_modules/caniuse-lite/data/regions/YE.js"],