{"ast":null,"code":"module.exports = {\n  C: {\n    \"115\": 0.02378,\n    \"121\": 0.01586,\n    \"124\": 1.65695,\n    \"125\": 0.15856,\n    _: \"2 3 4 5 6 7 8 9 10 11 12 13 14 15 16 17 18 19 20 21 22 23 24 25 26 27 28 29 30 31 32 33 34 35 36 37 38 39 40 41 42 43 44 45 46 47 48 49 50 51 52 53 54 55 56 57 58 59 60 61 62 63 64 65 66 67 68 69 70 71 72 73 74 75 76 77 78 79 80 81 82 83 84 85 86 87 88 89 90 91 92 93 94 95 96 97 98 99 100 101 102 103 104 105 106 107 108 109 110 111 112 113 114 116 117 118 119 120 122 123 126 127 128 3.5 3.6\"\n  },\n  D: {\n    \"52\": 0.02378,\n    \"74\": 0.06739,\n    \"79\": 0.03171,\n    \"86\": 0.12685,\n    \"95\": 0.00793,\n    \"98\": 0.06739,\n    \"102\": 0.0436,\n    \"103\": 0.02378,\n    \"106\": 0.47964,\n    \"109\": 0.82451,\n    \"111\": 0.00793,\n    \"116\": 0.06739,\n    \"118\": 0.0436,\n    \"120\": 0.11892,\n    \"121\": 0.15856,\n    \"122\": 0.54703,\n    \"123\": 21.71876,\n    \"124\": 5.13734,\n    _: \"4 5 6 7 8 9 10 11 12 13 14 15 16 17 18 19 20 21 22 23 24 25 26 27 28 29 30 31 32 33 34 35 36 37 38 39 40 41 42 43 44 45 46 47 48 49 50 51 53 54 55 56 57 58 59 60 61 62 63 64 65 66 67 68 69 70 71 72 73 75 76 77 78 80 81 83 84 85 87 88 89 90 91 92 93 94 96 97 99 100 101 104 105 107 108 110 112 113 114 115 117 119 125 126 127\"\n  },\n  F: {\n    \"107\": 0.0436,\n    \"108\": 0.89983,\n    \"109\": 0.32108,\n    _: \"9 11 12 15 16 17 18 19 20 21 22 23 24 25 26 27 28 29 30 31 32 33 34 35 36 37 38 39 40 41 42 43 44 45 46 47 48 49 50 51 52 53 54 55 56 57 58 60 62 63 64 65 66 67 68 69 70 71 72 73 74 75 76 77 78 79 80 81 82 83 84 85 86 87 88 89 90 91 92 93 94 95 96 97 98 99 100 101 102 103 104 105 106 9.5-9.6 10.0-10.1 10.5 10.6 11.1 11.5 11.6 12.1\"\n  },\n  B: {\n    \"92\": 0.03171,\n    \"112\": 0.07532,\n    \"122\": 0.11099,\n    \"123\": 1.3874,\n    \"124\": 0.78091,\n    _: \"12 13 14 15 16 17 18 79 80 81 83 84 85 86 87 88 89 90 91 93 94 95 96 97 98 99 100 101 102 103 104 105 106 107 108 109 110 111 113 114 115 116 117 118 119 120 121\"\n  },\n  E: {\n    \"11\": 0.00793,\n    _: \"0 4 5 6 7 8 9 10 12 13 14 15 3.1 3.2 5.1 6.1 7.1 9.1 10.1 11.1 12.1 13.1 15.1 15.2-15.3 15.4 16.4\",\n    \"14.1\": 0.4955,\n    \"15.5\": 0.07532,\n    \"15.6\": 0.08324,\n    \"16.0\": 0.16649,\n    \"16.1\": 0.00793,\n    \"16.2\": 0.02378,\n    \"16.3\": 0.05946,\n    \"16.5\": 0.07532,\n    \"16.6\": 0.15856,\n    \"17.0\": 0.03171,\n    \"17.1\": 0.02378,\n    \"17.2\": 0.16649,\n    \"17.3\": 0.26162,\n    \"17.4\": 0.83244,\n    \"17.5\": 0.92361\n  },\n  G: {\n    \"8\": 0,\n    \"3.2\": 0,\n    \"4.0-4.1\": 0,\n    \"4.2-4.3\": 0.00361,\n    \"5.0-5.1\": 0.00361,\n    \"6.0-6.1\": 0.00902,\n    \"7.0-7.1\": 0.01443,\n    \"8.1-8.4\": 0.00361,\n    \"9.0-9.2\": 0.00902,\n    \"9.3\": 0.04509,\n    \"10.0-10.2\": 0.00902,\n    \"10.3\": 0.07214,\n    \"11.0-11.2\": 0.06132,\n    \"11.3-11.4\": 0.01804,\n    \"12.0-12.1\": 0.01262,\n    \"12.2-12.5\": 0.29398,\n    \"13.0-13.1\": 0.00541,\n    \"13.2\": 0.05952,\n    \"13.3\": 0.01443,\n    \"13.4-13.7\": 0.05591,\n    \"14.0-14.4\": 0.11002,\n    \"14.5-14.8\": 0.16773,\n    \"15.0-15.1\": 0.07755,\n    \"15.2-15.3\": 0.08837,\n    \"15.4\": 0.101,\n    \"15.5\": 0.12805,\n    \"15.6-15.8\": 1.11821,\n    \"16.0\": 0.26152,\n    \"16.1\": 0.54467,\n    \"16.2\": 0.26152,\n    \"16.3\": 0.46171,\n    \"16.4\": 0.09559,\n    \"16.5\": 0.20019,\n    \"16.6-16.7\": 1.58172,\n    \"17.0\": 0.18937,\n    \"17.1\": 0.34989,\n    \"17.2\": 0.46532,\n    \"17.3\": 3.39429,\n    \"17.4\": 7.66151,\n    \"17.5\": 0.07034\n  },\n  P: {\n    \"4\": 0.03139,\n    \"21\": 0.01046,\n    \"22\": 0.02093,\n    \"23\": 0.08371,\n    \"24\": 1.97763,\n    _: \"20 5.0-5.4 6.2-6.4 8.2 9.2 10.1 11.1-11.2 12.0 15.0 17.0\",\n    \"7.2-7.4\": 0.14649,\n    \"13.0\": 0.2302,\n    \"14.0\": 0.35576,\n    \"16.0\": 0.01046,\n    \"18.0\": 0.03139,\n    \"19.0\": 0.19881\n  },\n  I: {\n    \"0\": 0,\n    \"3\": 0,\n    \"4\": 0,\n    \"2.1\": 0,\n    \"2.2\": 0,\n    \"2.3\": 0,\n    \"4.1\": 0,\n    \"4.2-4.3\": 0,\n    \"4.4\": 0,\n    \"4.4.3-4.4.4\": 0\n  },\n  A: {\n    \"11\": 0.03171,\n    _: \"6 7 8 9 10 5.5\"\n  },\n  K: {\n    \"0\": 0.26558,\n    _: \"10 11 12 11.1 11.5 12.1\"\n  },\n  J: {\n    _: \"7 10\"\n  },\n  N: {\n    _: \"10 11\"\n  },\n  S: {\n    _: \"2.5 3.0-3.1\"\n  },\n  Q: {\n    _: \"14.9\"\n  },\n  O: {\n    \"0\": 0.2354\n  },\n  H: {\n    \"0\": 0\n  },\n  L: {\n    \"0\": 39.29933\n  },\n  R: {\n    _: \"0\"\n  },\n  M: {\n    \"0\": 0.21126\n  }\n};","map":{"version":3,"names":["module","exports","C","_","D","F","B","E","G","P","I","A","K","J","N","S","Q","O","H","L","R","M"],"sources":["C:/Users/chest/OneDrive/Documentos/GitHub/HackUPC/frontend/node_modules/caniuse-lite/data/regions/PW.js"],