{"ast":null,"code":"module.exports = {\n  C: {\n    \"47\": 0.00118,\n    \"57\": 0.10847,\n    \"95\": 0.00118,\n    \"115\": 0.41029,\n    \"116\": 0.00118,\n    \"121\": 0.0059,\n    \"122\": 0.00118,\n    \"123\": 0.00943,\n    \"124\": 0.1403,\n    \"125\": 0.08017,\n    \"126\": 0.00236,\n    _: \"2 3 4 5 6 7 8 9 10 11 12 13 14 15 16 17 18 19 20 21 22 23 24 25 26 27 28 29 30 31 32 33 34 35 36 37 38 39 40 41 42 43 44 45 46 48 49 50 51 52 53 54 55 56 58 59 60 61 62 63 64 65 66 67 68 69 70 71 72 73 74 75 76 77 78 79 80 81 82 83 84 85 86 87 88 89 90 91 92 93 94 96 97 98 99 100 101 102 103 104 105 106 107 108 109 110 111 112 113 114 117 118 119 120 127 128 3.5 3.6\"\n  },\n  D: {\n    \"11\": 0.0059,\n    \"38\": 0.00118,\n    \"40\": 0.01061,\n    \"43\": 0.00118,\n    \"49\": 0.00354,\n    \"58\": 0.00118,\n    \"64\": 0.00236,\n    \"68\": 0.00236,\n    \"69\": 0.00354,\n    \"70\": 0.00118,\n    \"74\": 0.00118,\n    \"77\": 0.00236,\n    \"79\": 0.00354,\n    \"80\": 0.00118,\n    \"81\": 0.00118,\n    \"83\": 0.00118,\n    \"84\": 0.00472,\n    \"86\": 0.00118,\n    \"87\": 0.00236,\n    \"88\": 0.01061,\n    \"89\": 0.00236,\n    \"90\": 0.00118,\n    \"92\": 0.00118,\n    \"94\": 0.00354,\n    \"95\": 0.00354,\n    \"97\": 0.00354,\n    \"99\": 0.01533,\n    \"101\": 0.00118,\n    \"102\": 0.00118,\n    \"103\": 0.00354,\n    \"104\": 0.0059,\n    \"105\": 0.00236,\n    \"106\": 0.00118,\n    \"107\": 0.00118,\n    \"108\": 0.00118,\n    \"109\": 0.25349,\n    \"110\": 0.00118,\n    \"111\": 0.00236,\n    \"112\": 0.00236,\n    \"113\": 0.00236,\n    \"114\": 0.00236,\n    \"115\": 0.00118,\n    \"116\": 0.0059,\n    \"117\": 0.00118,\n    \"118\": 0.00236,\n    \"119\": 0.00707,\n    \"120\": 0.01061,\n    \"121\": 0.01886,\n    \"122\": 0.05895,\n    \"123\": 0.83827,\n    \"124\": 0.27117,\n    \"125\": 0.00118,\n    _: \"4 5 6 7 8 9 10 12 13 14 15 16 17 18 19 20 21 22 23 24 25 26 27 28 29 30 31 32 33 34 35 36 37 39 41 42 44 45 46 47 48 50 51 52 53 54 55 56 57 59 60 61 62 63 65 66 67 71 72 73 75 76 78 85 91 93 96 98 100 126 127\"\n  },\n  F: {\n    \"34\": 0.00118,\n    \"40\": 0.00118,\n    \"42\": 0.00118,\n    \"46\": 0.00118,\n    \"74\": 0.00118,\n    \"75\": 0.01886,\n    \"79\": 0.0059,\n    \"81\": 0.00118,\n    \"82\": 0.00118,\n    \"89\": 0.00118,\n    \"90\": 0.00236,\n    \"95\": 0.01297,\n    \"106\": 0.00118,\n    \"107\": 0.00943,\n    \"108\": 0.13087,\n    \"109\": 0.0896,\n    _: \"9 11 12 15 16 17 18 19 20 21 22 23 24 25 26 27 28 29 30 31 32 33 35 36 37 38 39 41 43 44 45 47 48 49 50 51 52 53 54 55 56 57 58 60 62 63 64 65 66 67 68 69 70 71 72 73 76 77 78 80 83 84 85 86 87 88 91 92 93 94 96 97 98 99 100 101 102 103 104 105 9.5-9.6 10.0-10.1 10.5 10.6 11.1 11.5 11.6 12.1\"\n  },\n  B: {\n    \"12\": 0.0059,\n    \"13\": 0.00236,\n    \"14\": 0.00118,\n    \"15\": 0.00118,\n    \"17\": 0.00236,\n    \"18\": 0.00943,\n    \"84\": 0.00236,\n    \"89\": 0.00118,\n    \"90\": 0.00236,\n    \"92\": 0.01179,\n    \"100\": 0.00236,\n    \"109\": 0.00825,\n    \"114\": 0.00236,\n    \"116\": 0.00354,\n    \"117\": 0.00236,\n    \"118\": 0.00118,\n    \"119\": 0.00943,\n    \"120\": 0.00707,\n    \"121\": 0.00472,\n    \"122\": 0.04716,\n    \"123\": 0.28768,\n    \"124\": 0.12851,\n    _: \"16 79 80 81 83 85 86 87 88 91 93 94 95 96 97 98 99 101 102 103 104 105 106 107 108 110 111 112 113 115\"\n  },\n  E: {\n    \"14\": 0.00118,\n    \"15\": 0.00118,\n    _: \"0 4 5 6 7 8 9 10 11 12 13 3.1 3.2 5.1 6.1 7.1 9.1 10.1 12.1 15.2-15.3 16.0 16.1 16.4 17.5\",\n    \"11.1\": 0.00118,\n    \"13.1\": 0.00236,\n    \"14.1\": 0.00118,\n    \"15.1\": 0.00118,\n    \"15.4\": 0.00118,\n    \"15.5\": 0.0059,\n    \"15.6\": 0.01415,\n    \"16.2\": 0.00236,\n    \"16.3\": 0.00472,\n    \"16.5\": 0.00236,\n    \"16.6\": 0.0059,\n    \"17.0\": 0.00118,\n    \"17.1\": 0.00236,\n    \"17.2\": 0.00354,\n    \"17.3\": 0.00472,\n    \"17.4\": 0.01415\n  },\n  G: {\n    \"8\": 0,\n    \"3.2\": 0,\n    \"4.0-4.1\": 0,\n    \"4.2-4.3\": 0.00131,\n    \"5.0-5.1\": 0.00131,\n    \"6.0-6.1\": 0.00328,\n    \"7.0-7.1\": 0.00525,\n    \"8.1-8.4\": 0.00131,\n    \"9.0-9.2\": 0.00328,\n    \"9.3\": 0.01641,\n    \"10.0-10.2\": 0.00328,\n    \"10.3\": 0.02625,\n    \"11.0-11.2\": 0.02231,\n    \"11.3-11.4\": 0.00656,\n    \"12.0-12.1\": 0.00459,\n    \"12.2-12.5\": 0.10697,\n    \"13.0-13.1\": 0.00197,\n    \"13.2\": 0.02166,\n    \"13.3\": 0.00525,\n    \"13.4-13.7\": 0.02034,\n    \"14.0-14.4\": 0.04003,\n    \"14.5-14.8\": 0.06103,\n    \"15.0-15.1\": 0.02822,\n    \"15.2-15.3\": 0.03216,\n    \"15.4\": 0.03675,\n    \"15.5\": 0.0466,\n    \"15.6-15.8\": 0.4069,\n    \"16.0\": 0.09516,\n    \"16.1\": 0.1982,\n    \"16.2\": 0.09516,\n    \"16.3\": 0.16801,\n    \"16.4\": 0.03478,\n    \"16.5\": 0.07285,\n    \"16.6-16.7\": 0.57556,\n    \"17.0\": 0.06891,\n    \"17.1\": 0.12732,\n    \"17.2\": 0.16932,\n    \"17.3\": 1.23512,\n    \"17.4\": 2.78789,\n    \"17.5\": 0.0256\n  },\n  P: {\n    \"4\": 0.05963,\n    \"20\": 0.02982,\n    \"21\": 0.01988,\n    \"22\": 0.07951,\n    \"23\": 0.08945,\n    \"24\": 0.20872,\n    \"5.0-5.4\": 0.00994,\n    \"6.2-6.4\": 0.00994,\n    \"7.2-7.4\": 0.02982,\n    _: \"8.2 10.1 12.0 17.0\",\n    \"9.2\": 0.02982,\n    \"11.1-11.2\": 0.02982,\n    \"13.0\": 0.01988,\n    \"14.0\": 0.00994,\n    \"15.0\": 0.01988,\n    \"16.0\": 0.01988,\n    \"18.0\": 0.00994,\n    \"19.0\": 0.01988\n  },\n  I: {\n    \"0\": 0.01757,\n    \"3\": 0,\n    \"4\": 0,\n    \"2.1\": 0,\n    \"2.2\": 0,\n    \"2.3\": 0,\n    \"4.1\": 0,\n    \"4.2-4.3\": 0.00001,\n    \"4.4\": 0,\n    \"4.4.3-4.4.4\": 0.00004\n  },\n  A: {\n    \"11\": 0.00825,\n    _: \"6 7 8 9 10 5.5\"\n  },\n  K: {\n    \"0\": 9.82802,\n    _: \"10 11 12 11.1 11.5 12.1\"\n  },\n  J: {\n    _: \"7 10\"\n  },\n  N: {\n    _: \"10 11\"\n  },\n  S: {\n    \"2.5\": 0.02646,\n    _: \"3.0-3.1\"\n  },\n  Q: {\n    \"14.9\": 0.00882\n  },\n  O: {\n    \"0\": 0.10585\n  },\n  H: {\n    \"0\": 7.32\n  },\n  L: {\n    \"0\": 71.838\n  },\n  R: {\n    _: \"0\"\n  },\n  M: {\n    \"0\": 0.02646\n  }\n};","map":{"version":3,"names":["module","exports","C","_","D","F","B","E","G","P","I","A","K","J","N","S","Q","O","H","L","R","M"],"sources":["C:/Users/chest/OneDrive/Documentos/GitHub/HackUPC/frontend/node_modules/caniuse-lite/data/regions/CD.js"],