{"ast":null,"code":"module.exports = {\n  C: {\n    \"2\": 0.00401,\n    \"3\": 0.00401,\n    \"4\": 0.00803,\n    \"5\": 0.00401,\n    \"12\": 0.00401,\n    \"15\": 0.00401,\n    \"21\": 0.00401,\n    \"23\": 0.00401,\n    \"24\": 0.00401,\n    \"26\": 0.00401,\n    \"30\": 0.00401,\n    \"31\": 0.00401,\n    \"34\": 0.00401,\n    \"36\": 0.00401,\n    \"37\": 0.00401,\n    \"38\": 0.00401,\n    \"39\": 0.00401,\n    \"40\": 0.00803,\n    \"41\": 0.00401,\n    \"42\": 0.00401,\n    \"52\": 0.03211,\n    \"78\": 0.00803,\n    \"103\": 0.00401,\n    \"114\": 0.02007,\n    \"115\": 0.13648,\n    \"117\": 0.00401,\n    \"118\": 0.00401,\n    \"119\": 0.03211,\n    \"120\": 0.00401,\n    \"122\": 0.00803,\n    \"123\": 0.03211,\n    \"124\": 1.64574,\n    \"125\": 0.95132,\n    _: \"6 7 8 9 10 11 13 14 16 17 18 19 20 22 25 27 28 29 32 33 35 43 44 45 46 47 48 49 50 51 53 54 55 56 57 58 59 60 61 62 63 64 65 66 67 68 69 70 71 72 73 74 75 76 77 79 80 81 82 83 84 85 86 87 88 89 90 91 92 93 94 95 96 97 98 99 100 101 102 104 105 106 107 108 109 110 111 112 113 116 121 126 127 128\",\n    \"3.5\": 0.00401,\n    \"3.6\": 0.01204\n  },\n  D: {\n    \"11\": 0.00401,\n    \"12\": 0.00401,\n    \"18\": 0.00401,\n    \"21\": 0.00803,\n    \"22\": 0.00401,\n    \"26\": 0.00401,\n    \"28\": 0.00401,\n    \"30\": 0.00401,\n    \"31\": 0.00401,\n    \"32\": 0.00401,\n    \"33\": 0.00401,\n    \"36\": 0.00401,\n    \"37\": 0.00803,\n    \"38\": 0.01204,\n    \"39\": 0.00803,\n    \"40\": 0.01204,\n    \"41\": 0.01606,\n    \"42\": 0.01204,\n    \"43\": 0.01204,\n    \"44\": 0.02408,\n    \"45\": 0.02007,\n    \"46\": 0.01606,\n    \"47\": 0.01606,\n    \"49\": 0.00401,\n    \"51\": 0.03613,\n    \"70\": 0.00401,\n    \"72\": 0.00401,\n    \"76\": 0.00401,\n    \"77\": 0.00401,\n    \"79\": 0.01204,\n    \"81\": 0.00401,\n    \"84\": 0.00401,\n    \"87\": 0.01204,\n    \"90\": 0.00401,\n    \"91\": 0.00803,\n    \"94\": 0.00401,\n    \"100\": 0.00803,\n    \"101\": 0.01204,\n    \"102\": 0.00803,\n    \"103\": 0.08028,\n    \"104\": 0.00401,\n    \"105\": 0.01606,\n    \"106\": 0.03211,\n    \"108\": 0.00803,\n    \"109\": 0.91921,\n    \"110\": 0.00401,\n    \"111\": 0.00401,\n    \"112\": 0.00401,\n    \"113\": 0.01204,\n    \"114\": 0.06021,\n    \"115\": 0.01204,\n    \"116\": 0.59407,\n    \"117\": 0.00803,\n    \"118\": 0.02007,\n    \"119\": 0.0562,\n    \"120\": 0.04415,\n    \"121\": 0.05218,\n    \"122\": 0.61816,\n    \"123\": 9.99085,\n    \"124\": 4.52378,\n    \"125\": 0.00401,\n    _: \"4 5 6 7 8 9 10 13 14 15 16 17 19 20 23 24 25 27 29 34 35 48 50 52 53 54 55 56 57 58 59 60 61 62 63 64 65 66 67 68 69 71 73 74 75 78 80 83 85 86 88 89 92 93 95 96 97 98 99 107 126 127\"\n  },\n  F: {\n    \"30\": 0.00401,\n    \"31\": 0.01204,\n    \"40\": 0.00401,\n    \"85\": 0.06422,\n    \"95\": 0.00803,\n    \"106\": 0.00803,\n    \"107\": 0.62618,\n    \"108\": 0.32513,\n    \"109\": 0.16056,\n    _: \"9 11 12 15 16 17 18 19 20 21 22 23 24 25 26 27 28 29 32 33 34 35 36 37 38 39 41 42 43 44 45 46 47 48 49 50 51 52 53 54 55 56 57 58 60 62 63 64 65 66 67 68 69 70 71 72 73 74 75 76 77 78 79 80 81 82 83 84 86 87 88 89 90 91 92 93 94 96 97 98 99 100 101 102 103 104 105 10.0-10.1 10.5 10.6 11.5 11.6\",\n    \"9.5-9.6\": 0.00401,\n    \"11.1\": 0.00401,\n    \"12.1\": 0.00803\n  },\n  B: {\n    \"12\": 0.00401,\n    \"13\": 0.00401,\n    \"18\": 0.00401,\n    \"87\": 0.00401,\n    \"108\": 0.02007,\n    \"109\": 0.00803,\n    \"115\": 0.00401,\n    \"118\": 0.13246,\n    \"119\": 0.00401,\n    \"120\": 0.00803,\n    \"121\": 0.00803,\n    \"122\": 0.05218,\n    \"123\": 1.13596,\n    \"124\": 0.95935,\n    _: \"14 15 16 17 79 80 81 83 84 85 86 88 89 90 91 92 93 94 95 96 97 98 99 100 101 102 103 104 105 106 107 110 111 112 113 114 116 117\"\n  },\n  E: {\n    \"4\": 0.00401,\n    \"7\": 0.00401,\n    \"8\": 0.00803,\n    \"9\": 0.04014,\n    \"13\": 0.00401,\n    \"14\": 0.04014,\n    \"15\": 0.01204,\n    _: \"0 5 6 10 11 12 3.1 3.2 5.1 6.1 7.1 9.1 10.1 11.1\",\n    \"12.1\": 0.00401,\n    \"13.1\": 0.08831,\n    \"14.1\": 0.11239,\n    \"15.1\": 0.08831,\n    \"15.2-15.3\": 0.10838,\n    \"15.4\": 0.04415,\n    \"15.5\": 0.08028,\n    \"15.6\": 0.87907,\n    \"16.0\": 0.25288,\n    \"16.1\": 0.25288,\n    \"16.2\": 0.21676,\n    \"16.3\": 0.59407,\n    \"16.4\": 0.13648,\n    \"16.5\": 0.43351,\n    \"16.6\": 1.61764,\n    \"17.0\": 0.16859,\n    \"17.1\": 0.44957,\n    \"17.2\": 0.53788,\n    \"17.3\": 1.85447,\n    \"17.4\": 6.71141,\n    \"17.5\": 0.10035\n  },\n  G: {\n    \"8\": 0,\n    \"3.2\": 0,\n    \"4.0-4.1\": 0,\n    \"4.2-4.3\": 0.00766,\n    \"5.0-5.1\": 0.00766,\n    \"6.0-6.1\": 0.01915,\n    \"7.0-7.1\": 0.03063,\n    \"8.1-8.4\": 0.00766,\n    \"9.0-9.2\": 0.01915,\n    \"9.3\": 0.09573,\n    \"10.0-10.2\": 0.01915,\n    \"10.3\": 0.15317,\n    \"11.0-11.2\": 0.1302,\n    \"11.3-11.4\": 0.03829,\n    \"12.0-12.1\": 0.0268,\n    \"12.2-12.5\": 0.62417,\n    \"13.0-13.1\": 0.01149,\n    \"13.2\": 0.12637,\n    \"13.3\": 0.03063,\n    \"13.4-13.7\": 0.11871,\n    \"14.0-14.4\": 0.23359,\n    \"14.5-14.8\": 0.35612,\n    \"15.0-15.1\": 0.16466,\n    \"15.2-15.3\": 0.18763,\n    \"15.4\": 0.21444,\n    \"15.5\": 0.27188,\n    \"15.6-15.8\": 2.37416,\n    \"16.0\": 0.55525,\n    \"16.1\": 1.15644,\n    \"16.2\": 0.55525,\n    \"16.3\": 0.9803,\n    \"16.4\": 0.20295,\n    \"16.5\": 0.42505,\n    \"16.6-16.7\": 3.35828,\n    \"17.0\": 0.40207,\n    \"17.1\": 0.74288,\n    \"17.2\": 0.98796,\n    \"17.3\": 7.20671,\n    \"17.4\": 16.2668,\n    \"17.5\": 0.14934\n  },\n  P: {\n    \"4\": 0.0427,\n    \"21\": 0.0427,\n    \"22\": 0.01068,\n    \"23\": 0.0427,\n    \"24\": 1.24911,\n    _: \"20 5.0-5.4 7.2-7.4 8.2 9.2 10.1 11.1-11.2 12.0 13.0 14.0 15.0 16.0 17.0 18.0\",\n    \"6.2-6.4\": 0.02135,\n    \"19.0\": 0.02135\n  },\n  I: {\n    \"0\": 0.24446,\n    \"3\": 0,\n    \"4\": 0.00002,\n    \"2.1\": 0,\n    \"2.2\": 0,\n    \"2.3\": 0,\n    \"4.1\": 0.00005,\n    \"4.2-4.3\": 0.00015,\n    \"4.4\": 0,\n    \"4.4.3-4.4.4\": 0.00061\n  },\n  A: {\n    \"6\": 0.00816,\n    \"7\": 0.01632,\n    \"8\": 0.16317,\n    \"9\": 0.03671,\n    \"10\": 0.04079,\n    \"11\": 0.22028,\n    _: \"5.5\"\n  },\n  K: {\n    \"0\": 0.19158,\n    _: \"10 11 12 11.1 11.5 12.1\"\n  },\n  J: {\n    _: \"7 10\"\n  },\n  N: {\n    _: \"10 11\"\n  },\n  S: {\n    \"2.5\": 0.01197,\n    _: \"3.0-3.1\"\n  },\n  Q: {\n    _: \"14.9\"\n  },\n  O: {\n    \"0\": 0.0479\n  },\n  H: {\n    \"0\": 0\n  },\n  L: {\n    \"0\": 19.09261\n  },\n  R: {\n    _: \"0\"\n  },\n  M: {\n    \"0\": 0.46699\n  }\n};","map":{"version":3,"names":["module","exports","C","_","D","F","B","E","G","P","I","A","K","J","N","S","Q","O","H","L","R","M"],"sources":["C:/Users/chest/OneDrive/Documentos/GitHub/HackUPC/frontend/node_modules/caniuse-lite/data/regions/AD.js"],