{"ast":null,"code":"module.exports = {\n  C: {\n    \"52\": 0.02863,\n    \"68\": 0.01227,\n    \"78\": 0.00409,\n    \"102\": 0.00409,\n    \"103\": 0.08998,\n    \"115\": 0.22086,\n    \"120\": 0.00818,\n    \"121\": 0.0409,\n    \"122\": 0.00409,\n    \"123\": 0.01636,\n    \"124\": 0.79755,\n    \"125\": 0.29448,\n    \"126\": 0.00409,\n    _: \"2 3 4 5 6 7 8 9 10 11 12 13 14 15 16 17 18 19 20 21 22 23 24 25 26 27 28 29 30 31 32 33 34 35 36 37 38 39 40 41 42 43 44 45 46 47 48 49 50 51 53 54 55 56 57 58 59 60 61 62 63 64 65 66 67 69 70 71 72 73 74 75 76 77 79 80 81 82 83 84 85 86 87 88 89 90 91 92 93 94 95 96 97 98 99 100 101 104 105 106 107 108 109 110 111 112 113 114 116 117 118 119 127 128 3.5 3.6\"\n  },\n  D: {\n    \"36\": 0.00818,\n    \"63\": 0.00409,\n    \"76\": 0.00409,\n    \"79\": 0.0409,\n    \"81\": 0.00409,\n    \"85\": 0.00818,\n    \"87\": 0.02454,\n    \"91\": 0.01636,\n    \"92\": 0.01227,\n    \"93\": 0.00818,\n    \"94\": 0.00818,\n    \"95\": 0.01227,\n    \"97\": 0.00409,\n    \"99\": 0.00818,\n    \"100\": 0.03272,\n    \"102\": 0.00409,\n    \"103\": 0.07362,\n    \"104\": 0.03681,\n    \"105\": 0.00409,\n    \"106\": 0.00409,\n    \"108\": 0.01227,\n    \"109\": 1.68917,\n    \"110\": 0.01227,\n    \"114\": 0.01227,\n    \"115\": 0.02454,\n    \"116\": 0.06953,\n    \"117\": 0.00409,\n    \"118\": 0.01227,\n    \"119\": 0.02454,\n    \"120\": 0.09407,\n    \"121\": 0.76892,\n    \"122\": 1.09612,\n    \"123\": 15.84057,\n    \"124\": 6.59308,\n    \"125\": 0.04908,\n    _: \"4 5 6 7 8 9 10 11 12 13 14 15 16 17 18 19 20 21 22 23 24 25 26 27 28 29 30 31 32 33 34 35 37 38 39 40 41 42 43 44 45 46 47 48 49 50 51 52 53 54 55 56 57 58 59 60 61 62 64 65 66 67 68 69 70 71 72 73 74 75 77 78 80 83 84 86 88 89 90 96 98 101 107 111 112 113 126 127\"\n  },\n  F: {\n    \"107\": 0.28221,\n    \"108\": 0.29448,\n    \"109\": 0.11043,\n    _: \"9 11 12 15 16 17 18 19 20 21 22 23 24 25 26 27 28 29 30 31 32 33 34 35 36 37 38 39 40 41 42 43 44 45 46 47 48 49 50 51 52 53 54 55 56 57 58 60 62 63 64 65 66 67 68 69 70 71 72 73 74 75 76 77 78 79 80 81 82 83 84 85 86 87 88 89 90 91 92 93 94 95 96 97 98 99 100 101 102 103 104 105 106 9.5-9.6 10.0-10.1 10.5 10.6 11.1 11.5 11.6\",\n    \"12.1\": 0.00818\n  },\n  B: {\n    \"90\": 0.02454,\n    \"92\": 0.00409,\n    \"100\": 0.00818,\n    \"108\": 0.00818,\n    \"109\": 0.05726,\n    \"112\": 0.0409,\n    \"114\": 0.00818,\n    \"119\": 0.00409,\n    \"120\": 0.01227,\n    \"121\": 0.04908,\n    \"122\": 0.27403,\n    \"123\": 3.28018,\n    \"124\": 1.38651,\n    _: \"12 13 14 15 16 17 18 79 80 81 83 84 85 86 87 88 89 91 93 94 95 96 97 98 99 101 102 103 104 105 106 107 110 111 113 115 116 117 118\"\n  },\n  E: {\n    \"14\": 0.00409,\n    _: \"0 4 5 6 7 8 9 10 11 12 13 15 3.1 3.2 5.1 6.1 7.1 9.1 10.1 11.1 17.5\",\n    \"12.1\": 0.01227,\n    \"13.1\": 0.03272,\n    \"14.1\": 0.07771,\n    \"15.1\": 0.00409,\n    \"15.2-15.3\": 0.00409,\n    \"15.4\": 0.02045,\n    \"15.5\": 0.00818,\n    \"15.6\": 0.37628,\n    \"16.0\": 0.0818,\n    \"16.1\": 0.11861,\n    \"16.2\": 0.01227,\n    \"16.3\": 0.10225,\n    \"16.4\": 0.02045,\n    \"16.5\": 0.05726,\n    \"16.6\": 0.27812,\n    \"17.0\": 0.30266,\n    \"17.1\": 0.8589,\n    \"17.2\": 0.18814,\n    \"17.3\": 0.34356,\n    \"17.4\": 1.01023\n  },\n  G: {\n    \"8\": 0,\n    \"3.2\": 0,\n    \"4.0-4.1\": 0,\n    \"4.2-4.3\": 0.00379,\n    \"5.0-5.1\": 0.00379,\n    \"6.0-6.1\": 0.00947,\n    \"7.0-7.1\": 0.01515,\n    \"8.1-8.4\": 0.00379,\n    \"9.0-9.2\": 0.00947,\n    \"9.3\": 0.04735,\n    \"10.0-10.2\": 0.00947,\n    \"10.3\": 0.07577,\n    \"11.0-11.2\": 0.0644,\n    \"11.3-11.4\": 0.01894,\n    \"12.0-12.1\": 0.01326,\n    \"12.2-12.5\": 0.30875,\n    \"13.0-13.1\": 0.00568,\n    \"13.2\": 0.06251,\n    \"13.3\": 0.01515,\n    \"13.4-13.7\": 0.05872,\n    \"14.0-14.4\": 0.11554,\n    \"14.5-14.8\": 0.17616,\n    \"15.0-15.1\": 0.08145,\n    \"15.2-15.3\": 0.09281,\n    \"15.4\": 0.10607,\n    \"15.5\": 0.13449,\n    \"15.6-15.8\": 1.17438,\n    \"16.0\": 0.27465,\n    \"16.1\": 0.57203,\n    \"16.2\": 0.27465,\n    \"16.3\": 0.4849,\n    \"16.4\": 0.10039,\n    \"16.5\": 0.21025,\n    \"16.6-16.7\": 1.66117,\n    \"17.0\": 0.19889,\n    \"17.1\": 0.36747,\n    \"17.2\": 0.48869,\n    \"17.3\": 3.5648,\n    \"17.4\": 8.04637,\n    \"17.5\": 0.07387\n  },\n  P: {\n    \"4\": 0.03314,\n    \"20\": 0.01105,\n    \"21\": 0.09941,\n    \"22\": 0.02209,\n    \"23\": 0.1215,\n    \"24\": 2.63996,\n    _: \"5.0-5.4 6.2-6.4 8.2 9.2 10.1 11.1-11.2 12.0 13.0 14.0 15.0 16.0 17.0\",\n    \"7.2-7.4\": 0.34242,\n    \"18.0\": 0.01105,\n    \"19.0\": 0.03314\n  },\n  I: {\n    \"0\": 0.0412,\n    \"3\": 0,\n    \"4\": 0,\n    \"2.1\": 0,\n    \"2.2\": 0,\n    \"2.3\": 0,\n    \"4.1\": 0.00001,\n    \"4.2-4.3\": 0.00002,\n    \"4.4\": 0,\n    \"4.4.3-4.4.4\": 0.0001\n  },\n  A: {\n    \"11\": 0.06953,\n    _: \"6 7 8 9 10 5.5\"\n  },\n  K: {\n    \"0\": 0.27777,\n    _: \"10 11 12 11.1 11.5 12.1\"\n  },\n  J: {\n    _: \"7 10\"\n  },\n  N: {\n    _: \"10 11\"\n  },\n  S: {\n    _: \"2.5 3.0-3.1\"\n  },\n  Q: {\n    _: \"14.9\"\n  },\n  O: {\n    \"0\": 0.15957\n  },\n  H: {\n    \"0\": 0\n  },\n  L: {\n    \"0\": 38.50668\n  },\n  R: {\n    _: \"0\"\n  },\n  M: {\n    \"0\": 0.43143\n  }\n};","map":{"version":3,"names":["module","exports","C","_","D","F","B","E","G","P","I","A","K","J","N","S","Q","O","H","L","R","M"],"sources":["C:/Users/chest/OneDrive/Documentos/GitHub/HackUPC/frontend/node_modules/caniuse-lite/data/regions/GD.js"],