{"ast":null,"code":"module.exports = {\n  C: {\n    \"47\": 0.00158,\n    \"58\": 0.01266,\n    \"60\": 0.00316,\n    \"61\": 0.00158,\n    \"63\": 0.00316,\n    \"66\": 0.00158,\n    \"72\": 0.00475,\n    \"78\": 0.00158,\n    \"79\": 0.00158,\n    \"85\": 0.00316,\n    \"88\": 0.00158,\n    \"112\": 0.00316,\n    \"114\": 0.00475,\n    \"115\": 0.34646,\n    \"117\": 0.00158,\n    \"118\": 0.00316,\n    \"119\": 0.00158,\n    \"121\": 0.00316,\n    \"122\": 0.02848,\n    \"123\": 0.01898,\n    \"124\": 0.39708,\n    \"125\": 0.31482,\n    _: \"2 3 4 5 6 7 8 9 10 11 12 13 14 15 16 17 18 19 20 21 22 23 24 25 26 27 28 29 30 31 32 33 34 35 36 37 38 39 40 41 42 43 44 45 46 48 49 50 51 52 53 54 55 56 57 59 62 64 65 67 68 69 70 71 73 74 75 76 77 80 81 82 83 84 86 87 89 90 91 92 93 94 95 96 97 98 99 100 101 102 103 104 105 106 107 108 109 110 111 113 116 120 126 127 128 3.5 3.6\"\n  },\n  D: {\n    \"11\": 0.00949,\n    \"26\": 0.00158,\n    \"29\": 0.00158,\n    \"31\": 0.00316,\n    \"45\": 0.00158,\n    \"46\": 0.01266,\n    \"47\": 0.00316,\n    \"57\": 0.00949,\n    \"59\": 0.00475,\n    \"60\": 0.00158,\n    \"62\": 0.00158,\n    \"64\": 0.00158,\n    \"65\": 0.00158,\n    \"67\": 0.00475,\n    \"68\": 0.00158,\n    \"70\": 0.00158,\n    \"71\": 0.00158,\n    \"75\": 0.00158,\n    \"76\": 0.01898,\n    \"77\": 0.00158,\n    \"79\": 0.00316,\n    \"80\": 0.00158,\n    \"81\": 0.04746,\n    \"83\": 0.00158,\n    \"84\": 0.00158,\n    \"85\": 0.00475,\n    \"86\": 0.00158,\n    \"87\": 0.00316,\n    \"88\": 0.00949,\n    \"89\": 0.00158,\n    \"90\": 0.00949,\n    \"91\": 0.01582,\n    \"92\": 0.10283,\n    \"93\": 0.08701,\n    \"94\": 0.02689,\n    \"95\": 0.00158,\n    \"97\": 0.00633,\n    \"99\": 0.02848,\n    \"100\": 0.00791,\n    \"102\": 0.02057,\n    \"103\": 0.04904,\n    \"104\": 0.00475,\n    \"105\": 0.02531,\n    \"106\": 0.00158,\n    \"107\": 0.00316,\n    \"108\": 0.00475,\n    \"109\": 0.21199,\n    \"110\": 0.01582,\n    \"111\": 0.01107,\n    \"112\": 0.00633,\n    \"113\": 0.00633,\n    \"114\": 0.01266,\n    \"115\": 0.00949,\n    \"116\": 0.02057,\n    \"117\": 0.02057,\n    \"118\": 0.0348,\n    \"119\": 0.02057,\n    \"120\": 0.10125,\n    \"121\": 0.0617,\n    \"122\": 0.42239,\n    \"123\": 4.12111,\n    \"124\": 1.33204,\n    \"125\": 0.00949,\n    \"126\": 0.00158,\n    _: \"4 5 6 7 8 9 10 12 13 14 15 16 17 18 19 20 21 22 23 24 25 27 28 30 32 33 34 35 36 37 38 39 40 41 42 43 44 48 49 50 51 52 53 54 55 56 58 61 63 66 69 72 73 74 78 96 98 101 127\"\n  },\n  F: {\n    \"34\": 0.00316,\n    \"42\": 0.00158,\n    \"54\": 0.00158,\n    \"73\": 0.00158,\n    \"79\": 0.00158,\n    \"86\": 0.00316,\n    \"95\": 0.01582,\n    \"99\": 0.00475,\n    \"105\": 0.00633,\n    \"106\": 0.00791,\n    \"107\": 0.03164,\n    \"108\": 0.21515,\n    \"109\": 0.06328,\n    _: \"9 11 12 15 16 17 18 19 20 21 22 23 24 25 26 27 28 29 30 31 32 33 35 36 37 38 39 40 41 43 44 45 46 47 48 49 50 51 52 53 55 56 57 58 60 62 63 64 65 66 67 68 69 70 71 72 74 75 76 77 78 80 81 82 83 84 85 87 88 89 90 91 92 93 94 96 97 98 100 101 102 103 104 9.5-9.6 10.0-10.1 10.5 10.6 11.1 11.5 11.6 12.1\"\n  },\n  B: {\n    \"12\": 0.07119,\n    \"13\": 0.0174,\n    \"14\": 0.00791,\n    \"15\": 0.00791,\n    \"16\": 0.00633,\n    \"17\": 0.00316,\n    \"18\": 0.10599,\n    \"84\": 0.00475,\n    \"85\": 0.00316,\n    \"89\": 0.01107,\n    \"90\": 0.00949,\n    \"92\": 0.0443,\n    \"97\": 0.00633,\n    \"100\": 0.01107,\n    \"107\": 0.00475,\n    \"108\": 0.00475,\n    \"109\": 0.01898,\n    \"110\": 0.00633,\n    \"111\": 0.00158,\n    \"112\": 0.00791,\n    \"113\": 0.00633,\n    \"114\": 0.00791,\n    \"115\": 0.00158,\n    \"116\": 0.00791,\n    \"117\": 0.00316,\n    \"118\": 0.00475,\n    \"119\": 0.02531,\n    \"120\": 0.07752,\n    \"121\": 0.02531,\n    \"122\": 0.21673,\n    \"123\": 1.16277,\n    \"124\": 0.41607,\n    _: \"79 80 81 83 86 87 88 91 93 94 95 96 98 99 101 102 103 104 105 106\"\n  },\n  E: {\n    \"14\": 0.00475,\n    _: \"0 4 5 6 7 8 9 10 11 12 13 15 3.1 3.2 5.1 6.1 7.1 9.1 10.1 15.2-15.3 15.5 16.2 17.5\",\n    \"11.1\": 0.00316,\n    \"12.1\": 0.00633,\n    \"13.1\": 0.03955,\n    \"14.1\": 0.00475,\n    \"15.1\": 0.00475,\n    \"15.4\": 0.00158,\n    \"15.6\": 0.06486,\n    \"16.0\": 0.01898,\n    \"16.1\": 0.00949,\n    \"16.3\": 0.01107,\n    \"16.4\": 0.00158,\n    \"16.5\": 0.00316,\n    \"16.6\": 0.0348,\n    \"17.0\": 0.00316,\n    \"17.1\": 0.00633,\n    \"17.2\": 0.0174,\n    \"17.3\": 0.0174,\n    \"17.4\": 0.05062\n  },\n  G: {\n    \"8\": 0,\n    \"3.2\": 0,\n    \"4.0-4.1\": 0,\n    \"4.2-4.3\": 0.00131,\n    \"5.0-5.1\": 0.00131,\n    \"6.0-6.1\": 0.00327,\n    \"7.0-7.1\": 0.00523,\n    \"8.1-8.4\": 0.00131,\n    \"9.0-9.2\": 0.00327,\n    \"9.3\": 0.01635,\n    \"10.0-10.2\": 0.00327,\n    \"10.3\": 0.02616,\n    \"11.0-11.2\": 0.02224,\n    \"11.3-11.4\": 0.00654,\n    \"12.0-12.1\": 0.00458,\n    \"12.2-12.5\": 0.10661,\n    \"13.0-13.1\": 0.00196,\n    \"13.2\": 0.02158,\n    \"13.3\": 0.00523,\n    \"13.4-13.7\": 0.02028,\n    \"14.0-14.4\": 0.0399,\n    \"14.5-14.8\": 0.06083,\n    \"15.0-15.1\": 0.02813,\n    \"15.2-15.3\": 0.03205,\n    \"15.4\": 0.03663,\n    \"15.5\": 0.04644,\n    \"15.6-15.8\": 0.40553,\n    \"16.0\": 0.09484,\n    \"16.1\": 0.19753,\n    \"16.2\": 0.09484,\n    \"16.3\": 0.16744,\n    \"16.4\": 0.03467,\n    \"16.5\": 0.0726,\n    \"16.6-16.7\": 0.57363,\n    \"17.0\": 0.06868,\n    \"17.1\": 0.12689,\n    \"17.2\": 0.16875,\n    \"17.3\": 1.23098,\n    \"17.4\": 2.77853,\n    \"17.5\": 0.02551\n  },\n  P: {\n    \"4\": 0.05189,\n    \"20\": 0.0934,\n    \"21\": 0.08302,\n    \"22\": 0.03113,\n    \"23\": 0.19717,\n    \"24\": 0.44623,\n    _: \"5.0-5.4 6.2-6.4 8.2 10.1 12.0 13.0\",\n    \"7.2-7.4\": 0.04151,\n    \"9.2\": 0.07264,\n    \"11.1-11.2\": 0.03113,\n    \"14.0\": 0.01038,\n    \"15.0\": 0.03113,\n    \"16.0\": 0.01038,\n    \"17.0\": 0.03113,\n    \"18.0\": 0.01038,\n    \"19.0\": 0.04151\n  },\n  I: {\n    \"0\": 0.05868,\n    \"3\": 0,\n    \"4\": 0.00001,\n    \"2.1\": 0,\n    \"2.2\": 0,\n    \"2.3\": 0,\n    \"4.1\": 0.00001,\n    \"4.2-4.3\": 0.00004,\n    \"4.4\": 0,\n    \"4.4.3-4.4.4\": 0.00015\n  },\n  A: {\n    \"9\": 0.00387,\n    \"11\": 0.06574,\n    _: \"6 7 8 10 5.5\"\n  },\n  K: {\n    \"0\": 3.60537,\n    _: \"10 11 12 11.1 11.5 12.1\"\n  },\n  J: {\n    _: \"7 10\"\n  },\n  N: {\n    _: \"10 11\"\n  },\n  S: {\n    \"2.5\": 0.07576,\n    _: \"3.0-3.1\"\n  },\n  Q: {\n    \"14.9\": 0.00842\n  },\n  O: {\n    \"0\": 0.63135\n  },\n  H: {\n    \"0\": 7.7\n  },\n  L: {\n    \"0\": 68.60511\n  },\n  R: {\n    _: \"0\"\n  },\n  M: {\n    \"0\": 0.03367\n  }\n};","map":{"version":3,"names":["module","exports","C","_","D","F","B","E","G","P","I","A","K","J","N","S","Q","O","H","L","R","M"],"sources":["C:/Users/chest/OneDrive/Documentos/GitHub/HackUPC/frontend/node_modules/caniuse-lite/data/regions/LR.js"],