{"ast":null,"code":"module.exports = {\n  C: {\n    \"103\": 0.00509,\n    \"104\": 0.00254,\n    \"115\": 0.02544,\n    \"120\": 0.00509,\n    \"122\": 0.00509,\n    \"123\": 0.01526,\n    \"124\": 0.57749,\n    \"125\": 0.28747,\n    \"126\": 0.00509,\n    _: \"2 3 4 5 6 7 8 9 10 11 12 13 14 15 16 17 18 19 20 21 22 23 24 25 26 27 28 29 30 31 32 33 34 35 36 37 38 39 40 41 42 43 44 45 46 47 48 49 50 51 52 53 54 55 56 57 58 59 60 61 62 63 64 65 66 67 68 69 70 71 72 73 74 75 76 77 78 79 80 81 82 83 84 85 86 87 88 89 90 91 92 93 94 95 96 97 98 99 100 101 102 105 106 107 108 109 110 111 112 113 114 116 117 118 119 121 127 128 3.5 3.6\"\n  },\n  D: {\n    \"60\": 0.00254,\n    \"70\": 0.01526,\n    \"71\": 0.00509,\n    \"77\": 0.00254,\n    \"79\": 0.00509,\n    \"83\": 0.03562,\n    \"86\": 0.00254,\n    \"87\": 0.00254,\n    \"88\": 0.02035,\n    \"89\": 0.00254,\n    \"90\": 0.00509,\n    \"91\": 0.00509,\n    \"93\": 0.00509,\n    \"95\": 0.00254,\n    \"96\": 0.01526,\n    \"97\": 0.00254,\n    \"99\": 0.00254,\n    \"100\": 0.00254,\n    \"101\": 0.00509,\n    \"103\": 0.01272,\n    \"104\": 0.00254,\n    \"105\": 0.00254,\n    \"106\": 0.00254,\n    \"107\": 0.00254,\n    \"108\": 0.00254,\n    \"109\": 0.4045,\n    \"110\": 0.00509,\n    \"111\": 0.00509,\n    \"112\": 0.01018,\n    \"113\": 0.01272,\n    \"114\": 0.01272,\n    \"115\": 0.00254,\n    \"116\": 0.1043,\n    \"117\": 0.02035,\n    \"118\": 0.01018,\n    \"119\": 0.06614,\n    \"120\": 0.07123,\n    \"121\": 0.15518,\n    \"122\": 0.9947,\n    \"123\": 11.92627,\n    \"124\": 4.84632,\n    \"125\": 0.01272,\n    _: \"4 5 6 7 8 9 10 11 12 13 14 15 16 17 18 19 20 21 22 23 24 25 26 27 28 29 30 31 32 33 34 35 36 37 38 39 40 41 42 43 44 45 46 47 48 49 50 51 52 53 54 55 56 57 58 59 61 62 63 64 65 66 67 68 69 72 73 74 75 76 78 80 81 84 85 92 94 98 102 126 127\"\n  },\n  F: {\n    \"95\": 0.00254,\n    \"107\": 0.40958,\n    \"108\": 0.11194,\n    \"109\": 0.05851,\n    _: \"9 11 12 15 16 17 18 19 20 21 22 23 24 25 26 27 28 29 30 31 32 33 34 35 36 37 38 39 40 41 42 43 44 45 46 47 48 49 50 51 52 53 54 55 56 57 58 60 62 63 64 65 66 67 68 69 70 71 72 73 74 75 76 77 78 79 80 81 82 83 84 85 86 87 88 89 90 91 92 93 94 96 97 98 99 100 101 102 103 104 105 106 9.5-9.6 10.0-10.1 10.5 10.6 11.1 11.5 11.6 12.1\"\n  },\n  B: {\n    \"16\": 0.00509,\n    \"18\": 0.00254,\n    \"87\": 0.00254,\n    \"92\": 0.01018,\n    \"109\": 0.00254,\n    \"112\": 0.00509,\n    \"113\": 0.00763,\n    \"114\": 0.00254,\n    \"115\": 0.02798,\n    \"116\": 0.02798,\n    \"118\": 0.00254,\n    \"119\": 0.01018,\n    \"120\": 0.0229,\n    \"121\": 0.02035,\n    \"122\": 0.10939,\n    \"123\": 1.2949,\n    \"124\": 0.67416,\n    _: \"12 13 14 15 17 79 80 81 83 84 85 86 88 89 90 91 93 94 95 96 97 98 99 100 101 102 103 104 105 106 107 108 110 111 117\"\n  },\n  E: {\n    \"14\": 0.01272,\n    \"15\": 0.03053,\n    _: \"0 4 5 6 7 8 9 10 11 12 13 3.1 3.2 5.1 6.1 7.1 9.1 10.1 11.1\",\n    \"12.1\": 0.00254,\n    \"13.1\": 0.00254,\n    \"14.1\": 0.03053,\n    \"15.1\": 0.00254,\n    \"15.2-15.3\": 0.01272,\n    \"15.4\": 0.00509,\n    \"15.5\": 0.01018,\n    \"15.6\": 0.06614,\n    \"16.0\": 0.05088,\n    \"16.1\": 0.07378,\n    \"16.2\": 0.01272,\n    \"16.3\": 0.02798,\n    \"16.4\": 0.05597,\n    \"16.5\": 0.02798,\n    \"16.6\": 0.11194,\n    \"17.0\": 0.0407,\n    \"17.1\": 0.08395,\n    \"17.2\": 0.11448,\n    \"17.3\": 0.17808,\n    \"17.4\": 0.44011,\n    \"17.5\": 0.01272\n  },\n  G: {\n    \"8\": 0,\n    \"3.2\": 0,\n    \"4.0-4.1\": 0,\n    \"4.2-4.3\": 0.00329,\n    \"5.0-5.1\": 0.00329,\n    \"6.0-6.1\": 0.00822,\n    \"7.0-7.1\": 0.01315,\n    \"8.1-8.4\": 0.00329,\n    \"9.0-9.2\": 0.00822,\n    \"9.3\": 0.04108,\n    \"10.0-10.2\": 0.00822,\n    \"10.3\": 0.06573,\n    \"11.0-11.2\": 0.05587,\n    \"11.3-11.4\": 0.01643,\n    \"12.0-12.1\": 0.0115,\n    \"12.2-12.5\": 0.26786,\n    \"13.0-13.1\": 0.00493,\n    \"13.2\": 0.05423,\n    \"13.3\": 0.01315,\n    \"13.4-13.7\": 0.05094,\n    \"14.0-14.4\": 0.10024,\n    \"14.5-14.8\": 0.15283,\n    \"15.0-15.1\": 0.07066,\n    \"15.2-15.3\": 0.08052,\n    \"15.4\": 0.09202,\n    \"15.5\": 0.11667,\n    \"15.6-15.8\": 1.01885,\n    \"16.0\": 0.23828,\n    \"16.1\": 0.49628,\n    \"16.2\": 0.23828,\n    \"16.3\": 0.42069,\n    \"16.4\": 0.0871,\n    \"16.5\": 0.18241,\n    \"16.6-16.7\": 1.44118,\n    \"17.0\": 0.17255,\n    \"17.1\": 0.3188,\n    \"17.2\": 0.42397,\n    \"17.3\": 3.0927,\n    \"17.4\": 6.98075,\n    \"17.5\": 0.06409\n  },\n  P: {\n    \"4\": 0.0205,\n    \"21\": 0.0205,\n    \"22\": 0.07176,\n    \"23\": 0.12302,\n    \"24\": 1.25074,\n    _: \"20 5.0-5.4 6.2-6.4 8.2 9.2 10.1 12.0 14.0 16.0 17.0\",\n    \"7.2-7.4\": 0.0205,\n    \"11.1-11.2\": 0.01025,\n    \"13.0\": 0.01025,\n    \"15.0\": 0.01025,\n    \"18.0\": 0.01025,\n    \"19.0\": 0.01025\n  },\n  I: {\n    \"0\": 0.08168,\n    \"3\": 0,\n    \"4\": 0.00001,\n    \"2.1\": 0,\n    \"2.2\": 0,\n    \"2.3\": 0,\n    \"4.1\": 0.00002,\n    \"4.2-4.3\": 0.00005,\n    \"4.4\": 0,\n    \"4.4.3-4.4.4\": 0.00021\n  },\n  A: {\n    \"11\": 0.12211,\n    _: \"6 7 8 9 10 5.5\"\n  },\n  K: {\n    \"0\": 1.3048,\n    _: \"10 11 12 11.1 11.5 12.1\"\n  },\n  J: {\n    _: \"7 10\"\n  },\n  N: {\n    _: \"10 11\"\n  },\n  S: {\n    _: \"2.5 3.0-3.1\"\n  },\n  Q: {\n    \"14.9\": 0.00746\n  },\n  O: {\n    \"0\": 0.71578\n  },\n  H: {\n    \"0\": 0\n  },\n  L: {\n    \"0\": 54.64424\n  },\n  R: {\n    _: \"0\"\n  },\n  M: {\n    \"0\": 0.87235\n  }\n};","map":{"version":3,"names":["module","exports","C","_","D","F","B","E","G","P","I","A","K","J","N","S","Q","O","H","L","R","M"],"sources":["C:/Users/chest/OneDrive/Documentos/GitHub/HackUPC/frontend/node_modules/caniuse-lite/data/regions/MV.js"],