{"ast":null,"code":"module.exports = {\n  C: {\n    \"52\": 55.64491,\n    \"56\": 0.00731,\n    \"107\": 0.00731,\n    \"115\": 0.17554,\n    \"119\": 0.00731,\n    \"122\": 0.00731,\n    \"123\": 0.02194,\n    \"124\": 0.28525,\n    \"125\": 0.13897,\n    _: \"2 3 4 5 6 7 8 9 10 11 12 13 14 15 16 17 18 19 20 21 22 23 24 25 26 27 28 29 30 31 32 33 34 35 36 37 38 39 40 41 42 43 44 45 46 47 48 49 50 51 53 54 55 57 58 59 60 61 62 63 64 65 66 67 68 69 70 71 72 73 74 75 76 77 78 79 80 81 82 83 84 85 86 87 88 89 90 91 92 93 94 95 96 97 98 99 100 101 102 103 104 105 106 108 109 110 111 112 113 114 116 117 118 120 121 126 127 128 3.5 3.6\"\n  },\n  D: {\n    \"49\": 0.00731,\n    \"51\": 0.00731,\n    \"74\": 0.00731,\n    \"80\": 0.00731,\n    \"86\": 0.01463,\n    \"88\": 0.01463,\n    \"90\": 0.00731,\n    \"91\": 0.01463,\n    \"96\": 0.00731,\n    \"97\": 0.01463,\n    \"98\": 0.00731,\n    \"99\": 0.00731,\n    \"101\": 0.00731,\n    \"102\": 0.02194,\n    \"103\": 0.01463,\n    \"105\": 0.00731,\n    \"106\": 0.02194,\n    \"107\": 0.00731,\n    \"108\": 0.02194,\n    \"109\": 1.68222,\n    \"110\": 0.01463,\n    \"111\": 0.00731,\n    \"112\": 0.02194,\n    \"113\": 0.01463,\n    \"114\": 0.00731,\n    \"115\": 0.00731,\n    \"116\": 0.1024,\n    \"117\": 0.02194,\n    \"118\": 0.02194,\n    \"119\": 0.0512,\n    \"120\": 0.08777,\n    \"121\": 0.08045,\n    \"122\": 0.33644,\n    \"123\": 7.70896,\n    \"124\": 2.91097,\n    \"125\": 0.01463,\n    _: \"4 5 6 7 8 9 10 11 12 13 14 15 16 17 18 19 20 21 22 23 24 25 26 27 28 29 30 31 32 33 34 35 36 37 38 39 40 41 42 43 44 45 46 47 48 50 52 53 54 55 56 57 58 59 60 61 62 63 64 65 66 67 68 69 70 71 72 73 75 76 77 78 79 81 83 84 85 87 89 92 93 94 95 100 104 126 127\"\n  },\n  F: {\n    \"85\": 0.00731,\n    \"95\": 0.0512,\n    \"105\": 0.00731,\n    \"107\": 0.13165,\n    \"108\": 0.19748,\n    \"109\": 0.11702,\n    _: \"9 11 12 15 16 17 18 19 20 21 22 23 24 25 26 27 28 29 30 31 32 33 34 35 36 37 38 39 40 41 42 43 44 45 46 47 48 49 50 51 52 53 54 55 56 57 58 60 62 63 64 65 66 67 68 69 70 71 72 73 74 75 76 77 78 79 80 81 82 83 84 86 87 88 89 90 91 92 93 94 96 97 98 99 100 101 102 103 104 106 9.5-9.6 10.0-10.1 10.5 10.6 11.1 11.5 11.6 12.1\"\n  },\n  B: {\n    \"92\": 0.00731,\n    \"107\": 0.00731,\n    \"108\": 0.00731,\n    \"109\": 0.00731,\n    \"120\": 0.01463,\n    \"121\": 0.00731,\n    \"122\": 0.02926,\n    \"123\": 0.69483,\n    \"124\": 0.23405,\n    _: \"12 13 14 15 16 17 18 79 80 81 83 84 85 86 87 88 89 90 91 93 94 95 96 97 98 99 100 101 102 103 104 105 106 110 111 112 113 114 115 116 117 118 119\"\n  },\n  E: {\n    \"9\": 0.00731,\n    \"14\": 0.01463,\n    _: \"0 4 5 6 7 8 10 11 12 13 15 3.1 3.2 5.1 6.1 7.1 9.1 10.1 11.1 12.1 15.1 15.2-15.3 15.4 16.0 17.5\",\n    \"13.1\": 0.00731,\n    \"14.1\": 0.00731,\n    \"15.5\": 0.00731,\n    \"15.6\": 0.03657,\n    \"16.1\": 0.02194,\n    \"16.2\": 0.02926,\n    \"16.3\": 0.10971,\n    \"16.4\": 0.00731,\n    \"16.5\": 0.03657,\n    \"16.6\": 0.07314,\n    \"17.0\": 0.01463,\n    \"17.1\": 0.03657,\n    \"17.2\": 0.05851,\n    \"17.3\": 0.06583,\n    \"17.4\": 0.25599\n  },\n  G: {\n    \"8\": 0,\n    \"3.2\": 0,\n    \"4.0-4.1\": 0,\n    \"4.2-4.3\": 0.00138,\n    \"5.0-5.1\": 0.00138,\n    \"6.0-6.1\": 0.00344,\n    \"7.0-7.1\": 0.00551,\n    \"8.1-8.4\": 0.00138,\n    \"9.0-9.2\": 0.00344,\n    \"9.3\": 0.01722,\n    \"10.0-10.2\": 0.00344,\n    \"10.3\": 0.02755,\n    \"11.0-11.2\": 0.02342,\n    \"11.3-11.4\": 0.00689,\n    \"12.0-12.1\": 0.00482,\n    \"12.2-12.5\": 0.11226,\n    \"13.0-13.1\": 0.00207,\n    \"13.2\": 0.02273,\n    \"13.3\": 0.00551,\n    \"13.4-13.7\": 0.02135,\n    \"14.0-14.4\": 0.04201,\n    \"14.5-14.8\": 0.06405,\n    \"15.0-15.1\": 0.02961,\n    \"15.2-15.3\": 0.03375,\n    \"15.4\": 0.03857,\n    \"15.5\": 0.0489,\n    \"15.6-15.8\": 0.42699,\n    \"16.0\": 0.09986,\n    \"16.1\": 0.20798,\n    \"16.2\": 0.09986,\n    \"16.3\": 0.1763,\n    \"16.4\": 0.0365,\n    \"16.5\": 0.07644,\n    \"16.6-16.7\": 0.60398,\n    \"17.0\": 0.07231,\n    \"17.1\": 0.13361,\n    \"17.2\": 0.17768,\n    \"17.3\": 1.29612,\n    \"17.4\": 2.92556,\n    \"17.5\": 0.02686\n  },\n  P: {\n    \"4\": 0.01052,\n    \"20\": 0.02103,\n    \"21\": 0.08413,\n    \"22\": 0.03155,\n    \"23\": 0.09464,\n    \"24\": 0.73612,\n    _: \"5.0-5.4 6.2-6.4 8.2 9.2 10.1 11.1-11.2 12.0 13.0 16.0 18.0\",\n    \"7.2-7.4\": 0.04206,\n    \"14.0\": 0.01052,\n    \"15.0\": 0.02103,\n    \"17.0\": 0.01052,\n    \"19.0\": 0.01052\n  },\n  I: {\n    \"0\": 0.03477,\n    \"3\": 0,\n    \"4\": 0,\n    \"2.1\": 0,\n    \"2.2\": 0,\n    \"2.3\": 0,\n    \"4.1\": 0.00001,\n    \"4.2-4.3\": 0.00002,\n    \"4.4\": 0,\n    \"4.4.3-4.4.4\": 0.00009\n  },\n  A: {\n    \"8\": 0.02194,\n    \"9\": 0.00731,\n    \"11\": 0.04388,\n    _: \"6 7 10 5.5\"\n  },\n  K: {\n    \"0\": 0.39588,\n    _: \"10 11 12 11.1 11.5 12.1\"\n  },\n  J: {\n    _: \"7 10\"\n  },\n  N: {\n    _: \"10 11\"\n  },\n  S: {\n    \"2.5\": 0.00269,\n    _: \"3.0-3.1\"\n  },\n  Q: {\n    _: \"14.9\"\n  },\n  O: {\n    \"0\": 0.10475\n  },\n  H: {\n    \"0\": 0.05\n  },\n  L: {\n    \"0\": 18.30611\n  },\n  R: {\n    _: \"0\"\n  },\n  M: {\n    \"0\": 0.05103\n  }\n};","map":{"version":3,"names":["module","exports","C","_","D","F","B","E","G","P","I","A","K","J","N","S","Q","O","H","L","R","M"],"sources":["C:/Users/chest/OneDrive/Documentos/GitHub/HackUPC/frontend/node_modules/caniuse-lite/data/regions/AM.js"],