{"ast":null,"code":"module.exports = {\n  C: {\n    \"40\": 0.00396,\n    \"44\": 0.00793,\n    \"48\": 0.02775,\n    \"50\": 0.00396,\n    \"52\": 0.04757,\n    \"60\": 0.01189,\n    \"61\": 0.00793,\n    \"68\": 0.07928,\n    \"78\": 0.06342,\n    \"87\": 0.00793,\n    \"91\": 0.06739,\n    \"98\": 0.00396,\n    \"102\": 0.09117,\n    \"103\": 0.00793,\n    \"104\": 0.02775,\n    \"105\": 0.01189,\n    \"108\": 0.00396,\n    \"109\": 0.00396,\n    \"113\": 0.00396,\n    \"115\": 2.83426,\n    \"116\": 0.00396,\n    \"117\": 0.00793,\n    \"118\": 0.00793,\n    \"119\": 0.03171,\n    \"120\": 0.00396,\n    \"121\": 0.03568,\n    \"122\": 0.08324,\n    \"123\": 0.0991,\n    \"124\": 3.97193,\n    \"125\": 1.47857,\n    \"126\": 0.02378,\n    _: \"2 3 4 5 6 7 8 9 10 11 12 13 14 15 16 17 18 19 20 21 22 23 24 25 26 27 28 29 30 31 32 33 34 35 36 37 38 39 41 42 43 45 46 47 49 51 53 54 55 56 57 58 59 62 63 64 65 66 67 69 70 71 72 73 74 75 76 77 79 80 81 82 83 84 85 86 88 89 90 92 93 94 95 96 97 99 100 101 106 107 110 111 112 114 127 128 3.5\",\n    \"3.6\": 0.00396\n  },\n  D: {\n    \"21\": 0.00396,\n    \"37\": 0.00396,\n    \"38\": 0.00396,\n    \"39\": 0.00396,\n    \"40\": 0.00396,\n    \"41\": 0.00396,\n    \"42\": 0.00396,\n    \"43\": 0.00396,\n    \"44\": 0.00793,\n    \"45\": 0.85622,\n    \"46\": 0.00793,\n    \"47\": 0.00396,\n    \"48\": 0.00396,\n    \"51\": 0.01189,\n    \"66\": 0.00793,\n    \"70\": 0.00396,\n    \"79\": 0.07532,\n    \"80\": 0.00396,\n    \"81\": 0.00396,\n    \"83\": 0.00396,\n    \"85\": 0.01982,\n    \"86\": 0.00793,\n    \"87\": 0.03964,\n    \"89\": 0.00396,\n    \"90\": 0.00793,\n    \"91\": 0.01586,\n    \"92\": 0.00396,\n    \"94\": 0.01189,\n    \"95\": 0.01189,\n    \"96\": 0.00396,\n    \"97\": 0.00793,\n    \"98\": 0.01189,\n    \"99\": 0.01586,\n    \"100\": 0.00396,\n    \"101\": 0.00793,\n    \"102\": 0.00793,\n    \"103\": 0.08721,\n    \"104\": 0.01586,\n    \"105\": 0.03568,\n    \"106\": 0.00793,\n    \"107\": 0.01189,\n    \"108\": 0.02775,\n    \"109\": 0.60649,\n    \"110\": 0.00793,\n    \"111\": 0.01586,\n    \"112\": 0.02775,\n    \"113\": 0.02378,\n    \"114\": 0.03568,\n    \"115\": 0.03964,\n    \"116\": 0.36865,\n    \"117\": 0.05153,\n    \"118\": 1.00686,\n    \"119\": 0.03964,\n    \"120\": 0.13081,\n    \"121\": 0.32108,\n    \"122\": 1.05839,\n    \"123\": 7.99935,\n    \"124\": 3.23066,\n    \"125\": 0.01586,\n    _: \"4 5 6 7 8 9 10 11 12 13 14 15 16 17 18 19 20 22 23 24 25 26 27 28 29 30 31 32 33 34 35 36 49 50 52 53 54 55 56 57 58 59 60 61 62 63 64 65 67 68 69 71 72 73 74 75 76 77 78 84 88 93 126 127\"\n  },\n  F: {\n    \"31\": 0.00396,\n    \"46\": 0.00396,\n    \"75\": 0.00396,\n    \"89\": 0.01189,\n    \"95\": 0.02378,\n    \"105\": 0.00396,\n    \"106\": 0.00396,\n    \"107\": 0.66992,\n    \"108\": 0.28541,\n    \"109\": 0.17838,\n    _: \"9 11 12 15 16 17 18 19 20 21 22 23 24 25 26 27 28 29 30 32 33 34 35 36 37 38 39 40 41 42 43 44 45 47 48 49 50 51 52 53 54 55 56 57 58 60 62 63 64 65 66 67 68 69 70 71 72 73 74 76 77 78 79 80 81 82 83 84 85 86 87 88 90 91 92 93 94 96 97 98 99 100 101 102 103 104 9.5-9.6 10.0-10.1 10.5 10.6 11.1 11.5 11.6 12.1\"\n  },\n  B: {\n    \"15\": 0.00396,\n    \"92\": 0.00396,\n    \"95\": 0.00396,\n    \"99\": 0.00396,\n    \"100\": 0.00793,\n    \"105\": 0.00793,\n    \"108\": 0.00396,\n    \"109\": 0.07928,\n    \"110\": 0.00793,\n    \"112\": 0.00793,\n    \"113\": 0.00793,\n    \"114\": 0.00396,\n    \"116\": 0.00396,\n    \"117\": 0.01189,\n    \"119\": 0.02378,\n    \"120\": 0.07928,\n    \"121\": 0.0555,\n    \"122\": 0.18631,\n    \"123\": 3.29012,\n    \"124\": 1.542,\n    _: \"12 13 14 16 17 18 79 80 81 83 84 85 86 87 88 89 90 91 93 94 96 97 98 101 102 103 104 106 107 111 115 118\"\n  },\n  E: {\n    \"9\": 0.02378,\n    \"14\": 0.0555,\n    \"15\": 0.00793,\n    _: \"0 4 5 6 7 8 10 11 12 13 3.1 3.2 6.1 7.1 9.1 10.1\",\n    \"5.1\": 0.00793,\n    \"11.1\": 0.00396,\n    \"12.1\": 0.01982,\n    \"13.1\": 0.13478,\n    \"14.1\": 0.26559,\n    \"15.1\": 0.01189,\n    \"15.2-15.3\": 0.01586,\n    \"15.4\": 0.02378,\n    \"15.5\": 0.07135,\n    \"15.6\": 0.40433,\n    \"16.0\": 0.07135,\n    \"16.1\": 0.15856,\n    \"16.2\": 0.07928,\n    \"16.3\": 0.21802,\n    \"16.4\": 0.03964,\n    \"16.5\": 0.14667,\n    \"16.6\": 0.47964,\n    \"17.0\": 0.10703,\n    \"17.1\": 0.22991,\n    \"17.2\": 0.22198,\n    \"17.3\": 0.72938,\n    \"17.4\": 2.10885,\n    \"17.5\": 0.01586\n  },\n  G: {\n    \"8\": 0,\n    \"3.2\": 0,\n    \"4.0-4.1\": 0,\n    \"4.2-4.3\": 0.00323,\n    \"5.0-5.1\": 0.00323,\n    \"6.0-6.1\": 0.00806,\n    \"7.0-7.1\": 0.0129,\n    \"8.1-8.4\": 0.00323,\n    \"9.0-9.2\": 0.00806,\n    \"9.3\": 0.04032,\n    \"10.0-10.2\": 0.00806,\n    \"10.3\": 0.06451,\n    \"11.0-11.2\": 0.05484,\n    \"11.3-11.4\": 0.01613,\n    \"12.0-12.1\": 0.01129,\n    \"12.2-12.5\": 0.26289,\n    \"13.0-13.1\": 0.00484,\n    \"13.2\": 0.05322,\n    \"13.3\": 0.0129,\n    \"13.4-13.7\": 0.05,\n    \"14.0-14.4\": 0.09838,\n    \"14.5-14.8\": 0.14999,\n    \"15.0-15.1\": 0.06935,\n    \"15.2-15.3\": 0.07903,\n    \"15.4\": 0.09032,\n    \"15.5\": 0.11451,\n    \"15.6-15.8\": 0.99995,\n    \"16.0\": 0.23386,\n    \"16.1\": 0.48707,\n    \"16.2\": 0.23386,\n    \"16.3\": 0.41288,\n    \"16.4\": 0.08548,\n    \"16.5\": 0.17902,\n    \"16.6-16.7\": 1.41444,\n    \"17.0\": 0.16935,\n    \"17.1\": 0.31289,\n    \"17.2\": 0.41611,\n    \"17.3\": 3.03533,\n    \"17.4\": 6.85126,\n    \"17.5\": 0.0629\n  },\n  P: {\n    \"4\": 0.16766,\n    \"20\": 0.01048,\n    \"21\": 0.05239,\n    \"22\": 0.07335,\n    \"23\": 0.25149,\n    \"24\": 2.71404,\n    \"5.0-5.4\": 0.01048,\n    \"6.2-6.4\": 0.01048,\n    \"7.2-7.4\": 0.02096,\n    _: \"8.2 9.2 10.1 11.1-11.2 12.0 15.0\",\n    \"13.0\": 0.01048,\n    \"14.0\": 0.01048,\n    \"16.0\": 0.01048,\n    \"17.0\": 0.01048,\n    \"18.0\": 0.02096,\n    \"19.0\": 0.01048\n  },\n  I: {\n    \"0\": 0.47489,\n    \"3\": 0,\n    \"4\": 0.00005,\n    \"2.1\": 0,\n    \"2.2\": 0,\n    \"2.3\": 0,\n    \"4.1\": 0.0001,\n    \"4.2-4.3\": 0.00029,\n    \"4.4\": 0,\n    \"4.4.3-4.4.4\": 0.00119\n  },\n  A: {\n    \"7\": 0.00443,\n    \"8\": 0.04873,\n    \"9\": 0.01329,\n    \"10\": 0.01772,\n    \"11\": 0.06202,\n    _: \"6 5.5\"\n  },\n  K: {\n    \"0\": 1.25549,\n    _: \"10 11 12 11.1 11.5 12.1\"\n  },\n  J: {\n    _: \"7 10\"\n  },\n  N: {\n    _: \"10 11\"\n  },\n  S: {\n    \"2.5\": 0.00604,\n    _: \"3.0-3.1\"\n  },\n  Q: {\n    \"14.9\": 2.19107\n  },\n  O: {\n    \"0\": 2.2635\n  },\n  H: {\n    \"0\": 0\n  },\n  L: {\n    \"0\": 33.94126\n  },\n  R: {\n    _: \"0\"\n  },\n  M: {\n    \"0\": 1.00198\n  }\n};","map":{"version":3,"names":["module","exports","C","_","D","F","B","E","G","P","I","A","K","J","N","S","Q","O","H","L","R","M"],"sources":["C:/Users/chest/OneDrive/Documentos/GitHub/HackUPC/frontend/node_modules/caniuse-lite/data/regions/LU.js"],