{"ast":null,"code":"module.exports = {\n  C: {\n    \"48\": 0.03725,\n    \"52\": 0.01064,\n    \"77\": 0.00532,\n    \"78\": 0.01064,\n    \"91\": 0.01064,\n    \"102\": 0.01064,\n    \"103\": 0.01064,\n    \"104\": 0.00532,\n    \"108\": 0.00532,\n    \"113\": 0.00532,\n    \"115\": 0.4843,\n    \"116\": 0.00532,\n    \"117\": 0.00532,\n    \"118\": 0.00532,\n    \"119\": 0.01597,\n    \"121\": 0.01064,\n    \"122\": 0.01064,\n    \"123\": 0.10112,\n    \"124\": 2.4907,\n    \"125\": 1.20277,\n    _: \"2 3 4 5 6 7 8 9 10 11 12 13 14 15 16 17 18 19 20 21 22 23 24 25 26 27 28 29 30 31 32 33 34 35 36 37 38 39 40 41 42 43 44 45 46 47 49 50 51 53 54 55 56 57 58 59 60 61 62 63 64 65 66 67 68 69 70 71 72 73 74 75 76 79 80 81 82 83 84 85 86 87 88 89 90 92 93 94 95 96 97 98 99 100 101 105 106 107 109 110 111 112 114 120 126 127 128 3.5 3.6\"\n  },\n  D: {\n    \"41\": 0.00532,\n    \"51\": 0.00532,\n    \"65\": 0.00532,\n    \"69\": 0.03193,\n    \"79\": 0.03193,\n    \"83\": 0.00532,\n    \"87\": 0.05854,\n    \"91\": 0.00532,\n    \"93\": 0.00532,\n    \"95\": 0.01064,\n    \"102\": 0.00532,\n    \"103\": 0.14369,\n    \"104\": 0.01064,\n    \"105\": 0.00532,\n    \"106\": 0.00532,\n    \"107\": 0.00532,\n    \"108\": 0.00532,\n    \"109\": 0.35125,\n    \"111\": 0.01597,\n    \"112\": 0.00532,\n    \"114\": 0.03725,\n    \"115\": 0.04258,\n    \"116\": 0.52156,\n    \"117\": 0.15966,\n    \"118\": 0.27674,\n    \"119\": 0.07451,\n    \"120\": 0.42044,\n    \"121\": 0.36722,\n    \"122\": 2.40022,\n    \"123\": 18.92503,\n    \"124\": 6.78555,\n    \"125\": 0.01597,\n    _: \"4 5 6 7 8 9 10 11 12 13 14 15 16 17 18 19 20 21 22 23 24 25 26 27 28 29 30 31 32 33 34 35 36 37 38 39 40 42 43 44 45 46 47 48 49 50 52 53 54 55 56 57 58 59 60 61 62 63 64 66 67 68 70 71 72 73 74 75 76 77 78 80 81 84 85 86 88 89 90 92 94 96 97 98 99 100 101 110 113 126 127\"\n  },\n  F: {\n    \"95\": 0.17563,\n    \"106\": 0.01064,\n    \"107\": 2.37361,\n    \"108\": 0.8941,\n    \"109\": 0.28207,\n    _: \"9 11 12 15 16 17 18 19 20 21 22 23 24 25 26 27 28 29 30 31 32 33 34 35 36 37 38 39 40 41 42 43 44 45 46 47 48 49 50 51 52 53 54 55 56 57 58 60 62 63 64 65 66 67 68 69 70 71 72 73 74 75 76 77 78 79 80 81 82 83 84 85 86 87 88 89 90 91 92 93 94 96 97 98 99 100 101 102 103 104 105 9.5-9.6 10.0-10.1 10.5 10.6 11.1 11.5 11.6 12.1\"\n  },\n  B: {\n    \"92\": 0.00532,\n    \"105\": 0.03725,\n    \"108\": 0.00532,\n    \"109\": 0.00532,\n    \"112\": 0.00532,\n    \"113\": 0.15434,\n    \"118\": 0.01064,\n    \"119\": 0.14369,\n    \"120\": 0.24481,\n    \"121\": 0.16498,\n    \"122\": 0.28207,\n    \"123\": 3.4114,\n    \"124\": 1.32518,\n    _: \"12 13 14 15 16 17 18 79 80 81 83 84 85 86 87 88 89 90 91 93 94 95 96 97 98 99 100 101 102 103 104 106 107 110 111 114 115 116 117\"\n  },\n  E: {\n    \"8\": 0.00532,\n    \"9\": 0.00532,\n    \"13\": 0.00532,\n    \"14\": 0.10644,\n    \"15\": 0.01064,\n    _: \"0 4 5 6 7 10 11 12 3.1 3.2 5.1 6.1 7.1 9.1 10.1 11.1\",\n    \"12.1\": 0.01064,\n    \"13.1\": 0.09047,\n    \"14.1\": 0.32464,\n    \"15.1\": 0.01064,\n    \"15.2-15.3\": 0.01064,\n    \"15.4\": 0.0958,\n    \"15.5\": 0.09047,\n    \"15.6\": 0.61203,\n    \"16.0\": 0.08515,\n    \"16.1\": 0.10644,\n    \"16.2\": 0.23417,\n    \"16.3\": 0.16498,\n    \"16.4\": 0.06386,\n    \"16.5\": 0.29271,\n    \"16.6\": 0.63332,\n    \"17.0\": 0.35125,\n    \"17.1\": 0.32996,\n    \"17.2\": 0.55881,\n    \"17.3\": 1.02182,\n    \"17.4\": 2.31507,\n    \"17.5\": 0.00532\n  },\n  G: {\n    \"8\": 0,\n    \"3.2\": 0,\n    \"4.0-4.1\": 0,\n    \"4.2-4.3\": 0.00401,\n    \"5.0-5.1\": 0.00401,\n    \"6.0-6.1\": 0.01003,\n    \"7.0-7.1\": 0.01605,\n    \"8.1-8.4\": 0.00401,\n    \"9.0-9.2\": 0.01003,\n    \"9.3\": 0.05017,\n    \"10.0-10.2\": 0.01003,\n    \"10.3\": 0.08027,\n    \"11.0-11.2\": 0.06823,\n    \"11.3-11.4\": 0.02007,\n    \"12.0-12.1\": 0.01405,\n    \"12.2-12.5\": 0.32712,\n    \"13.0-13.1\": 0.00602,\n    \"13.2\": 0.06623,\n    \"13.3\": 0.01605,\n    \"13.4-13.7\": 0.06221,\n    \"14.0-14.4\": 0.12242,\n    \"14.5-14.8\": 0.18664,\n    \"15.0-15.1\": 0.0863,\n    \"15.2-15.3\": 0.09834,\n    \"15.4\": 0.11238,\n    \"15.5\": 0.14249,\n    \"15.6-15.8\": 1.24425,\n    \"16.0\": 0.29099,\n    \"16.1\": 0.60607,\n    \"16.2\": 0.29099,\n    \"16.3\": 0.51376,\n    \"16.4\": 0.10636,\n    \"16.5\": 0.22276,\n    \"16.6-16.7\": 1.76002,\n    \"17.0\": 0.21072,\n    \"17.1\": 0.38933,\n    \"17.2\": 0.51777,\n    \"17.3\": 3.77691,\n    \"17.4\": 8.52515,\n    \"17.5\": 0.07827\n  },\n  P: {\n    \"4\": 0.02078,\n    \"20\": 0.01039,\n    \"21\": 0.03117,\n    \"22\": 0.1039,\n    \"23\": 0.17663,\n    \"24\": 3.15855,\n    \"5.0-5.4\": 0.01039,\n    \"6.2-6.4\": 0.01039,\n    _: \"7.2-7.4 8.2 9.2 10.1 11.1-11.2 12.0 13.0 14.0 15.0 16.0 17.0\",\n    \"18.0\": 0.01039,\n    \"19.0\": 0.06234\n  },\n  I: {\n    \"0\": 0.03727,\n    \"3\": 0,\n    \"4\": 0,\n    \"2.1\": 0,\n    \"2.2\": 0,\n    \"2.3\": 0,\n    \"4.1\": 0.00001,\n    \"4.2-4.3\": 0.00002,\n    \"4.4\": 0,\n    \"4.4.3-4.4.4\": 0.00009\n  },\n  A: {\n    \"8\": 0.00532,\n    \"11\": 0.02661,\n    _: \"6 7 9 10 5.5\"\n  },\n  K: {\n    \"0\": 0.41634,\n    _: \"10 11 12 11.1 11.5 12.1\"\n  },\n  J: {\n    _: \"7 10\"\n  },\n  N: {\n    _: \"10 11\"\n  },\n  S: {\n    _: \"2.5 3.0-3.1\"\n  },\n  Q: {\n    \"14.9\": 0.00936\n  },\n  O: {\n    \"0\": 0.06549\n  },\n  H: {\n    \"0\": 0\n  },\n  L: {\n    \"0\": 21.91341\n  },\n  R: {\n    _: \"0\"\n  },\n  M: {\n    \"0\": 0.48183\n  }\n};","map":{"version":3,"names":["module","exports","C","_","D","F","B","E","G","P","I","A","K","J","N","S","Q","O","H","L","R","M"],"sources":["C:/Users/chest/OneDrive/Documentos/GitHub/HackUPC/frontend/node_modules/caniuse-lite/data/regions/IS.js"],