{"ast":null,"code":"module.exports = {\n  C: {\n    \"4\": 0.00769,\n    \"11\": 0.01153,\n    \"43\": 0.00769,\n    \"44\": 0.00769,\n    \"45\": 0.00769,\n    \"50\": 0.00769,\n    \"52\": 0.04996,\n    \"53\": 0.00769,\n    \"54\": 0.00769,\n    \"56\": 0.01922,\n    \"59\": 0.00384,\n    \"78\": 0.01537,\n    \"88\": 0.00769,\n    \"94\": 0.00384,\n    \"102\": 0.0269,\n    \"103\": 0.1076,\n    \"104\": 0.00769,\n    \"109\": 0.00384,\n    \"113\": 0.00769,\n    \"115\": 0.3843,\n    \"117\": 0.00769,\n    \"118\": 0.09992,\n    \"119\": 0.00384,\n    \"120\": 0.01153,\n    \"121\": 0.01153,\n    \"122\": 0.01922,\n    \"123\": 0.04996,\n    \"124\": 1.04914,\n    \"125\": 0.53033,\n    \"126\": 0.00384,\n    _: \"2 3 5 6 7 8 9 10 12 13 14 15 16 17 18 19 20 21 22 23 24 25 26 27 28 29 30 31 32 33 34 35 36 37 38 39 40 41 42 46 47 48 49 51 55 57 58 60 61 62 63 64 65 66 67 68 69 70 71 72 73 74 75 76 77 79 80 81 82 83 84 85 86 87 89 90 91 92 93 95 96 97 98 99 100 101 105 106 107 108 110 111 112 114 116 127 128 3.5 3.6\"\n  },\n  D: {\n    \"34\": 0.00769,\n    \"38\": 0.01922,\n    \"47\": 0.00769,\n    \"48\": 0.02306,\n    \"49\": 0.0269,\n    \"50\": 0.00769,\n    \"53\": 0.00769,\n    \"56\": 0.01153,\n    \"61\": 0.00384,\n    \"63\": 0.00384,\n    \"66\": 0.02306,\n    \"67\": 0.00384,\n    \"69\": 0.03074,\n    \"70\": 0.01537,\n    \"71\": 0.00384,\n    \"72\": 0.00384,\n    \"73\": 0.01153,\n    \"74\": 0.00769,\n    \"75\": 0.00769,\n    \"76\": 0.00769,\n    \"77\": 0.01153,\n    \"78\": 0.01537,\n    \"79\": 0.12682,\n    \"80\": 0.01153,\n    \"81\": 0.02306,\n    \"83\": 0.03843,\n    \"84\": 0.00769,\n    \"85\": 0.02306,\n    \"86\": 0.14988,\n    \"87\": 0.06917,\n    \"88\": 0.01537,\n    \"89\": 0.01153,\n    \"90\": 0.01153,\n    \"91\": 0.03843,\n    \"92\": 0.01537,\n    \"93\": 0.0269,\n    \"94\": 0.03074,\n    \"95\": 0.00769,\n    \"96\": 0.01153,\n    \"97\": 0.01537,\n    \"98\": 0.07302,\n    \"99\": 0.03074,\n    \"100\": 0.14603,\n    \"101\": 0.27285,\n    \"102\": 0.14603,\n    \"103\": 0.28438,\n    \"104\": 0.18062,\n    \"105\": 0.03843,\n    \"106\": 0.03843,\n    \"107\": 0.0269,\n    \"108\": 0.04227,\n    \"109\": 1.53336,\n    \"110\": 0.02306,\n    \"111\": 0.03843,\n    \"112\": 0.03459,\n    \"113\": 0.04996,\n    \"114\": 0.08839,\n    \"115\": 0.0538,\n    \"116\": 0.20368,\n    \"117\": 0.11913,\n    \"118\": 0.09992,\n    \"119\": 0.13066,\n    \"120\": 0.25748,\n    \"121\": 0.45732,\n    \"122\": 1.27972,\n    \"123\": 12.22843,\n    \"124\": 4.75379,\n    \"125\": 0.03074,\n    \"126\": 0.00769,\n    _: \"4 5 6 7 8 9 10 11 12 13 14 15 16 17 18 19 20 21 22 23 24 25 26 27 28 29 30 31 32 33 35 36 37 39 40 41 42 43 44 45 46 51 52 54 55 57 58 59 60 62 64 65 68 127\"\n  },\n  F: {\n    \"40\": 0.00384,\n    \"46\": 0.01537,\n    \"95\": 0.04612,\n    \"102\": 0.03843,\n    \"106\": 0.00769,\n    \"107\": 0.56876,\n    \"108\": 0.29975,\n    \"109\": 0.11913,\n    _: \"9 11 12 15 16 17 18 19 20 21 22 23 24 25 26 27 28 29 30 31 32 33 34 35 36 37 38 39 41 42 43 44 45 47 48 49 50 51 52 53 54 55 56 57 58 60 62 63 64 65 66 67 68 69 70 71 72 73 74 75 76 77 78 79 80 81 82 83 84 85 86 87 88 89 90 91 92 93 94 96 97 98 99 100 101 103 104 105 9.5-9.6 10.0-10.1 10.5 10.6 11.1 11.5 11.6 12.1\"\n  },\n  B: {\n    \"17\": 0.00384,\n    \"18\": 0.00769,\n    \"92\": 0.01153,\n    \"107\": 0.00384,\n    \"108\": 0.00769,\n    \"109\": 0.06917,\n    \"110\": 0.00769,\n    \"111\": 0.00769,\n    \"112\": 0.00769,\n    \"113\": 0.01537,\n    \"114\": 0.01537,\n    \"115\": 0.00769,\n    \"116\": 0.00769,\n    \"117\": 0.01153,\n    \"118\": 0.01153,\n    \"119\": 0.01922,\n    \"120\": 0.04227,\n    \"121\": 0.04227,\n    \"122\": 0.28054,\n    \"123\": 3.03981,\n    \"124\": 1.36427,\n    _: \"12 13 14 15 16 79 80 81 83 84 85 86 87 88 89 90 91 93 94 95 96 97 98 99 100 101 102 103 104 105 106\"\n  },\n  E: {\n    \"9\": 0.00384,\n    \"13\": 0.00769,\n    \"14\": 0.03843,\n    \"15\": 0.00769,\n    _: \"0 4 5 6 7 8 10 11 12 3.1 3.2 5.1 6.1 7.1 10.1\",\n    \"9.1\": 0.00769,\n    \"11.1\": 0.00769,\n    \"12.1\": 0.01537,\n    \"13.1\": 0.06533,\n    \"14.1\": 0.09608,\n    \"15.1\": 0.03459,\n    \"15.2-15.3\": 0.01153,\n    \"15.4\": 0.0269,\n    \"15.5\": 0.03459,\n    \"15.6\": 0.2498,\n    \"16.0\": 0.03074,\n    \"16.1\": 0.04996,\n    \"16.2\": 0.04612,\n    \"16.3\": 0.1076,\n    \"16.4\": 0.03459,\n    \"16.5\": 0.06533,\n    \"16.6\": 0.36509,\n    \"17.0\": 0.04227,\n    \"17.1\": 0.09223,\n    \"17.2\": 0.14219,\n    \"17.3\": 0.42273,\n    \"17.4\": 1.16443,\n    \"17.5\": 0.00769\n  },\n  G: {\n    \"8\": 0,\n    \"3.2\": 0,\n    \"4.0-4.1\": 0,\n    \"4.2-4.3\": 0.00293,\n    \"5.0-5.1\": 0.00293,\n    \"6.0-6.1\": 0.00732,\n    \"7.0-7.1\": 0.01171,\n    \"8.1-8.4\": 0.00293,\n    \"9.0-9.2\": 0.00732,\n    \"9.3\": 0.03659,\n    \"10.0-10.2\": 0.00732,\n    \"10.3\": 0.05854,\n    \"11.0-11.2\": 0.04976,\n    \"11.3-11.4\": 0.01464,\n    \"12.0-12.1\": 0.01024,\n    \"12.2-12.5\": 0.23855,\n    \"13.0-13.1\": 0.00439,\n    \"13.2\": 0.0483,\n    \"13.3\": 0.01171,\n    \"13.4-13.7\": 0.04537,\n    \"14.0-14.4\": 0.08927,\n    \"14.5-14.8\": 0.13611,\n    \"15.0-15.1\": 0.06293,\n    \"15.2-15.3\": 0.07171,\n    \"15.4\": 0.08196,\n    \"15.5\": 0.10391,\n    \"15.6-15.8\": 0.90738,\n    \"16.0\": 0.21221,\n    \"16.1\": 0.44198,\n    \"16.2\": 0.21221,\n    \"16.3\": 0.37466,\n    \"16.4\": 0.07757,\n    \"16.5\": 0.16245,\n    \"16.6-16.7\": 1.28351,\n    \"17.0\": 0.15367,\n    \"17.1\": 0.28392,\n    \"17.2\": 0.37759,\n    \"17.3\": 2.75434,\n    \"17.4\": 6.21703,\n    \"17.5\": 0.05708\n  },\n  P: {\n    \"4\": 0.14047,\n    \"20\": 0.02161,\n    \"21\": 0.06483,\n    \"22\": 0.06483,\n    \"23\": 0.22692,\n    \"24\": 1.89099,\n    \"5.0-5.4\": 0.01081,\n    _: \"6.2-6.4 8.2 9.2 10.1 12.0 14.0 15.0 16.0\",\n    \"7.2-7.4\": 0.04322,\n    \"11.1-11.2\": 0.01081,\n    \"13.0\": 0.01081,\n    \"17.0\": 0.02161,\n    \"18.0\": 0.01081,\n    \"19.0\": 0.03242\n  },\n  I: {\n    \"0\": 0.21461,\n    \"3\": 0,\n    \"4\": 0.00002,\n    \"2.1\": 0,\n    \"2.2\": 0,\n    \"2.3\": 0,\n    \"4.1\": 0.00004,\n    \"4.2-4.3\": 0.00013,\n    \"4.4\": 0,\n    \"4.4.3-4.4.4\": 0.00054\n  },\n  A: {\n    \"8\": 0.02407,\n    \"9\": 0.06018,\n    \"11\": 0.55368,\n    _: \"6 7 10 5.5\"\n  },\n  K: {\n    \"0\": 1.25223,\n    _: \"10 11 12 11.1 11.5 12.1\"\n  },\n  J: {\n    _: \"7 10\"\n  },\n  N: {\n    _: \"10 11\"\n  },\n  S: {\n    \"2.5\": 0.07388,\n    _: \"3.0-3.1\"\n  },\n  Q: {\n    \"14.9\": 0.28322\n  },\n  O: {\n    \"0\": 0.89277\n  },\n  H: {\n    \"0\": 0.09\n  },\n  L: {\n    \"0\": 42.05406\n  },\n  R: {\n    _: \"0\"\n  },\n  M: {\n    \"0\": 0.30169\n  }\n};","map":{"version":3,"names":["module","exports","C","_","D","F","B","E","G","P","I","A","K","J","N","S","Q","O","H","L","R","M"],"sources":["C:/Users/chest/OneDrive/Documentos/GitHub/HackUPC/frontend/node_modules/caniuse-lite/data/regions/alt-ww.js"],