{"ast":null,"code":"module.exports = {\n  C: {\n    \"44\": 0.01315,\n    \"64\": 0.01315,\n    \"65\": 0.00789,\n    \"112\": 0.00263,\n    \"115\": 0.07627,\n    \"122\": 0.00263,\n    \"123\": 0.01052,\n    \"124\": 1.27292,\n    \"125\": 0.56282,\n    \"126\": 0.00263,\n    _: \"2 3 4 5 6 7 8 9 10 11 12 13 14 15 16 17 18 19 20 21 22 23 24 25 26 27 28 29 30 31 32 33 34 35 36 37 38 39 40 41 42 43 45 46 47 48 49 50 51 52 53 54 55 56 57 58 59 60 61 62 63 66 67 68 69 70 71 72 73 74 75 76 77 78 79 80 81 82 83 84 85 86 87 88 89 90 91 92 93 94 95 96 97 98 99 100 101 102 103 104 105 106 107 108 109 110 111 113 114 116 117 118 119 120 121 127 128 3.5 3.6\"\n  },\n  D: {\n    \"11\": 0.00789,\n    \"18\": 0.01315,\n    \"43\": 0.00263,\n    \"49\": 0.02104,\n    \"57\": 0.02104,\n    \"64\": 0.00526,\n    \"65\": 0.00526,\n    \"69\": 0.00789,\n    \"71\": 0.00789,\n    \"72\": 0.00263,\n    \"74\": 0.01841,\n    \"75\": 0.00263,\n    \"78\": 0.00263,\n    \"80\": 0.00789,\n    \"85\": 0.00263,\n    \"86\": 0.00263,\n    \"87\": 0.0263,\n    \"92\": 0.01315,\n    \"93\": 0.00526,\n    \"94\": 0.00789,\n    \"98\": 0.04997,\n    \"102\": 0.01052,\n    \"103\": 0.01052,\n    \"105\": 0.00263,\n    \"106\": 0.89946,\n    \"107\": 0.00263,\n    \"108\": 0.01052,\n    \"109\": 3.4453,\n    \"112\": 0.04471,\n    \"114\": 0.00526,\n    \"115\": 0.00263,\n    \"116\": 0.02367,\n    \"117\": 0.00263,\n    \"118\": 0.03419,\n    \"119\": 0.00526,\n    \"120\": 0.4997,\n    \"121\": 0.06575,\n    \"122\": 0.18936,\n    \"123\": 4.84972,\n    \"124\": 3.156,\n    \"125\": 0.08679,\n    _: \"4 5 6 7 8 9 10 12 13 14 15 16 17 19 20 21 22 23 24 25 26 27 28 29 30 31 32 33 34 35 36 37 38 39 40 41 42 44 45 46 47 48 50 51 52 53 54 55 56 58 59 60 61 62 63 66 67 68 70 73 76 77 79 81 83 84 88 89 90 91 95 96 97 99 100 101 104 110 111 113 126 127\"\n  },\n  F: {\n    \"33\": 0.00526,\n    \"42\": 0.01052,\n    \"57\": 0.00263,\n    \"63\": 0.01315,\n    \"64\": 0.00263,\n    \"67\": 0.00263,\n    \"70\": 0.00263,\n    \"77\": 0.00263,\n    \"79\": 0.03419,\n    \"82\": 0.00789,\n    \"83\": 0.00263,\n    \"95\": 0.00789,\n    \"99\": 0.00263,\n    \"107\": 0.01052,\n    \"108\": 0.43921,\n    \"109\": 0.83108,\n    _: \"9 11 12 15 16 17 18 19 20 21 22 23 24 25 26 27 28 29 30 31 32 34 35 36 37 38 39 40 41 43 44 45 46 47 48 49 50 51 52 53 54 55 56 58 60 62 65 66 68 69 71 72 73 74 75 76 78 80 81 84 85 86 87 88 89 90 91 92 93 94 96 97 98 100 101 102 103 104 105 106 9.5-9.6 10.0-10.1 10.5 10.6 11.1 11.5 11.6 12.1\"\n  },\n  B: {\n    \"12\": 0.06049,\n    \"14\": 0.00263,\n    \"15\": 0.0263,\n    \"17\": 0.02104,\n    \"18\": 0.01315,\n    \"84\": 0.00789,\n    \"90\": 0.00526,\n    \"92\": 0.04208,\n    \"97\": 0.00789,\n    \"100\": 0.03419,\n    \"104\": 0.0526,\n    \"106\": 0.00263,\n    \"109\": 0.00526,\n    \"113\": 0.00526,\n    \"115\": 0.01052,\n    \"116\": 0.00263,\n    \"119\": 0.00263,\n    \"120\": 0.01052,\n    \"121\": 0.05523,\n    \"122\": 0.26826,\n    \"123\": 3.16126,\n    \"124\": 0.87579,\n    _: \"13 16 79 80 81 83 85 86 87 88 89 91 93 94 95 96 98 99 101 102 103 105 107 108 110 111 112 114 117 118\"\n  },\n  E: {\n    _: \"0 4 5 6 7 8 9 10 11 12 13 14 15 3.1 3.2 5.1 6.1 7.1 9.1 10.1 11.1 12.1 13.1 14.1 15.1 15.2-15.3 15.4 15.5 15.6 16.0 16.1 16.2 16.3 16.4 16.5 16.6 17.0 17.1 17.2 17.3 17.4 17.5\"\n  },\n  G: {\n    \"8\": 0,\n    \"3.2\": 0,\n    \"4.0-4.1\": 0,\n    \"4.2-4.3\": 0.00006,\n    \"5.0-5.1\": 0.00006,\n    \"6.0-6.1\": 0.00016,\n    \"7.0-7.1\": 0.00026,\n    \"8.1-8.4\": 0.00006,\n    \"9.0-9.2\": 0.00016,\n    \"9.3\": 0.00081,\n    \"10.0-10.2\": 0.00016,\n    \"10.3\": 0.0013,\n    \"11.0-11.2\": 0.0011,\n    \"11.3-11.4\": 0.00032,\n    \"12.0-12.1\": 0.00023,\n    \"12.2-12.5\": 0.00529,\n    \"13.0-13.1\": 0.0001,\n    \"13.2\": 0.00107,\n    \"13.3\": 0.00026,\n    \"13.4-13.7\": 0.00101,\n    \"14.0-14.4\": 0.00198,\n    \"14.5-14.8\": 0.00302,\n    \"15.0-15.1\": 0.00139,\n    \"15.2-15.3\": 0.00159,\n    \"15.4\": 0.00182,\n    \"15.5\": 0.0023,\n    \"15.6-15.8\": 0.02011,\n    \"16.0\": 0.0047,\n    \"16.1\": 0.00979,\n    \"16.2\": 0.0047,\n    \"16.3\": 0.0083,\n    \"16.4\": 0.00172,\n    \"16.5\": 0.0036,\n    \"16.6-16.7\": 0.02844,\n    \"17.0\": 0.0034,\n    \"17.1\": 0.00629,\n    \"17.2\": 0.00837,\n    \"17.3\": 0.06103,\n    \"17.4\": 0.13775,\n    \"17.5\": 0.00126\n  },\n  P: {\n    \"4\": 0.10935,\n    \"21\": 0.00994,\n    \"22\": 0.06959,\n    \"23\": 0.05965,\n    \"24\": 0.03976,\n    _: \"20 5.0-5.4 6.2-6.4 8.2 9.2 10.1 11.1-11.2 12.0 14.0 15.0 17.0\",\n    \"7.2-7.4\": 0.02982,\n    \"13.0\": 0.00994,\n    \"16.0\": 0.05965,\n    \"18.0\": 0.00994,\n    \"19.0\": 0.02982\n  },\n  I: {\n    \"0\": 0.09542,\n    \"3\": 0,\n    \"4\": 0.00001,\n    \"2.1\": 0,\n    \"2.2\": 0,\n    \"2.3\": 0,\n    \"4.1\": 0.00002,\n    \"4.2-4.3\": 0.00006,\n    \"4.4\": 0,\n    \"4.4.3-4.4.4\": 0.00024\n  },\n  A: {\n    \"11\": 0.00263,\n    _: \"6 7 8 9 10 5.5\"\n  },\n  K: {\n    \"0\": 1.57903,\n    _: \"10 11 12 11.1 11.5 12.1\"\n  },\n  J: {\n    _: \"7 10\"\n  },\n  N: {\n    _: \"10 11\"\n  },\n  S: {\n    \"2.5\": 0.04422,\n    _: \"3.0-3.1\"\n  },\n  Q: {\n    _: \"14.9\"\n  },\n  O: {\n    \"0\": 0.41272\n  },\n  H: {\n    \"0\": 3.72\n  },\n  L: {\n    \"0\": 70.46152\n  },\n  R: {\n    _: \"0\"\n  },\n  M: {\n    \"0\": 0.02211\n  }\n};","map":{"version":3,"names":["module","exports","C","_","D","F","B","E","G","P","I","A","K","J","N","S","Q","O","H","L","R","M"],"sources":["C:/Users/chest/OneDrive/Documentos/GitHub/HackUPC/frontend/node_modules/caniuse-lite/data/regions/ER.js"],