{"ast":null,"code":"module.exports = {\n  C: {\n    \"41\": 0.0051,\n    \"56\": 0.10208,\n    \"59\": 0.01021,\n    \"78\": 0.0051,\n    \"80\": 0.0051,\n    \"88\": 0.0051,\n    \"115\": 0.11229,\n    \"120\": 0.01021,\n    \"121\": 0.0051,\n    \"122\": 0.0051,\n    \"123\": 0.01531,\n    \"124\": 0.39811,\n    \"125\": 0.22968,\n    \"126\": 0.01531,\n    _: \"2 3 4 5 6 7 8 9 10 11 12 13 14 15 16 17 18 19 20 21 22 23 24 25 26 27 28 29 30 31 32 33 34 35 36 37 38 39 40 42 43 44 45 46 47 48 49 50 51 52 53 54 55 57 58 60 61 62 63 64 65 66 67 68 69 70 71 72 73 74 75 76 77 79 81 82 83 84 85 86 87 89 90 91 92 93 94 95 96 97 98 99 100 101 102 103 104 105 106 107 108 109 110 111 112 113 114 116 117 118 119 127 128 3.5 3.6\"\n  },\n  D: {\n    \"49\": 0.01021,\n    \"56\": 0.0051,\n    \"58\": 0.0051,\n    \"66\": 0.04083,\n    \"68\": 0.0051,\n    \"70\": 0.0051,\n    \"73\": 0.0051,\n    \"74\": 0.0051,\n    \"75\": 0.01021,\n    \"76\": 0.01021,\n    \"78\": 0.01021,\n    \"79\": 0.03062,\n    \"80\": 0.0051,\n    \"81\": 0.0051,\n    \"83\": 0.02042,\n    \"84\": 0.0051,\n    \"85\": 0.0051,\n    \"86\": 0.01021,\n    \"87\": 0.06635,\n    \"88\": 0.02552,\n    \"89\": 0.0051,\n    \"90\": 0.0051,\n    \"91\": 0.02042,\n    \"92\": 0.0051,\n    \"93\": 0.07146,\n    \"94\": 0.02042,\n    \"95\": 0.0051,\n    \"96\": 0.0051,\n    \"97\": 0.01021,\n    \"98\": 0.01021,\n    \"99\": 0.04594,\n    \"100\": 0.0051,\n    \"101\": 0.02042,\n    \"102\": 0.01531,\n    \"103\": 0.50019,\n    \"104\": 0.01531,\n    \"105\": 0.04083,\n    \"106\": 0.02552,\n    \"107\": 0.03062,\n    \"108\": 0.02552,\n    \"109\": 1.50568,\n    \"110\": 0.01531,\n    \"111\": 0.03062,\n    \"112\": 0.02552,\n    \"113\": 0.04083,\n    \"114\": 0.05614,\n    \"115\": 0.03062,\n    \"116\": 0.21947,\n    \"117\": 0.11739,\n    \"118\": 0.05614,\n    \"119\": 0.10208,\n    \"120\": 0.23478,\n    \"121\": 0.30624,\n    \"122\": 1.33214,\n    \"123\": 22.44229,\n    \"124\": 8.39098,\n    \"125\": 0.04594,\n    \"126\": 0.0051,\n    _: \"4 5 6 7 8 9 10 11 12 13 14 15 16 17 18 19 20 21 22 23 24 25 26 27 28 29 30 31 32 33 34 35 36 37 38 39 40 41 42 43 44 45 46 47 48 50 51 52 53 54 55 57 59 60 61 62 63 64 65 67 69 71 72 77 127\"\n  },\n  F: {\n    \"28\": 0.02042,\n    \"46\": 0.0051,\n    \"95\": 0.0051,\n    \"107\": 1.05653,\n    \"108\": 0.18374,\n    \"109\": 0.11739,\n    _: \"9 11 12 15 16 17 18 19 20 21 22 23 24 25 26 27 29 30 31 32 33 34 35 36 37 38 39 40 41 42 43 44 45 47 48 49 50 51 52 53 54 55 56 57 58 60 62 63 64 65 66 67 68 69 70 71 72 73 74 75 76 77 78 79 80 81 82 83 84 85 86 87 88 89 90 91 92 93 94 96 97 98 99 100 101 102 103 104 105 106 9.5-9.6 10.0-10.1 10.5 10.6 11.1 11.5 11.6 12.1\"\n  },\n  B: {\n    \"17\": 0.0051,\n    \"18\": 0.01021,\n    \"90\": 0.0051,\n    \"92\": 0.01531,\n    \"100\": 0.01021,\n    \"109\": 0.02552,\n    \"112\": 0.0051,\n    \"113\": 0.01531,\n    \"114\": 0.0051,\n    \"115\": 0.0051,\n    \"116\": 0.0051,\n    \"117\": 0.01021,\n    \"118\": 0.0051,\n    \"119\": 0.01021,\n    \"120\": 0.04594,\n    \"121\": 0.02552,\n    \"122\": 0.35218,\n    \"123\": 4.13934,\n    \"124\": 1.98035,\n    _: \"12 13 14 15 16 79 80 81 83 84 85 86 87 88 89 91 93 94 95 96 97 98 99 101 102 103 104 105 106 107 108 110 111\"\n  },\n  E: {\n    \"10\": 0.0051,\n    \"13\": 0.0051,\n    \"14\": 0.01021,\n    \"15\": 0.0051,\n    _: \"0 4 5 6 7 8 9 11 12 3.1 3.2 5.1 6.1 7.1 9.1 10.1 12.1\",\n    \"11.1\": 0.01021,\n    \"13.1\": 0.01021,\n    \"14.1\": 0.03573,\n    \"15.1\": 0.01531,\n    \"15.2-15.3\": 0.0051,\n    \"15.4\": 0.0051,\n    \"15.5\": 0.01531,\n    \"15.6\": 0.08166,\n    \"16.0\": 0.01531,\n    \"16.1\": 0.02042,\n    \"16.2\": 0.02042,\n    \"16.3\": 0.03573,\n    \"16.4\": 0.01531,\n    \"16.5\": 0.02552,\n    \"16.6\": 0.11739,\n    \"17.0\": 0.02552,\n    \"17.1\": 0.04083,\n    \"17.2\": 0.06635,\n    \"17.3\": 0.14802,\n    \"17.4\": 0.39811,\n    \"17.5\": 0.0051\n  },\n  G: {\n    \"8\": 0,\n    \"3.2\": 0,\n    \"4.0-4.1\": 0,\n    \"4.2-4.3\": 0.00121,\n    \"5.0-5.1\": 0.00121,\n    \"6.0-6.1\": 0.00303,\n    \"7.0-7.1\": 0.00485,\n    \"8.1-8.4\": 0.00121,\n    \"9.0-9.2\": 0.00303,\n    \"9.3\": 0.01516,\n    \"10.0-10.2\": 0.00303,\n    \"10.3\": 0.02426,\n    \"11.0-11.2\": 0.02062,\n    \"11.3-11.4\": 0.00606,\n    \"12.0-12.1\": 0.00425,\n    \"12.2-12.5\": 0.09886,\n    \"13.0-13.1\": 0.00182,\n    \"13.2\": 0.02001,\n    \"13.3\": 0.00485,\n    \"13.4-13.7\": 0.0188,\n    \"14.0-14.4\": 0.037,\n    \"14.5-14.8\": 0.0564,\n    \"15.0-15.1\": 0.02608,\n    \"15.2-15.3\": 0.02972,\n    \"15.4\": 0.03396,\n    \"15.5\": 0.04306,\n    \"15.6-15.8\": 0.37602,\n    \"16.0\": 0.08794,\n    \"16.1\": 0.18316,\n    \"16.2\": 0.08794,\n    \"16.3\": 0.15526,\n    \"16.4\": 0.03214,\n    \"16.5\": 0.06732,\n    \"16.6-16.7\": 0.53189,\n    \"17.0\": 0.06368,\n    \"17.1\": 0.11766,\n    \"17.2\": 0.15647,\n    \"17.3\": 1.14142,\n    \"17.4\": 2.57637,\n    \"17.5\": 0.02365\n  },\n  P: {\n    \"4\": 0.12695,\n    \"20\": 0.01058,\n    \"21\": 0.02116,\n    \"22\": 0.02116,\n    \"23\": 0.06348,\n    \"24\": 0.63477,\n    \"5.0-5.4\": 0.01058,\n    \"6.2-6.4\": 0.02116,\n    _: \"7.2-7.4 8.2 9.2 10.1 11.1-11.2 12.0 14.0 15.0 16.0 18.0\",\n    \"13.0\": 0.01058,\n    \"17.0\": 0.01058,\n    \"19.0\": 0.01058\n  },\n  I: {\n    \"0\": 0.09262,\n    \"3\": 0,\n    \"4\": 0.00001,\n    \"2.1\": 0,\n    \"2.2\": 0,\n    \"2.3\": 0,\n    \"4.1\": 0.00002,\n    \"4.2-4.3\": 0.00006,\n    \"4.4\": 0,\n    \"4.4.3-4.4.4\": 0.00023\n  },\n  A: {\n    \"8\": 0.00515,\n    \"11\": 2.80715,\n    _: \"6 7 9 10 5.5\"\n  },\n  K: {\n    \"0\": 0.4895,\n    _: \"10 11 12 11.1 11.5 12.1\"\n  },\n  J: {\n    _: \"7 10\"\n  },\n  N: {\n    _: \"10 11\"\n  },\n  S: {\n    _: \"2.5 3.0-3.1\"\n  },\n  Q: {\n    \"14.9\": 0.0049\n  },\n  O: {\n    \"0\": 0.32307\n  },\n  H: {\n    \"0\": 0\n  },\n  L: {\n    \"0\": 42.27274\n  },\n  R: {\n    _: \"0\"\n  },\n  M: {\n    \"0\": 0.08322\n  }\n};","map":{"version":3,"names":["module","exports","C","_","D","F","B","E","G","P","I","A","K","J","N","S","Q","O","H","L","R","M"],"sources":["C:/Users/chest/OneDrive/Documentos/GitHub/HackUPC/frontend/node_modules/caniuse-lite/data/regions/PH.js"],