{"ast":null,"code":"module.exports = {\n  C: {\n    \"4\": 0.01322,\n    \"48\": 0.00441,\n    \"52\": 0.00881,\n    \"57\": 0.00441,\n    \"59\": 0.01322,\n    \"66\": 0.00441,\n    \"78\": 0.02203,\n    \"88\": 0.00441,\n    \"102\": 0.00881,\n    \"103\": 0.00441,\n    \"105\": 0.00441,\n    \"108\": 0.00441,\n    \"109\": 0.00441,\n    \"110\": 0.00441,\n    \"112\": 0.00441,\n    \"113\": 0.01322,\n    \"114\": 0.00441,\n    \"115\": 0.27752,\n    \"116\": 0.00441,\n    \"117\": 0.01322,\n    \"118\": 0.00441,\n    \"119\": 0.00441,\n    \"120\": 0.01762,\n    \"121\": 0.00881,\n    \"122\": 0.01762,\n    \"123\": 0.04846,\n    \"124\": 1.0528,\n    \"125\": 0.50217,\n    \"126\": 0.00881,\n    _: \"2 3 5 6 7 8 9 10 11 12 13 14 15 16 17 18 19 20 21 22 23 24 25 26 27 28 29 30 31 32 33 34 35 36 37 38 39 40 41 42 43 44 45 46 47 49 50 51 53 54 55 56 58 60 61 62 63 64 65 67 68 69 70 71 72 73 74 75 76 77 79 80 81 82 83 84 85 86 87 89 90 91 92 93 94 95 96 97 98 99 100 101 104 106 107 111 127 128 3.5 3.6\"\n  },\n  D: {\n    \"22\": 0.00441,\n    \"38\": 0.00441,\n    \"42\": 0.00441,\n    \"47\": 0.00441,\n    \"49\": 0.01762,\n    \"52\": 0.01322,\n    \"63\": 0.00441,\n    \"65\": 0.00441,\n    \"66\": 0.05286,\n    \"67\": 0.00441,\n    \"68\": 0.00441,\n    \"70\": 0.00441,\n    \"71\": 0.00441,\n    \"74\": 0.00441,\n    \"75\": 0.00881,\n    \"76\": 0.00881,\n    \"77\": 0.00441,\n    \"78\": 0.00441,\n    \"79\": 0.03524,\n    \"80\": 0.02643,\n    \"81\": 0.00441,\n    \"83\": 0.00441,\n    \"84\": 0.00441,\n    \"85\": 0.00441,\n    \"86\": 0.00441,\n    \"87\": 0.07048,\n    \"88\": 0.02203,\n    \"89\": 0.00441,\n    \"90\": 0.00441,\n    \"91\": 0.03524,\n    \"92\": 0.00441,\n    \"93\": 0.02643,\n    \"94\": 0.01762,\n    \"95\": 0.00881,\n    \"96\": 0.00441,\n    \"97\": 0.00881,\n    \"98\": 0.00881,\n    \"99\": 0.02203,\n    \"100\": 0.00881,\n    \"101\": 0.00441,\n    \"102\": 0.00881,\n    \"103\": 0.14977,\n    \"104\": 0.00881,\n    \"105\": 0.00881,\n    \"106\": 0.01762,\n    \"107\": 0.02203,\n    \"108\": 0.02203,\n    \"109\": 2.41835,\n    \"110\": 0.02203,\n    \"111\": 0.02643,\n    \"112\": 0.01762,\n    \"113\": 0.07048,\n    \"114\": 0.0881,\n    \"115\": 0.02643,\n    \"116\": 0.24228,\n    \"117\": 0.01762,\n    \"118\": 0.03084,\n    \"119\": 0.07929,\n    \"120\": 0.15858,\n    \"121\": 0.26871,\n    \"122\": 1.25102,\n    \"123\": 16.65971,\n    \"124\": 7.07443,\n    \"125\": 0.02643,\n    _: \"4 5 6 7 8 9 10 11 12 13 14 15 16 17 18 19 20 21 23 24 25 26 27 28 29 30 31 32 33 34 35 36 37 39 40 41 43 44 45 46 48 50 51 53 54 55 56 57 58 59 60 61 62 64 69 72 73 126 127\"\n  },\n  F: {\n    \"28\": 0.00441,\n    \"46\": 0.00441,\n    \"89\": 0.00441,\n    \"95\": 0.06167,\n    \"102\": 0.00441,\n    \"106\": 0.00441,\n    \"107\": 1.35234,\n    \"108\": 0.50217,\n    \"109\": 0.1718,\n    _: \"9 11 12 15 16 17 18 19 20 21 22 23 24 25 26 27 29 30 31 32 33 34 35 36 37 38 39 40 41 42 43 44 45 47 48 49 50 51 52 53 54 55 56 57 58 60 62 63 64 65 66 67 68 69 70 71 72 73 74 75 76 77 78 79 80 81 82 83 84 85 86 87 88 90 91 92 93 94 96 97 98 99 100 101 103 104 105 9.5-9.6 10.0-10.1 10.5 10.6 11.1 11.5 11.6 12.1\"\n  },\n  B: {\n    \"12\": 0.00881,\n    \"16\": 0.00441,\n    \"17\": 0.00881,\n    \"18\": 0.00441,\n    \"92\": 0.01322,\n    \"99\": 0.00441,\n    \"100\": 0.00441,\n    \"107\": 0.00441,\n    \"108\": 0.00441,\n    \"109\": 0.06608,\n    \"110\": 0.00441,\n    \"111\": 0.00441,\n    \"112\": 0.00441,\n    \"113\": 0.00881,\n    \"114\": 0.01322,\n    \"115\": 0.00441,\n    \"116\": 0.00441,\n    \"117\": 0.00881,\n    \"118\": 0.00881,\n    \"119\": 0.01762,\n    \"120\": 0.03965,\n    \"121\": 0.04405,\n    \"122\": 0.39205,\n    \"123\": 3.59889,\n    \"124\": 1.60783,\n    _: \"13 14 15 79 80 81 83 84 85 86 87 88 89 90 91 93 94 95 96 97 98 101 102 103 104 105 106\"\n  },\n  E: {\n    \"8\": 0.00441,\n    \"13\": 0.00441,\n    \"14\": 0.01762,\n    \"15\": 0.00441,\n    _: \"0 4 5 6 7 9 10 11 12 3.1 3.2 6.1 7.1 9.1 10.1\",\n    \"5.1\": 0.01322,\n    \"11.1\": 0.00881,\n    \"12.1\": 0.01322,\n    \"13.1\": 0.05727,\n    \"14.1\": 0.06167,\n    \"15.1\": 0.00881,\n    \"15.2-15.3\": 0.00881,\n    \"15.4\": 0.01322,\n    \"15.5\": 0.01762,\n    \"15.6\": 0.18942,\n    \"16.0\": 0.02203,\n    \"16.1\": 0.04405,\n    \"16.2\": 0.02643,\n    \"16.3\": 0.07489,\n    \"16.4\": 0.03084,\n    \"16.5\": 0.05286,\n    \"16.6\": 0.22025,\n    \"17.0\": 0.06167,\n    \"17.1\": 0.0881,\n    \"17.2\": 0.11894,\n    \"17.3\": 0.28192,\n    \"17.4\": 0.76647,\n    \"17.5\": 0.00441\n  },\n  G: {\n    \"8\": 0,\n    \"3.2\": 0,\n    \"4.0-4.1\": 0,\n    \"4.2-4.3\": 0.00219,\n    \"5.0-5.1\": 0.00219,\n    \"6.0-6.1\": 0.00546,\n    \"7.0-7.1\": 0.00874,\n    \"8.1-8.4\": 0.00219,\n    \"9.0-9.2\": 0.00546,\n    \"9.3\": 0.02731,\n    \"10.0-10.2\": 0.00546,\n    \"10.3\": 0.0437,\n    \"11.0-11.2\": 0.03715,\n    \"11.3-11.4\": 0.01093,\n    \"12.0-12.1\": 0.00765,\n    \"12.2-12.5\": 0.17808,\n    \"13.0-13.1\": 0.00328,\n    \"13.2\": 0.03605,\n    \"13.3\": 0.00874,\n    \"13.4-13.7\": 0.03387,\n    \"14.0-14.4\": 0.06664,\n    \"14.5-14.8\": 0.1016,\n    \"15.0-15.1\": 0.04698,\n    \"15.2-15.3\": 0.05353,\n    \"15.4\": 0.06118,\n    \"15.5\": 0.07757,\n    \"15.6-15.8\": 0.67736,\n    \"16.0\": 0.15841,\n    \"16.1\": 0.32994,\n    \"16.2\": 0.15841,\n    \"16.3\": 0.27968,\n    \"16.4\": 0.0579,\n    \"16.5\": 0.12127,\n    \"16.6-16.7\": 0.95813,\n    \"17.0\": 0.11471,\n    \"17.1\": 0.21195,\n    \"17.2\": 0.28187,\n    \"17.3\": 2.0561,\n    \"17.4\": 4.64097,\n    \"17.5\": 0.04261\n  },\n  P: {\n    \"4\": 0.1341,\n    \"20\": 0.01032,\n    \"21\": 0.02063,\n    \"22\": 0.02063,\n    \"23\": 0.05158,\n    \"24\": 0.74272,\n    \"5.0-5.4\": 0.01032,\n    \"6.2-6.4\": 0.01032,\n    \"7.2-7.4\": 0.03095,\n    _: \"8.2 9.2 10.1 12.0 13.0 14.0 15.0 16.0 18.0\",\n    \"11.1-11.2\": 0.01032,\n    \"17.0\": 0.02063,\n    \"19.0\": 0.01032\n  },\n  I: {\n    \"0\": 0.04457,\n    \"3\": 0,\n    \"4\": 0,\n    \"2.1\": 0,\n    \"2.2\": 0,\n    \"2.3\": 0,\n    \"4.1\": 0.00001,\n    \"4.2-4.3\": 0.00003,\n    \"4.4\": 0,\n    \"4.4.3-4.4.4\": 0.00011\n  },\n  A: {\n    \"8\": 0.00461,\n    \"11\": 0.0923,\n    _: \"6 7 9 10 5.5\"\n  },\n  K: {\n    \"0\": 0.25732,\n    _: \"10 11 12 11.1 11.5 12.1\"\n  },\n  J: {\n    _: \"7 10\"\n  },\n  N: {\n    _: \"10 11\"\n  },\n  S: {\n    \"2.5\": 0.01119,\n    _: \"3.0-3.1\"\n  },\n  Q: {\n    _: \"14.9\"\n  },\n  O: {\n    \"0\": 0.04475\n  },\n  H: {\n    \"0\": 0\n  },\n  L: {\n    \"0\": 45.05219\n  },\n  R: {\n    _: \"0\"\n  },\n  M: {\n    \"0\": 0.22376\n  }\n};","map":{"version":3,"names":["module","exports","C","_","D","F","B","E","G","P","I","A","K","J","N","S","Q","O","H","L","R","M"],"sources":["C:/Users/chest/OneDrive/Documentos/GitHub/HackUPC/frontend/node_modules/caniuse-lite/data/regions/MX.js"],