{"ast":null,"code":"module.exports = {\n  C: {\n    \"4\": 0.00755,\n    \"52\": 0.02642,\n    \"59\": 0.0151,\n    \"68\": 0.00377,\n    \"72\": 0.00377,\n    \"78\": 0.01132,\n    \"79\": 0.00377,\n    \"80\": 0.00377,\n    \"81\": 0.00377,\n    \"82\": 0.00377,\n    \"84\": 0.00377,\n    \"86\": 0.00755,\n    \"88\": 0.03774,\n    \"89\": 0.00377,\n    \"90\": 0.00755,\n    \"91\": 0.06416,\n    \"93\": 0.00377,\n    \"96\": 0.00377,\n    \"99\": 0.00377,\n    \"102\": 0.00755,\n    \"103\": 0.03019,\n    \"104\": 0.00377,\n    \"105\": 0.00377,\n    \"106\": 0.00755,\n    \"107\": 0.00377,\n    \"108\": 0.00377,\n    \"109\": 0.00377,\n    \"110\": 0.00377,\n    \"111\": 0.00377,\n    \"112\": 0.00755,\n    \"113\": 0.01132,\n    \"114\": 0.00377,\n    \"115\": 0.40004,\n    \"116\": 0.00377,\n    \"117\": 0.0151,\n    \"118\": 0.00377,\n    \"119\": 0.00755,\n    \"120\": 0.01887,\n    \"121\": 0.00755,\n    \"122\": 0.01132,\n    \"123\": 0.02264,\n    \"124\": 0.74725,\n    \"125\": 0.41137,\n    \"126\": 0.00377,\n    _: \"2 3 5 6 7 8 9 10 11 12 13 14 15 16 17 18 19 20 21 22 23 24 25 26 27 28 29 30 31 32 33 34 35 36 37 38 39 40 41 42 43 44 45 46 47 48 49 50 51 53 54 55 56 57 58 60 61 62 63 64 65 66 67 69 70 71 73 74 75 76 77 83 85 87 92 94 95 97 98 100 101 127 128 3.5 3.6\"\n  },\n  D: {\n    \"34\": 0.00377,\n    \"38\": 0.02264,\n    \"47\": 0.00377,\n    \"49\": 0.05661,\n    \"51\": 0.00377,\n    \"58\": 0.00377,\n    \"63\": 0.00377,\n    \"66\": 0.02642,\n    \"68\": 0.00377,\n    \"70\": 0.00377,\n    \"74\": 0.00377,\n    \"75\": 0.00755,\n    \"76\": 0.00377,\n    \"77\": 0.00377,\n    \"78\": 0.01132,\n    \"79\": 0.02264,\n    \"80\": 0.00377,\n    \"81\": 0.00755,\n    \"83\": 0.00377,\n    \"84\": 0.00377,\n    \"85\": 0.00377,\n    \"86\": 0.00377,\n    \"87\": 0.02642,\n    \"88\": 0.02264,\n    \"89\": 0.00755,\n    \"90\": 0.00755,\n    \"91\": 0.02264,\n    \"92\": 0.02642,\n    \"93\": 0.01132,\n    \"94\": 0.00377,\n    \"95\": 0.0151,\n    \"96\": 0.00755,\n    \"97\": 0.01132,\n    \"98\": 0.00377,\n    \"99\": 0.01132,\n    \"100\": 0.00755,\n    \"101\": 0.00377,\n    \"102\": 0.00755,\n    \"103\": 0.04529,\n    \"104\": 0.01132,\n    \"105\": 0.01887,\n    \"106\": 0.0151,\n    \"107\": 0.0151,\n    \"108\": 0.02642,\n    \"109\": 3.76268,\n    \"110\": 0.02264,\n    \"111\": 0.0151,\n    \"112\": 0.0151,\n    \"113\": 0.01132,\n    \"114\": 0.02264,\n    \"115\": 0.01887,\n    \"116\": 0.09435,\n    \"117\": 0.02642,\n    \"118\": 0.01887,\n    \"119\": 0.10945,\n    \"120\": 0.15473,\n    \"121\": 0.24531,\n    \"122\": 0.83028,\n    \"123\": 15.89986,\n    \"124\": 7.01587,\n    \"125\": 0.04151,\n    _: \"4 5 6 7 8 9 10 11 12 13 14 15 16 17 18 19 20 21 22 23 24 25 26 27 28 29 30 31 32 33 35 36 37 39 40 41 42 43 44 45 46 48 50 52 53 54 55 56 57 59 60 61 62 64 65 67 69 71 72 73 126 127\"\n  },\n  F: {\n    \"28\": 0.00755,\n    \"36\": 0.01132,\n    \"77\": 0.00377,\n    \"83\": 0.00377,\n    \"85\": 0.00377,\n    \"95\": 0.06416,\n    \"102\": 0.00377,\n    \"106\": 0.00377,\n    \"107\": 1.4945,\n    \"108\": 0.31702,\n    \"109\": 0.12077,\n    _: \"9 11 12 15 16 17 18 19 20 21 22 23 24 25 26 27 29 30 31 32 33 34 35 37 38 39 40 41 42 43 44 45 46 47 48 49 50 51 52 53 54 55 56 57 58 60 62 63 64 65 66 67 68 69 70 71 72 73 74 75 76 78 79 80 81 82 84 86 87 88 89 90 91 92 93 94 96 97 98 99 100 101 103 104 105 9.5-9.6 10.0-10.1 10.5 10.6 11.1 11.5 11.6 12.1\"\n  },\n  B: {\n    \"16\": 0.01132,\n    \"17\": 0.00377,\n    \"18\": 0.00377,\n    \"92\": 0.0151,\n    \"107\": 0.00755,\n    \"109\": 0.04151,\n    \"113\": 0.00377,\n    \"114\": 0.00377,\n    \"115\": 0.00377,\n    \"116\": 0.00377,\n    \"117\": 0.00377,\n    \"118\": 0.00755,\n    \"119\": 0.00755,\n    \"120\": 0.0151,\n    \"121\": 0.01132,\n    \"122\": 0.11322,\n    \"123\": 1.64169,\n    \"124\": 0.81518,\n    _: \"12 13 14 15 79 80 81 83 84 85 86 87 88 89 90 91 93 94 95 96 97 98 99 100 101 102 103 104 105 106 108 110 111 112\"\n  },\n  E: {\n    \"14\": 0.00755,\n    _: \"0 4 5 6 7 8 9 10 11 12 13 15 3.1 3.2 6.1 7.1 9.1 10.1 17.5\",\n    \"5.1\": 0.00377,\n    \"11.1\": 0.00755,\n    \"12.1\": 0.00377,\n    \"13.1\": 0.0151,\n    \"14.1\": 0.02642,\n    \"15.1\": 0.00377,\n    \"15.2-15.3\": 0.00377,\n    \"15.4\": 0.00377,\n    \"15.5\": 0.00377,\n    \"15.6\": 0.04906,\n    \"16.0\": 0.00377,\n    \"16.1\": 0.0151,\n    \"16.2\": 0.00377,\n    \"16.3\": 0.01887,\n    \"16.4\": 0.00755,\n    \"16.5\": 0.01132,\n    \"16.6\": 0.05661,\n    \"17.0\": 0.01887,\n    \"17.1\": 0.02264,\n    \"17.2\": 0.03397,\n    \"17.3\": 0.06416,\n    \"17.4\": 0.20757\n  },\n  G: {\n    \"8\": 0,\n    \"3.2\": 0,\n    \"4.0-4.1\": 0,\n    \"4.2-4.3\": 0.00096,\n    \"5.0-5.1\": 0.00096,\n    \"6.0-6.1\": 0.00239,\n    \"7.0-7.1\": 0.00382,\n    \"8.1-8.4\": 0.00096,\n    \"9.0-9.2\": 0.00239,\n    \"9.3\": 0.01194,\n    \"10.0-10.2\": 0.00239,\n    \"10.3\": 0.0191,\n    \"11.0-11.2\": 0.01624,\n    \"11.3-11.4\": 0.00478,\n    \"12.0-12.1\": 0.00334,\n    \"12.2-12.5\": 0.07785,\n    \"13.0-13.1\": 0.00143,\n    \"13.2\": 0.01576,\n    \"13.3\": 0.00382,\n    \"13.4-13.7\": 0.01481,\n    \"14.0-14.4\": 0.02913,\n    \"14.5-14.8\": 0.04442,\n    \"15.0-15.1\": 0.02054,\n    \"15.2-15.3\": 0.0234,\n    \"15.4\": 0.02675,\n    \"15.5\": 0.03391,\n    \"15.6-15.8\": 0.29612,\n    \"16.0\": 0.06925,\n    \"16.1\": 0.14424,\n    \"16.2\": 0.06925,\n    \"16.3\": 0.12227,\n    \"16.4\": 0.02531,\n    \"16.5\": 0.05301,\n    \"16.6-16.7\": 0.41886,\n    \"17.0\": 0.05015,\n    \"17.1\": 0.09266,\n    \"17.2\": 0.12322,\n    \"17.3\": 0.89886,\n    \"17.4\": 2.02889,\n    \"17.5\": 0.01863\n  },\n  P: {\n    \"4\": 0.11217,\n    \"20\": 0.02039,\n    \"21\": 0.05098,\n    \"22\": 0.04079,\n    \"23\": 0.18355,\n    \"24\": 2.19235,\n    \"5.0-5.4\": 0.0102,\n    _: \"6.2-6.4 8.2 9.2 10.1 12.0\",\n    \"7.2-7.4\": 0.16315,\n    \"11.1-11.2\": 0.0102,\n    \"13.0\": 0.02039,\n    \"14.0\": 0.02039,\n    \"15.0\": 0.0102,\n    \"16.0\": 0.02039,\n    \"17.0\": 0.08158,\n    \"18.0\": 0.0102,\n    \"19.0\": 0.02039\n  },\n  I: {\n    \"0\": 0.03101,\n    \"3\": 0,\n    \"4\": 0,\n    \"2.1\": 0,\n    \"2.2\": 0,\n    \"2.3\": 0,\n    \"4.1\": 0.00001,\n    \"4.2-4.3\": 0.00002,\n    \"4.4\": 0,\n    \"4.4.3-4.4.4\": 0.00008\n  },\n  A: {\n    \"8\": 0.00377,\n    \"11\": 0.09058,\n    _: \"6 7 9 10 5.5\"\n  },\n  K: {\n    \"0\": 0.14945,\n    _: \"10 11 12 11.1 11.5 12.1\"\n  },\n  J: {\n    _: \"7 10\"\n  },\n  N: {\n    _: \"10 11\"\n  },\n  S: {\n    _: \"2.5 3.0-3.1\"\n  },\n  Q: {\n    _: \"14.9\"\n  },\n  O: {\n    \"0\": 0.04359\n  },\n  H: {\n    \"0\": 0\n  },\n  L: {\n    \"0\": 55.02632\n  },\n  R: {\n    _: \"0\"\n  },\n  M: {\n    \"0\": 0.11831\n  }\n};","map":{"version":3,"names":["module","exports","C","_","D","F","B","E","G","P","I","A","K","J","N","S","Q","O","H","L","R","M"],"sources":["C:/Users/chest/OneDrive/Documentos/GitHub/HackUPC/frontend/node_modules/caniuse-lite/data/regions/AR.js"],