{"ast":null,"code":"module.exports = {\n  C: {\n    \"34\": 0.00297,\n    \"44\": 0.00297,\n    \"47\": 0.00593,\n    \"52\": 0.0089,\n    \"60\": 0.00297,\n    \"67\": 0.00297,\n    \"68\": 0.02077,\n    \"72\": 0.00297,\n    \"77\": 0.16615,\n    \"82\": 0.00593,\n    \"84\": 0.0089,\n    \"88\": 0.00297,\n    \"89\": 0.04451,\n    \"95\": 0.31747,\n    \"97\": 0.00593,\n    \"103\": 0.01187,\n    \"106\": 0.00297,\n    \"108\": 0.07121,\n    \"110\": 0.04747,\n    \"112\": 0.00593,\n    \"113\": 0.00297,\n    \"114\": 0.00297,\n    \"115\": 0.45098,\n    \"116\": 0.00593,\n    \"119\": 0.00297,\n    \"120\": 0.00593,\n    \"121\": 0.00593,\n    \"122\": 0.0089,\n    \"123\": 0.04451,\n    \"124\": 1.22537,\n    \"125\": 0.78626,\n    \"126\": 0.0267,\n    _: \"2 3 4 5 6 7 8 9 10 11 12 13 14 15 16 17 18 19 20 21 22 23 24 25 26 27 28 29 30 31 32 33 35 36 37 38 39 40 41 42 43 45 46 48 49 50 51 53 54 55 56 57 58 59 61 62 63 64 65 66 69 70 71 73 74 75 76 78 79 80 81 83 85 86 87 90 91 92 93 94 96 98 99 100 101 102 104 105 107 109 111 117 118 127 128 3.5 3.6\"\n  },\n  D: {\n    \"11\": 0.00593,\n    \"32\": 0.00297,\n    \"33\": 0.00297,\n    \"38\": 0.00593,\n    \"40\": 0.00297,\n    \"42\": 0.00297,\n    \"43\": 0.01187,\n    \"50\": 0.00593,\n    \"53\": 0.00297,\n    \"56\": 0.00297,\n    \"57\": 0.00593,\n    \"58\": 0.00297,\n    \"63\": 0.00297,\n    \"64\": 0.00297,\n    \"65\": 0.01187,\n    \"67\": 0.00297,\n    \"68\": 0.01187,\n    \"69\": 0.00593,\n    \"70\": 0.0089,\n    \"71\": 0.00297,\n    \"72\": 0.00593,\n    \"73\": 0.01187,\n    \"74\": 0.00297,\n    \"75\": 0.01484,\n    \"76\": 0.01187,\n    \"77\": 0.00593,\n    \"78\": 0.00593,\n    \"79\": 0.20176,\n    \"80\": 0.01187,\n    \"81\": 0.0178,\n    \"83\": 0.01484,\n    \"84\": 0.00297,\n    \"85\": 0.0089,\n    \"86\": 0.04154,\n    \"87\": 0.04747,\n    \"88\": 0.01484,\n    \"89\": 0.00593,\n    \"90\": 0.00593,\n    \"91\": 0.00593,\n    \"92\": 0.03857,\n    \"93\": 0.09494,\n    \"94\": 0.01484,\n    \"95\": 0.0267,\n    \"96\": 0.00593,\n    \"97\": 0.00297,\n    \"98\": 0.19879,\n    \"99\": 0.0089,\n    \"100\": 0.00297,\n    \"102\": 0.02077,\n    \"103\": 0.06824,\n    \"104\": 0.01187,\n    \"105\": 0.00593,\n    \"106\": 0.0178,\n    \"107\": 0.01484,\n    \"108\": 0.02077,\n    \"109\": 2.40327,\n    \"110\": 0.00593,\n    \"111\": 0.02374,\n    \"112\": 0.00297,\n    \"113\": 0.00593,\n    \"114\": 0.02077,\n    \"115\": 0.01187,\n    \"116\": 0.02077,\n    \"117\": 0.01484,\n    \"118\": 0.01187,\n    \"119\": 0.06231,\n    \"120\": 0.18692,\n    \"121\": 0.14538,\n    \"122\": 0.43022,\n    \"123\": 9.09089,\n    \"124\": 4.37929,\n    \"125\": 0.08604,\n    \"126\": 0.00593,\n    _: \"4 5 6 7 8 9 10 12 13 14 15 16 17 18 19 20 21 22 23 24 25 26 27 28 29 30 31 34 35 36 37 39 41 44 45 46 47 48 49 51 52 54 55 59 60 61 62 66 101 127\"\n  },\n  F: {\n    \"40\": 0.00297,\n    \"46\": 0.01187,\n    \"79\": 0.0178,\n    \"80\": 0.00297,\n    \"82\": 0.00297,\n    \"86\": 0.02077,\n    \"89\": 0.00297,\n    \"95\": 0.08901,\n    \"106\": 0.00297,\n    \"107\": 0.07121,\n    \"108\": 0.54296,\n    \"109\": 0.21066,\n    _: \"9 11 12 15 16 17 18 19 20 21 22 23 24 25 26 27 28 29 30 31 32 33 34 35 36 37 38 39 41 42 43 44 45 47 48 49 50 51 52 53 54 55 56 57 58 60 62 63 64 65 66 67 68 69 70 71 72 73 74 75 76 77 78 81 83 84 85 87 88 90 91 92 93 94 96 97 98 99 100 101 102 103 104 105 9.5-9.6 10.0-10.1 10.5 10.6 11.1 11.5 11.6 12.1\"\n  },\n  B: {\n    \"12\": 0.01484,\n    \"13\": 0.00297,\n    \"14\": 0.01484,\n    \"15\": 0.01484,\n    \"16\": 0.0089,\n    \"17\": 0.00297,\n    \"18\": 0.06527,\n    \"84\": 0.00297,\n    \"89\": 0.00297,\n    \"90\": 0.00297,\n    \"92\": 0.0356,\n    \"100\": 0.00297,\n    \"108\": 0.00297,\n    \"109\": 0.03264,\n    \"111\": 0.00297,\n    \"112\": 0.00297,\n    \"113\": 0.00297,\n    \"114\": 0.0267,\n    \"115\": 0.00297,\n    \"116\": 0.00297,\n    \"117\": 0.00593,\n    \"118\": 0.00297,\n    \"119\": 0.01484,\n    \"120\": 0.03857,\n    \"121\": 0.04747,\n    \"122\": 0.20176,\n    \"123\": 2.09767,\n    \"124\": 0.89307,\n    _: \"79 80 81 83 85 86 87 88 91 93 94 95 96 97 98 99 101 102 103 104 105 106 107 110\"\n  },\n  E: {\n    \"7\": 0.00297,\n    \"13\": 0.01187,\n    \"14\": 0.00593,\n    _: \"0 4 5 6 8 9 10 11 12 15 3.1 3.2 5.1 6.1 7.1 9.1 10.1 15.1 15.4 15.5 16.0 16.1 16.2 16.3 16.4 17.5\",\n    \"11.1\": 0.00297,\n    \"12.1\": 0.00297,\n    \"13.1\": 0.00297,\n    \"14.1\": 0.01484,\n    \"15.2-15.3\": 0.00297,\n    \"15.6\": 0.03264,\n    \"16.5\": 0.00297,\n    \"16.6\": 0.00297,\n    \"17.0\": 0.00297,\n    \"17.1\": 0.00297,\n    \"17.2\": 0.00297,\n    \"17.3\": 0.00593,\n    \"17.4\": 0.01484\n  },\n  G: {\n    \"8\": 0,\n    \"3.2\": 0,\n    \"4.0-4.1\": 0,\n    \"4.2-4.3\": 0.00039,\n    \"5.0-5.1\": 0.00039,\n    \"6.0-6.1\": 0.00098,\n    \"7.0-7.1\": 0.00156,\n    \"8.1-8.4\": 0.00039,\n    \"9.0-9.2\": 0.00098,\n    \"9.3\": 0.00489,\n    \"10.0-10.2\": 0.00098,\n    \"10.3\": 0.00782,\n    \"11.0-11.2\": 0.00665,\n    \"11.3-11.4\": 0.00196,\n    \"12.0-12.1\": 0.00137,\n    \"12.2-12.5\": 0.03187,\n    \"13.0-13.1\": 0.00059,\n    \"13.2\": 0.00645,\n    \"13.3\": 0.00156,\n    \"13.4-13.7\": 0.00606,\n    \"14.0-14.4\": 0.01193,\n    \"14.5-14.8\": 0.01818,\n    \"15.0-15.1\": 0.00841,\n    \"15.2-15.3\": 0.00958,\n    \"15.4\": 0.01095,\n    \"15.5\": 0.01388,\n    \"15.6-15.8\": 0.12122,\n    \"16.0\": 0.02835,\n    \"16.1\": 0.05905,\n    \"16.2\": 0.02835,\n    \"16.3\": 0.05005,\n    \"16.4\": 0.01036,\n    \"16.5\": 0.0217,\n    \"16.6-16.7\": 0.17147,\n    \"17.0\": 0.02053,\n    \"17.1\": 0.03793,\n    \"17.2\": 0.05044,\n    \"17.3\": 0.36796,\n    \"17.4\": 0.83056,\n    \"17.5\": 0.00763\n  },\n  P: {\n    \"4\": 0.30676,\n    \"20\": 0.02045,\n    \"21\": 0.0409,\n    \"22\": 0.0818,\n    \"23\": 0.19428,\n    \"24\": 0.37834,\n    \"5.0-5.4\": 0.03068,\n    \"6.2-6.4\": 0.01023,\n    \"7.2-7.4\": 0.17383,\n    _: \"8.2 10.1 12.0 14.0 15.0\",\n    \"9.2\": 0.01023,\n    \"11.1-11.2\": 0.01023,\n    \"13.0\": 0.01023,\n    \"16.0\": 0.03068,\n    \"17.0\": 0.03068,\n    \"18.0\": 0.05113,\n    \"19.0\": 0.05113\n  },\n  I: {\n    \"0\": 0.10506,\n    \"3\": 0,\n    \"4\": 0.00001,\n    \"2.1\": 0,\n    \"2.2\": 0,\n    \"2.3\": 0,\n    \"4.1\": 0.00002,\n    \"4.2-4.3\": 0.00006,\n    \"4.4\": 0,\n    \"4.4.3-4.4.4\": 0.00026\n  },\n  A: {\n    \"11\": 0.01484,\n    _: \"6 7 8 9 10 5.5\"\n  },\n  K: {\n    \"0\": 2.6242,\n    _: \"10 11 12 11.1 11.5 12.1\"\n  },\n  J: {\n    _: \"7 10\"\n  },\n  N: {\n    _: \"10 11\"\n  },\n  S: {\n    \"2.5\": 0.05626,\n    _: \"3.0-3.1\"\n  },\n  Q: {\n    \"14.9\": 0.00703\n  },\n  O: {\n    \"0\": 0.17583\n  },\n  H: {\n    \"0\": 1.68\n  },\n  L: {\n    \"0\": 64.88981\n  },\n  R: {\n    _: \"0\"\n  },\n  M: {\n    \"0\": 0.0633\n  }\n};","map":{"version":3,"names":["module","exports","C","_","D","F","B","E","G","P","I","A","K","J","N","S","Q","O","H","L","R","M"],"sources":["C:/Users/chest/OneDrive/Documentos/GitHub/HackUPC/frontend/node_modules/caniuse-lite/data/regions/ET.js"],