{"ast":null,"code":"module.exports = {\n  C: {\n    \"33\": 0.00244,\n    \"37\": 0.00244,\n    \"38\": 0.00244,\n    \"40\": 0.00244,\n    \"41\": 0.00244,\n    \"43\": 0.00244,\n    \"47\": 0.00244,\n    \"48\": 0.00244,\n    \"50\": 0.00487,\n    \"52\": 0.02923,\n    \"56\": 0.00244,\n    \"60\": 0.00244,\n    \"68\": 0.00244,\n    \"70\": 0.00244,\n    \"72\": 0.00974,\n    \"75\": 0.00244,\n    \"77\": 0.00244,\n    \"78\": 0.00244,\n    \"84\": 0.00244,\n    \"88\": 0.00244,\n    \"89\": 0.00244,\n    \"90\": 0.00244,\n    \"91\": 0.00244,\n    \"92\": 0.00244,\n    \"94\": 0.00487,\n    \"95\": 0.00244,\n    \"96\": 0.00244,\n    \"97\": 0.00244,\n    \"98\": 0.00244,\n    \"99\": 0.00487,\n    \"100\": 0.00244,\n    \"101\": 0.00244,\n    \"102\": 0.00487,\n    \"103\": 0.00244,\n    \"104\": 0.00244,\n    \"105\": 0.00487,\n    \"106\": 0.00487,\n    \"107\": 0.00487,\n    \"108\": 0.00487,\n    \"109\": 0.00731,\n    \"110\": 0.00487,\n    \"111\": 0.00487,\n    \"112\": 0.00487,\n    \"113\": 0.00731,\n    \"114\": 0.00731,\n    \"115\": 1.33249,\n    \"116\": 0.00487,\n    \"117\": 0.00487,\n    \"118\": 0.00731,\n    \"119\": 0.00731,\n    \"120\": 0.00974,\n    \"121\": 0.01949,\n    \"122\": 0.03654,\n    \"123\": 0.10962,\n    \"124\": 1.38365,\n    \"125\": 0.74054,\n    \"126\": 0.00244,\n    _: \"2 3 4 5 6 7 8 9 10 11 12 13 14 15 16 17 18 19 20 21 22 23 24 25 26 27 28 29 30 31 32 34 35 36 39 42 44 45 46 49 51 53 54 55 57 58 59 61 62 63 64 65 66 67 69 71 73 74 76 79 80 81 82 83 85 86 87 93 127 128 3.5 3.6\"\n  },\n  D: {\n    \"31\": 0.00244,\n    \"34\": 0.00244,\n    \"38\": 0.00487,\n    \"41\": 0.00244,\n    \"44\": 0.00244,\n    \"45\": 0.00244,\n    \"46\": 0.00244,\n    \"48\": 0.00244,\n    \"49\": 0.00731,\n    \"51\": 0.00244,\n    \"55\": 0.00244,\n    \"56\": 0.00244,\n    \"58\": 0.00244,\n    \"61\": 0.00244,\n    \"62\": 0.00244,\n    \"63\": 0.00487,\n    \"64\": 0.00244,\n    \"65\": 0.00244,\n    \"66\": 0.00244,\n    \"67\": 0.00244,\n    \"68\": 0.00244,\n    \"69\": 0.00487,\n    \"70\": 0.00244,\n    \"71\": 0.01462,\n    \"72\": 0.00487,\n    \"73\": 0.00244,\n    \"74\": 0.00244,\n    \"75\": 0.00244,\n    \"76\": 0.00487,\n    \"77\": 0.00244,\n    \"78\": 0.01218,\n    \"79\": 0.01705,\n    \"80\": 0.01218,\n    \"81\": 0.01462,\n    \"83\": 0.01218,\n    \"84\": 0.00974,\n    \"85\": 0.01218,\n    \"86\": 0.02436,\n    \"87\": 0.02192,\n    \"88\": 0.00974,\n    \"89\": 0.00974,\n    \"90\": 0.00731,\n    \"91\": 0.01218,\n    \"92\": 0.01218,\n    \"93\": 0.00244,\n    \"94\": 0.00974,\n    \"95\": 0.00974,\n    \"96\": 0.01462,\n    \"97\": 0.00974,\n    \"98\": 0.01218,\n    \"99\": 0.01218,\n    \"100\": 0.01705,\n    \"101\": 0.00731,\n    \"102\": 0.02923,\n    \"103\": 0.03654,\n    \"104\": 0.0268,\n    \"105\": 0.01949,\n    \"106\": 0.02923,\n    \"107\": 0.03654,\n    \"108\": 0.06577,\n    \"109\": 3.75631,\n    \"110\": 0.01705,\n    \"111\": 0.0341,\n    \"112\": 0.04141,\n    \"113\": 0.01218,\n    \"114\": 0.02923,\n    \"115\": 0.02192,\n    \"116\": 0.05359,\n    \"117\": 0.03898,\n    \"118\": 0.0268,\n    \"119\": 0.07064,\n    \"120\": 0.17539,\n    \"121\": 0.17052,\n    \"122\": 0.50182,\n    \"123\": 7.77084,\n    \"124\": 2.93782,\n    \"125\": 0.01705,\n    _: \"4 5 6 7 8 9 10 11 12 13 14 15 16 17 18 19 20 21 22 23 24 25 26 27 28 29 30 32 33 35 36 37 39 40 42 43 47 50 52 53 54 57 59 60 126 127\"\n  },\n  F: {\n    \"46\": 0.00244,\n    \"64\": 0.00244,\n    \"79\": 0.01462,\n    \"81\": 0.00244,\n    \"82\": 0.00244,\n    \"83\": 0.00244,\n    \"84\": 0.00244,\n    \"85\": 0.00244,\n    \"86\": 0.00244,\n    \"94\": 0.00244,\n    \"95\": 0.04872,\n    \"101\": 0.00244,\n    \"102\": 0.00244,\n    \"105\": 0.00244,\n    \"106\": 0.00487,\n    \"107\": 0.07795,\n    \"108\": 0.16078,\n    \"109\": 0.05116,\n    _: \"9 11 12 15 16 17 18 19 20 21 22 23 24 25 26 27 28 29 30 31 32 33 34 35 36 37 38 39 40 41 42 43 44 45 47 48 49 50 51 52 53 54 55 56 57 58 60 62 63 65 66 67 68 69 70 71 72 73 74 75 76 77 78 80 87 88 89 90 91 92 93 96 97 98 99 100 103 104 9.5-9.6 10.0-10.1 10.5 10.6 11.1 11.5 11.6 12.1\"\n  },\n  B: {\n    \"12\": 0.00487,\n    \"13\": 0.00487,\n    \"14\": 0.00487,\n    \"15\": 0.00244,\n    \"16\": 0.00487,\n    \"17\": 0.00487,\n    \"18\": 0.01949,\n    \"81\": 0.00244,\n    \"84\": 0.00244,\n    \"88\": 0.00244,\n    \"89\": 0.00731,\n    \"90\": 0.00487,\n    \"92\": 0.07552,\n    \"100\": 0.01462,\n    \"103\": 0.00244,\n    \"105\": 0.00244,\n    \"106\": 0.00244,\n    \"107\": 0.00244,\n    \"108\": 0.00487,\n    \"109\": 0.11936,\n    \"110\": 0.00244,\n    \"111\": 0.00244,\n    \"112\": 0.00244,\n    \"113\": 0.00244,\n    \"114\": 0.00731,\n    \"115\": 0.00244,\n    \"116\": 0.00244,\n    \"117\": 0.00244,\n    \"118\": 0.00244,\n    \"119\": 0.00731,\n    \"120\": 0.01949,\n    \"121\": 0.02436,\n    \"122\": 0.07552,\n    \"123\": 0.56028,\n    \"124\": 0.27527,\n    _: \"79 80 83 85 86 87 91 93 94 95 96 97 98 99 101 102 104\"\n  },\n  E: {\n    \"14\": 0.00244,\n    _: \"0 4 5 6 7 8 9 10 11 12 13 15 3.1 3.2 6.1 7.1 9.1 10.1 11.1 12.1 15.1 15.2-15.3 16.0 17.5\",\n    \"5.1\": 0.00244,\n    \"13.1\": 0.00487,\n    \"14.1\": 0.00731,\n    \"15.4\": 0.00244,\n    \"15.5\": 0.00244,\n    \"15.6\": 0.01462,\n    \"16.1\": 0.00244,\n    \"16.2\": 0.00244,\n    \"16.3\": 0.00244,\n    \"16.4\": 0.00244,\n    \"16.5\": 0.00244,\n    \"16.6\": 0.01218,\n    \"17.0\": 0.00244,\n    \"17.1\": 0.00487,\n    \"17.2\": 0.00731,\n    \"17.3\": 0.00974,\n    \"17.4\": 0.0341\n  },\n  G: {\n    \"8\": 0,\n    \"3.2\": 0,\n    \"4.0-4.1\": 0,\n    \"4.2-4.3\": 0.00109,\n    \"5.0-5.1\": 0.00109,\n    \"6.0-6.1\": 0.00272,\n    \"7.0-7.1\": 0.00434,\n    \"8.1-8.4\": 0.00109,\n    \"9.0-9.2\": 0.00272,\n    \"9.3\": 0.01358,\n    \"10.0-10.2\": 0.00272,\n    \"10.3\": 0.02172,\n    \"11.0-11.2\": 0.01847,\n    \"11.3-11.4\": 0.00543,\n    \"12.0-12.1\": 0.0038,\n    \"12.2-12.5\": 0.08852,\n    \"13.0-13.1\": 0.00163,\n    \"13.2\": 0.01792,\n    \"13.3\": 0.00434,\n    \"13.4-13.7\": 0.01684,\n    \"14.0-14.4\": 0.03313,\n    \"14.5-14.8\": 0.05051,\n    \"15.0-15.1\": 0.02335,\n    \"15.2-15.3\": 0.02661,\n    \"15.4\": 0.03041,\n    \"15.5\": 0.03856,\n    \"15.6-15.8\": 0.33672,\n    \"16.0\": 0.07875,\n    \"16.1\": 0.16401,\n    \"16.2\": 0.07875,\n    \"16.3\": 0.13903,\n    \"16.4\": 0.02878,\n    \"16.5\": 0.06028,\n    \"16.6-16.7\": 0.47629,\n    \"17.0\": 0.05702,\n    \"17.1\": 0.10536,\n    \"17.2\": 0.14012,\n    \"17.3\": 1.02211,\n    \"17.4\": 2.30707,\n    \"17.5\": 0.02118\n  },\n  P: {\n    \"4\": 0.19147,\n    \"20\": 0.18139,\n    \"21\": 0.27209,\n    \"22\": 0.50387,\n    \"23\": 1.15891,\n    \"24\": 2.52944,\n    \"5.0-5.4\": 0.02015,\n    \"6.2-6.4\": 0.03023,\n    \"7.2-7.4\": 0.21163,\n    \"8.2\": 0.02015,\n    \"9.2\": 0.04031,\n    \"10.1\": 0.02015,\n    \"11.1-11.2\": 0.11085,\n    \"12.0\": 0.04031,\n    \"13.0\": 0.12093,\n    \"14.0\": 0.13101,\n    \"15.0\": 0.06046,\n    \"16.0\": 0.16124,\n    \"17.0\": 0.24186,\n    \"18.0\": 0.15116,\n    \"19.0\": 0.21163\n  },\n  I: {\n    \"0\": 0.00753,\n    \"3\": 0,\n    \"4\": 0,\n    \"2.1\": 0,\n    \"2.2\": 0,\n    \"2.3\": 0,\n    \"4.1\": 0,\n    \"4.2-4.3\": 0,\n    \"4.4\": 0,\n    \"4.4.3-4.4.4\": 0.00002\n  },\n  A: {\n    \"8\": 0.00244,\n    \"11\": 1.4275,\n    _: \"6 7 9 10 5.5\"\n  },\n  K: {\n    \"0\": 0.42679,\n    _: \"10 11 12 11.1 11.5 12.1\"\n  },\n  J: {\n    _: \"7 10\"\n  },\n  N: {\n    _: \"10 11\"\n  },\n  S: {\n    _: \"2.5 3.0-3.1\"\n  },\n  Q: {\n    _: \"14.9\"\n  },\n  O: {\n    \"0\": 0.05295\n  },\n  H: {\n    \"0\": 0.08\n  },\n  L: {\n    \"0\": 63.19689\n  },\n  R: {\n    _: \"0\"\n  },\n  M: {\n    \"0\": 0.84717\n  }\n};","map":{"version":3,"names":["module","exports","C","_","D","F","B","E","G","P","I","A","K","J","N","S","Q","O","H","L","R","M"],