{"ast":null,"code":"module.exports = {\n  C: {\n    \"78\": 0.07392,\n    \"102\": 0.01739,\n    \"115\": 0.13044,\n    \"121\": 0.02609,\n    \"123\": 0.06522,\n    \"124\": 1.26092,\n    \"125\": 1.22614,\n    \"126\": 0.0087,\n    _: \"2 3 4 5 6 7 8 9 10 11 12 13 14 15 16 17 18 19 20 21 22 23 24 25 26 27 28 29 30 31 32 33 34 35 36 37 38 39 40 41 42 43 44 45 46 47 48 49 50 51 52 53 54 55 56 57 58 59 60 61 62 63 64 65 66 67 68 69 70 71 72 73 74 75 76 77 79 80 81 82 83 84 85 86 87 88 89 90 91 92 93 94 95 96 97 98 99 100 101 103 104 105 106 107 108 109 110 111 112 113 114 116 117 118 119 120 122 127 128 3.5 3.6\"\n  },\n  D: {\n    \"38\": 0.00435,\n    \"41\": 0.00435,\n    \"49\": 0.00435,\n    \"76\": 0.1,\n    \"77\": 0.03913,\n    \"79\": 0.00435,\n    \"83\": 0.01304,\n    \"84\": 0.00435,\n    \"91\": 0.0087,\n    \"92\": 0.00435,\n    \"93\": 0.06087,\n    \"99\": 0.00435,\n    \"100\": 0.00435,\n    \"103\": 0.04783,\n    \"109\": 0.90873,\n    \"111\": 0.00435,\n    \"112\": 0.02609,\n    \"114\": 0.00435,\n    \"116\": 0.14783,\n    \"117\": 0.05218,\n    \"118\": 0.00435,\n    \"119\": 0.24349,\n    \"120\": 0.08696,\n    \"121\": 0.11305,\n    \"122\": 2.01312,\n    \"123\": 10.3352,\n    \"124\": 4.36539,\n    _: \"4 5 6 7 8 9 10 11 12 13 14 15 16 17 18 19 20 21 22 23 24 25 26 27 28 29 30 31 32 33 34 35 36 37 39 40 42 43 44 45 46 47 48 50 51 52 53 54 55 56 57 58 59 60 61 62 63 64 65 66 67 68 69 70 71 72 73 74 75 78 80 81 85 86 87 88 89 90 94 95 96 97 98 101 102 104 105 106 107 108 110 113 115 125 126 127\"\n  },\n  F: {\n    \"107\": 0.22175,\n    \"108\": 0.25218,\n    \"109\": 0.02609,\n    _: \"9 11 12 15 16 17 18 19 20 21 22 23 24 25 26 27 28 29 30 31 32 33 34 35 36 37 38 39 40 41 42 43 44 45 46 47 48 49 50 51 52 53 54 55 56 57 58 60 62 63 64 65 66 67 68 69 70 71 72 73 74 75 76 77 78 79 80 81 82 83 84 85 86 87 88 89 90 91 92 93 94 95 96 97 98 99 100 101 102 103 104 105 106 9.5-9.6 10.0-10.1 10.5 10.6 11.1 11.5 11.6 12.1\"\n  },\n  B: {\n    \"109\": 0.01739,\n    \"110\": 0.01304,\n    \"115\": 0.00435,\n    \"118\": 0.0087,\n    \"119\": 0.09131,\n    \"120\": 0.01304,\n    \"121\": 0.00435,\n    \"122\": 0.54785,\n    \"123\": 4.52627,\n    \"124\": 2.37836,\n    _: \"12 13 14 15 16 17 18 79 80 81 83 84 85 86 87 88 89 90 91 92 93 94 95 96 97 98 99 100 101 102 103 104 105 106 107 108 111 112 113 114 116 117\"\n  },\n  E: {\n    \"10\": 0.00435,\n    \"14\": 0.04348,\n    \"15\": 0.00435,\n    _: \"0 4 5 6 7 8 9 11 12 13 3.1 3.2 5.1 6.1 7.1 9.1 10.1 11.1 15.2-15.3\",\n    \"12.1\": 0.0087,\n    \"13.1\": 0.22175,\n    \"14.1\": 0.13044,\n    \"15.1\": 0.02174,\n    \"15.4\": 0.10435,\n    \"15.5\": 0.1174,\n    \"15.6\": 1.70876,\n    \"16.0\": 0.82177,\n    \"16.1\": 0.12174,\n    \"16.2\": 0.20001,\n    \"16.3\": 0.39567,\n    \"16.4\": 0.12174,\n    \"16.5\": 0.04783,\n    \"16.6\": 1.50441,\n    \"17.0\": 0.1,\n    \"17.1\": 0.29566,\n    \"17.2\": 0.28262,\n    \"17.3\": 1.82616,\n    \"17.4\": 5.42196,\n    \"17.5\": 0.00435\n  },\n  G: {\n    \"8\": 0,\n    \"3.2\": 0,\n    \"4.0-4.1\": 0,\n    \"4.2-4.3\": 0.00665,\n    \"5.0-5.1\": 0.00665,\n    \"6.0-6.1\": 0.01663,\n    \"7.0-7.1\": 0.02661,\n    \"8.1-8.4\": 0.00665,\n    \"9.0-9.2\": 0.01663,\n    \"9.3\": 0.08316,\n    \"10.0-10.2\": 0.01663,\n    \"10.3\": 0.13305,\n    \"11.0-11.2\": 0.11309,\n    \"11.3-11.4\": 0.03326,\n    \"12.0-12.1\": 0.02328,\n    \"12.2-12.5\": 0.54217,\n    \"13.0-13.1\": 0.00998,\n    \"13.2\": 0.10976,\n    \"13.3\": 0.02661,\n    \"13.4-13.7\": 0.10311,\n    \"14.0-14.4\": 0.2029,\n    \"14.5-14.8\": 0.30934,\n    \"15.0-15.1\": 0.14303,\n    \"15.2-15.3\": 0.16298,\n    \"15.4\": 0.18627,\n    \"15.5\": 0.23616,\n    \"15.6-15.8\": 2.06225,\n    \"16.0\": 0.4823,\n    \"16.1\": 1.00451,\n    \"16.2\": 0.4823,\n    \"16.3\": 0.85151,\n    \"16.4\": 0.17629,\n    \"16.5\": 0.36921,\n    \"16.6-16.7\": 2.91708,\n    \"17.0\": 0.34925,\n    \"17.1\": 0.64528,\n    \"17.2\": 0.85816,\n    \"17.3\": 6.25991,\n    \"17.4\": 14.12971,\n    \"17.5\": 0.12972\n  },\n  P: {\n    \"4\": 0.01127,\n    \"20\": 0.14657,\n    \"21\": 0.07892,\n    \"22\": 0.01127,\n    \"23\": 0.10147,\n    \"24\": 3.64171,\n    _: \"5.0-5.4 6.2-6.4 7.2-7.4 8.2 10.1 11.1-11.2 12.0 13.0 14.0 15.0 16.0 17.0 18.0 19.0\",\n    \"9.2\": 0.01127\n  },\n  I: {\n    \"0\": 0.01126,\n    \"3\": 0,\n    \"4\": 0,\n    \"2.1\": 0,\n    \"2.2\": 0,\n    \"2.3\": 0,\n    \"4.1\": 0,\n    \"4.2-4.3\": 0.00001,\n    \"4.4\": 0,\n    \"4.4.3-4.4.4\": 0.00003\n  },\n  A: {\n    \"11\": 0.0087,\n    _: \"6 7 8 9 10 5.5\"\n  },\n  K: {\n    \"0\": 0.05087,\n    _: \"10 11 12 11.1 11.5 12.1\"\n  },\n  J: {\n    _: \"7 10\"\n  },\n  N: {\n    _: \"10 11\"\n  },\n  S: {\n    _: \"2.5 3.0-3.1\"\n  },\n  Q: {\n    _: \"14.9\"\n  },\n  O: {\n    \"0\": 0.00565\n  },\n  H: {\n    \"0\": 0\n  },\n  L: {\n    \"0\": 18.13033\n  },\n  R: {\n    _: \"0\"\n  },\n  M: {\n    \"0\": 0.54824\n  }\n};","map":{"version":3,"names":["module","exports","C","_","D","F","B","E","G","P","I","A","K","J","N","S","Q","O","H","L","R","M"],"sources":["C:/Users/chest/OneDrive/Documentos/GitHub/HackUPC/frontend/node_modules/caniuse-lite/data/regions/GG.js"],