{"ast":null,"code":"module.exports = {\n  C: {\n    \"4\": 0.01016,\n    \"50\": 0.03049,\n    \"52\": 0.04573,\n    \"53\": 0.03557,\n    \"56\": 0.03049,\n    \"59\": 0.06097,\n    \"78\": 0.01524,\n    \"84\": 0.00508,\n    \"87\": 0.00508,\n    \"102\": 0.00508,\n    \"103\": 0.00508,\n    \"108\": 0.00508,\n    \"111\": 0.00508,\n    \"113\": 0.00508,\n    \"115\": 0.33027,\n    \"118\": 0.02541,\n    \"119\": 0.00508,\n    \"120\": 0.00508,\n    \"121\": 0.01016,\n    \"122\": 0.01016,\n    \"123\": 0.10162,\n    \"124\": 1.36679,\n    \"125\": 0.59448,\n    _: \"2 3 5 6 7 8 9 10 11 12 13 14 15 16 17 18 19 20 21 22 23 24 25 26 27 28 29 30 31 32 33 34 35 36 37 38 39 40 41 42 43 44 45 46 47 48 49 51 54 55 57 58 60 61 62 63 64 65 66 67 68 69 70 71 72 73 74 75 76 77 79 80 81 82 83 85 86 88 89 90 91 92 93 94 95 96 97 98 99 100 101 104 105 106 107 109 110 112 114 116 117 126 127 128 3.5 3.6\"\n  },\n  D: {\n    \"38\": 0.01016,\n    \"41\": 0.00508,\n    \"49\": 0.03049,\n    \"66\": 0.25913,\n    \"79\": 0.01016,\n    \"83\": 0.00508,\n    \"86\": 0.07622,\n    \"87\": 0.13211,\n    \"89\": 0.00508,\n    \"91\": 0.00508,\n    \"93\": 0.01016,\n    \"94\": 0.00508,\n    \"96\": 0.00508,\n    \"98\": 0.01016,\n    \"99\": 0.00508,\n    \"100\": 0.06605,\n    \"101\": 0.13719,\n    \"102\": 0.07113,\n    \"103\": 0.12194,\n    \"104\": 0.0813,\n    \"105\": 0.00508,\n    \"106\": 0.01016,\n    \"107\": 0.01524,\n    \"108\": 0.02032,\n    \"109\": 0.45221,\n    \"110\": 0.02541,\n    \"111\": 0.01524,\n    \"112\": 0.03049,\n    \"113\": 0.00508,\n    \"114\": 0.07113,\n    \"115\": 0.02032,\n    \"116\": 0.18292,\n    \"117\": 0.02541,\n    \"118\": 7.76885,\n    \"119\": 0.06605,\n    \"120\": 0.23881,\n    \"121\": 0.38108,\n    \"122\": 2.02732,\n    \"123\": 13.70854,\n    \"124\": 5.11657,\n    \"125\": 0.01016,\n    _: \"4 5 6 7 8 9 10 11 12 13 14 15 16 17 18 19 20 21 22 23 24 25 26 27 28 29 30 31 32 33 34 35 36 37 39 40 42 43 44 45 46 47 48 50 51 52 53 54 55 56 57 58 59 60 61 62 63 64 65 67 68 69 70 71 72 73 74 75 76 77 78 80 81 84 85 88 90 92 95 97 126 127\"\n  },\n  F: {\n    \"87\": 0.00508,\n    \"95\": 0.03049,\n    \"105\": 0.01016,\n    \"106\": 0.03049,\n    \"107\": 1.53446,\n    \"108\": 0.53859,\n    \"109\": 0.16259,\n    _: \"9 11 12 15 16 17 18 19 20 21 22 23 24 25 26 27 28 29 30 31 32 33 34 35 36 37 38 39 40 41 42 43 44 45 46 47 48 49 50 51 52 53 54 55 56 57 58 60 62 63 64 65 66 67 68 69 70 71 72 73 74 75 76 77 78 79 80 81 82 83 84 85 86 88 89 90 91 92 93 94 96 97 98 99 100 101 102 103 104 9.5-9.6 10.0-10.1 10.5 10.6 11.1 11.5 11.6 12.1\"\n  },\n  B: {\n    \"17\": 0.03049,\n    \"92\": 0.00508,\n    \"100\": 0.00508,\n    \"106\": 0.00508,\n    \"107\": 0.00508,\n    \"108\": 0.00508,\n    \"109\": 0.05589,\n    \"110\": 0.00508,\n    \"112\": 0.00508,\n    \"113\": 0.01524,\n    \"114\": 0.01524,\n    \"115\": 0.01016,\n    \"117\": 0.01016,\n    \"118\": 0.00508,\n    \"119\": 0.02032,\n    \"120\": 0.04573,\n    \"121\": 0.04573,\n    \"122\": 0.5081,\n    \"123\": 4.15626,\n    \"124\": 1.91046,\n    _: \"12 13 14 15 16 18 79 80 81 83 84 85 86 87 88 89 90 91 93 94 95 96 97 98 99 101 102 103 104 105 111 116\"\n  },\n  E: {\n    \"9\": 0.00508,\n    \"13\": 0.00508,\n    \"14\": 0.03557,\n    \"15\": 0.01016,\n    _: \"0 4 5 6 7 8 10 11 12 3.1 3.2 5.1 6.1 7.1 9.1 10.1\",\n    \"11.1\": 0.04573,\n    \"12.1\": 0.01016,\n    \"13.1\": 0.07113,\n    \"14.1\": 0.13211,\n    \"15.1\": 0.25405,\n    \"15.2-15.3\": 0.02541,\n    \"15.4\": 0.04573,\n    \"15.5\": 0.06097,\n    \"15.6\": 0.43697,\n    \"16.0\": 0.05081,\n    \"16.1\": 0.10162,\n    \"16.2\": 0.09654,\n    \"16.3\": 0.19816,\n    \"16.4\": 0.09146,\n    \"16.5\": 0.12194,\n    \"16.6\": 0.74183,\n    \"17.0\": 0.08638,\n    \"17.1\": 0.21848,\n    \"17.2\": 0.28454,\n    \"17.3\": 0.89934,\n    \"17.4\": 2.74374,\n    \"17.5\": 0.01524\n  },\n  G: {\n    \"8\": 0,\n    \"3.2\": 0,\n    \"4.0-4.1\": 0,\n    \"4.2-4.3\": 0.00533,\n    \"5.0-5.1\": 0.00533,\n    \"6.0-6.1\": 0.01333,\n    \"7.0-7.1\": 0.02132,\n    \"8.1-8.4\": 0.00533,\n    \"9.0-9.2\": 0.01333,\n    \"9.3\": 0.06663,\n    \"10.0-10.2\": 0.01333,\n    \"10.3\": 0.10661,\n    \"11.0-11.2\": 0.09062,\n    \"11.3-11.4\": 0.02665,\n    \"12.0-12.1\": 0.01866,\n    \"12.2-12.5\": 0.43442,\n    \"13.0-13.1\": 0.008,\n    \"13.2\": 0.08795,\n    \"13.3\": 0.02132,\n    \"13.4-13.7\": 0.08262,\n    \"14.0-14.4\": 0.16258,\n    \"14.5-14.8\": 0.24786,\n    \"15.0-15.1\": 0.1146,\n    \"15.2-15.3\": 0.13059,\n    \"15.4\": 0.14925,\n    \"15.5\": 0.18923,\n    \"15.6-15.8\": 1.6524,\n    \"16.0\": 0.38645,\n    \"16.1\": 0.80488,\n    \"16.2\": 0.38645,\n    \"16.3\": 0.68228,\n    \"16.4\": 0.14125,\n    \"16.5\": 0.29583,\n    \"16.6-16.7\": 2.33735,\n    \"17.0\": 0.27984,\n    \"17.1\": 0.51704,\n    \"17.2\": 0.68761,\n    \"17.3\": 5.01584,\n    \"17.4\": 11.32162,\n    \"17.5\": 0.10394\n  },\n  P: {\n    \"4\": 0.04214,\n    \"20\": 0.01053,\n    \"21\": 0.02107,\n    \"22\": 0.02107,\n    \"23\": 0.14748,\n    \"24\": 2.91798,\n    \"5.0-5.4\": 0.01053,\n    _: \"6.2-6.4 7.2-7.4 8.2 9.2 10.1 11.1-11.2 12.0 13.0 14.0 15.0 16.0 18.0\",\n    \"17.0\": 0.01053,\n    \"19.0\": 0.01053\n  },\n  I: {\n    \"0\": 0.0294,\n    \"3\": 0,\n    \"4\": 0,\n    \"2.1\": 0,\n    \"2.2\": 0,\n    \"2.3\": 0,\n    \"4.1\": 0.00001,\n    \"4.2-4.3\": 0.00002,\n    \"4.4\": 0,\n    \"4.4.3-4.4.4\": 0.00007\n  },\n  A: {\n    \"8\": 0.00508,\n    \"11\": 0.18292,\n    _: \"6 7 9 10 5.5\"\n  },\n  K: {\n    \"0\": 0.28536,\n    _: \"10 11 12 11.1 11.5 12.1\"\n  },\n  J: {\n    _: \"7 10\"\n  },\n  N: {\n    _: \"10 11\"\n  },\n  S: {\n    _: \"2.5 3.0-3.1\"\n  },\n  Q: {\n    _: \"14.9\"\n  },\n  O: {\n    \"0\": 0.01476\n  },\n  H: {\n    \"0\": 0\n  },\n  L: {\n    \"0\": 18.14083\n  },\n  R: {\n    _: \"0\"\n  },\n  M: {\n    \"0\": 0.57072\n  }\n};","map":{"version":3,"names":["module","exports","C","_","D","F","B","E","G","P","I","A","K","J","N","S","Q","O","H","L","R","M"],"sources":["C:/Users/chest/OneDrive/Documentos/GitHub/HackUPC/frontend/node_modules/caniuse-lite/data/regions/NO.js"],