{"ast":null,"code":"module.exports = {\n  C: {\n    \"34\": 0.00485,\n    \"37\": 0.00485,\n    \"48\": 0.00485,\n    \"52\": 0.03396,\n    \"54\": 0.00485,\n    \"59\": 0.03396,\n    \"78\": 0.05337,\n    \"88\": 0.00485,\n    \"108\": 0.00485,\n    \"112\": 0.00485,\n    \"113\": 0.0097,\n    \"114\": 0.00485,\n    \"115\": 0.26201,\n    \"116\": 0.00485,\n    \"117\": 0.00485,\n    \"118\": 0.00485,\n    \"119\": 0.00485,\n    \"120\": 0.00485,\n    \"121\": 0.00485,\n    \"122\": 0.00485,\n    \"123\": 0.05822,\n    \"124\": 1.5866,\n    \"125\": 0.70354,\n    _: \"2 3 4 5 6 7 8 9 10 11 12 13 14 15 16 17 18 19 20 21 22 23 24 25 26 27 28 29 30 31 32 33 35 36 38 39 40 41 42 43 44 45 46 47 49 50 51 53 55 56 57 58 60 61 62 63 64 65 66 67 68 69 70 71 72 73 74 75 76 77 79 80 81 82 83 84 85 86 87 89 90 91 92 93 94 95 96 97 98 99 100 101 102 103 104 105 106 107 109 110 111 126 127 128 3.5 3.6\"\n  },\n  D: {\n    \"34\": 0.0097,\n    \"38\": 0.1116,\n    \"49\": 0.05822,\n    \"52\": 0.0097,\n    \"53\": 0.00485,\n    \"59\": 0.01456,\n    \"61\": 0.0097,\n    \"63\": 0.00485,\n    \"65\": 0.00485,\n    \"66\": 0.16497,\n    \"67\": 0.00485,\n    \"68\": 0.00485,\n    \"69\": 0.00485,\n    \"70\": 0.00485,\n    \"73\": 0.00485,\n    \"74\": 0.00485,\n    \"75\": 0.00485,\n    \"76\": 0.00485,\n    \"77\": 0.00485,\n    \"78\": 0.00485,\n    \"79\": 0.07763,\n    \"80\": 0.00485,\n    \"83\": 0.01941,\n    \"84\": 0.00485,\n    \"86\": 0.0097,\n    \"87\": 0.04852,\n    \"88\": 0.01456,\n    \"89\": 0.01456,\n    \"90\": 0.08248,\n    \"91\": 0.00485,\n    \"92\": 0.0097,\n    \"93\": 0.04367,\n    \"94\": 0.02911,\n    \"95\": 0.00485,\n    \"96\": 0.00485,\n    \"97\": 0.00485,\n    \"98\": 0.01456,\n    \"99\": 0.0097,\n    \"100\": 0.00485,\n    \"101\": 0.00485,\n    \"102\": 0.02426,\n    \"103\": 0.18923,\n    \"104\": 0.01456,\n    \"105\": 0.0097,\n    \"106\": 0.01456,\n    \"107\": 0.01941,\n    \"108\": 0.02426,\n    \"109\": 0.73265,\n    \"110\": 0.01941,\n    \"111\": 0.01941,\n    \"112\": 0.01941,\n    \"113\": 0.20378,\n    \"114\": 0.20864,\n    \"115\": 0.01456,\n    \"116\": 0.28142,\n    \"117\": 0.03396,\n    \"118\": 0.05822,\n    \"119\": 0.17952,\n    \"120\": 0.25716,\n    \"121\": 0.44153,\n    \"122\": 2.11062,\n    \"123\": 16.92863,\n    \"124\": 6.36582,\n    \"125\": 0.03882,\n    _: \"4 5 6 7 8 9 10 11 12 13 14 15 16 17 18 19 20 21 22 23 24 25 26 27 28 29 30 31 32 33 35 36 37 39 40 41 42 43 44 45 46 47 48 50 51 54 55 56 57 58 60 62 64 71 72 81 85 126 127\"\n  },\n  F: {\n    \"42\": 0.00485,\n    \"45\": 0.00485,\n    \"46\": 0.0097,\n    \"82\": 0.00485,\n    \"91\": 0.00485,\n    \"95\": 0.02911,\n    \"105\": 0.00485,\n    \"106\": 0.00485,\n    \"107\": 0.70354,\n    \"108\": 0.19893,\n    \"109\": 0.08734,\n    _: \"9 11 12 15 16 17 18 19 20 21 22 23 24 25 26 27 28 29 30 31 32 33 34 35 36 37 38 39 40 41 43 44 47 48 49 50 51 52 53 54 55 56 57 58 60 62 63 64 65 66 67 68 69 70 71 72 73 74 75 76 77 78 79 80 81 83 84 85 86 87 88 89 90 92 93 94 96 97 98 99 100 101 102 103 104 9.5-9.6 10.0-10.1 10.5 10.6 11.1 11.5 11.6 12.1\"\n  },\n  B: {\n    \"17\": 0.01456,\n    \"18\": 0.00485,\n    \"91\": 0.00485,\n    \"92\": 0.00485,\n    \"103\": 0.00485,\n    \"105\": 0.01456,\n    \"107\": 0.00485,\n    \"109\": 0.03882,\n    \"111\": 0.00485,\n    \"113\": 0.01456,\n    \"114\": 0.00485,\n    \"115\": 0.00485,\n    \"116\": 0.00485,\n    \"117\": 0.00485,\n    \"118\": 0.00485,\n    \"119\": 0.01456,\n    \"120\": 0.04852,\n    \"121\": 0.03882,\n    \"122\": 0.36875,\n    \"123\": 4.4784,\n    \"124\": 1.92139,\n    _: \"12 13 14 15 16 79 80 81 83 84 85 86 87 88 89 90 93 94 95 96 97 98 99 100 101 102 104 106 108 110 112\"\n  },\n  E: {\n    \"9\": 0.00485,\n    \"12\": 0.00485,\n    \"13\": 0.03882,\n    \"14\": 0.08734,\n    \"15\": 0.01941,\n    _: \"0 4 5 6 7 8 10 11 3.1 3.2 5.1 6.1 7.1 9.1 10.1\",\n    \"11.1\": 0.03396,\n    \"12.1\": 0.01456,\n    \"13.1\": 0.17952,\n    \"14.1\": 0.22804,\n    \"15.1\": 0.02911,\n    \"15.2-15.3\": 0.03396,\n    \"15.4\": 0.03882,\n    \"15.5\": 0.10189,\n    \"15.6\": 0.66958,\n    \"16.0\": 0.05822,\n    \"16.1\": 0.12615,\n    \"16.2\": 0.13586,\n    \"16.3\": 0.2523,\n    \"16.4\": 0.05822,\n    \"16.5\": 0.13586,\n    \"16.6\": 0.87336,\n    \"17.0\": 0.05822,\n    \"17.1\": 0.18438,\n    \"17.2\": 0.27656,\n    \"17.3\": 1.01892,\n    \"17.4\": 2.68801,\n    \"17.5\": 0.0097\n  },\n  G: {\n    \"8\": 0,\n    \"3.2\": 0,\n    \"4.0-4.1\": 0,\n    \"4.2-4.3\": 0.00306,\n    \"5.0-5.1\": 0.00306,\n    \"6.0-6.1\": 0.00764,\n    \"7.0-7.1\": 0.01223,\n    \"8.1-8.4\": 0.00306,\n    \"9.0-9.2\": 0.00764,\n    \"9.3\": 0.03822,\n    \"10.0-10.2\": 0.00764,\n    \"10.3\": 0.06116,\n    \"11.0-11.2\": 0.05198,\n    \"11.3-11.4\": 0.01529,\n    \"12.0-12.1\": 0.0107,\n    \"12.2-12.5\": 0.24922,\n    \"13.0-13.1\": 0.00459,\n    \"13.2\": 0.05046,\n    \"13.3\": 0.01223,\n    \"13.4-13.7\": 0.0474,\n    \"14.0-14.4\": 0.09327,\n    \"14.5-14.8\": 0.14219,\n    \"15.0-15.1\": 0.06575,\n    \"15.2-15.3\": 0.07492,\n    \"15.4\": 0.08562,\n    \"15.5\": 0.10856,\n    \"15.6-15.8\": 0.94795,\n    \"16.0\": 0.2217,\n    \"16.1\": 0.46174,\n    \"16.2\": 0.2217,\n    \"16.3\": 0.39141,\n    \"16.4\": 0.08103,\n    \"16.5\": 0.16971,\n    \"16.6-16.7\": 1.34089,\n    \"17.0\": 0.16054,\n    \"17.1\": 0.29662,\n    \"17.2\": 0.39447,\n    \"17.3\": 2.8775,\n    \"17.4\": 6.49501,\n    \"17.5\": 0.05963\n  },\n  P: {\n    \"4\": 0.18319,\n    \"20\": 0.01078,\n    \"21\": 0.06465,\n    \"22\": 0.05388,\n    \"23\": 0.14008,\n    \"24\": 2.20903,\n    \"5.0-5.4\": 0.03233,\n    \"6.2-6.4\": 0.02155,\n    \"7.2-7.4\": 0.01078,\n    \"8.2\": 0.01078,\n    _: \"9.2 10.1 12.0 15.0 18.0\",\n    \"11.1-11.2\": 0.02155,\n    \"13.0\": 0.01078,\n    \"14.0\": 0.01078,\n    \"16.0\": 0.02155,\n    \"17.0\": 0.01078,\n    \"19.0\": 0.02155\n  },\n  I: {\n    \"0\": 0.03589,\n    \"3\": 0,\n    \"4\": 0,\n    \"2.1\": 0,\n    \"2.2\": 0,\n    \"2.3\": 0,\n    \"4.1\": 0.00001,\n    \"4.2-4.3\": 0.00002,\n    \"4.4\": 0,\n    \"4.4.3-4.4.4\": 0.00009\n  },\n  A: {\n    \"8\": 0.02232,\n    \"11\": 0.20087,\n    _: \"6 7 9 10 5.5\"\n  },\n  K: {\n    \"0\": 0.16474,\n    _: \"10 11 12 11.1 11.5 12.1\"\n  },\n  J: {\n    _: \"7 10\"\n  },\n  N: {\n    _: \"10 11\"\n  },\n  S: {\n    _: \"2.5 3.0-3.1\"\n  },\n  Q: {\n    \"14.9\": 0.0103\n  },\n  O: {\n    \"0\": 0.05663\n  },\n  H: {\n    \"0\": 0\n  },\n  L: {\n    \"0\": 32.74369\n  },\n  R: {\n    _: \"0\"\n  },\n  M: {\n    \"0\": 0.43758\n  }\n};","map":{"version":3,"names":["module","exports","C","_","D","F","B","E","G","P","I","A","K","J","N","S","Q","O","H","L","R","M"],"sources":["C:/Users/chest/OneDrive/Documentos/GitHub/HackUPC/frontend/node_modules/caniuse-lite/data/regions/NZ.js"],