{"ast":null,"code":"module.exports = {\n  C: {\n    \"20\": 0.00326,\n    \"34\": 0.00326,\n    \"44\": 0.00652,\n    \"72\": 0.00326,\n    \"78\": 0.00652,\n    \"88\": 0.00652,\n    \"94\": 0.00652,\n    \"112\": 0.03586,\n    \"113\": 0.00652,\n    \"114\": 0.02934,\n    \"115\": 0.20864,\n    \"117\": 0.00652,\n    \"118\": 0.00326,\n    \"120\": 0.00652,\n    \"121\": 0.00652,\n    \"122\": 0.01304,\n    \"123\": 0.02934,\n    \"124\": 1.12796,\n    \"125\": 0.50204,\n    \"126\": 0.00326,\n    _: \"2 3 4 5 6 7 8 9 10 11 12 13 14 15 16 17 18 19 21 22 23 24 25 26 27 28 29 30 31 32 33 35 36 37 38 39 40 41 42 43 45 46 47 48 49 50 51 52 53 54 55 56 57 58 59 60 61 62 63 64 65 66 67 68 69 70 71 73 74 75 76 77 79 80 81 82 83 84 85 86 87 89 90 91 92 93 95 96 97 98 99 100 101 102 103 104 105 106 107 108 109 110 111 116 119 127 128 3.5 3.6\"\n  },\n  D: {\n    \"38\": 0.02934,\n    \"49\": 0.02282,\n    \"53\": 0.00652,\n    \"56\": 0.00326,\n    \"60\": 0.00326,\n    \"65\": 0.00326,\n    \"67\": 0.00978,\n    \"68\": 0.00652,\n    \"69\": 0.00326,\n    \"72\": 0.00326,\n    \"78\": 0.00652,\n    \"79\": 0.02282,\n    \"80\": 0.00978,\n    \"81\": 0.02934,\n    \"83\": 0.00652,\n    \"85\": 0.00326,\n    \"86\": 0.00326,\n    \"87\": 0.0489,\n    \"88\": 0.0163,\n    \"89\": 0.00326,\n    \"91\": 0.00978,\n    \"92\": 0.00652,\n    \"93\": 0.00652,\n    \"94\": 0.02934,\n    \"95\": 0.00326,\n    \"96\": 0.01956,\n    \"98\": 0.00326,\n    \"99\": 0.02934,\n    \"100\": 0.01304,\n    \"101\": 0.00326,\n    \"102\": 0.00326,\n    \"103\": 0.03586,\n    \"104\": 0.00978,\n    \"106\": 0.00978,\n    \"107\": 0.00652,\n    \"108\": 0.00978,\n    \"109\": 1.57458,\n    \"110\": 0.00326,\n    \"111\": 0.03912,\n    \"112\": 0.00326,\n    \"113\": 0.00652,\n    \"114\": 0.0326,\n    \"115\": 0.03912,\n    \"116\": 0.10106,\n    \"117\": 0.0163,\n    \"118\": 0.0163,\n    \"119\": 0.14996,\n    \"120\": 0.0978,\n    \"121\": 0.2608,\n    \"122\": 0.8639,\n    \"123\": 13.47032,\n    \"124\": 4.9389,\n    \"125\": 0.0326,\n    \"126\": 0.00326,\n    _: \"4 5 6 7 8 9 10 11 12 13 14 15 16 17 18 19 20 21 22 23 24 25 26 27 28 29 30 31 32 33 34 35 36 37 39 40 41 42 43 44 45 46 47 48 50 51 52 54 55 57 58 59 61 62 63 64 66 70 71 73 74 75 76 77 84 90 97 105 127\"\n  },\n  F: {\n    \"28\": 0.0326,\n    \"95\": 0.02934,\n    \"102\": 0.00652,\n    \"107\": 0.44662,\n    \"108\": 0.26406,\n    \"109\": 0.12388,\n    _: \"9 11 12 15 16 17 18 19 20 21 22 23 24 25 26 27 29 30 31 32 33 34 35 36 37 38 39 40 41 42 43 44 45 46 47 48 49 50 51 52 53 54 55 56 57 58 60 62 63 64 65 66 67 68 69 70 71 72 73 74 75 76 77 78 79 80 81 82 83 84 85 86 87 88 89 90 91 92 93 94 96 97 98 99 100 101 103 104 105 106 9.5-9.6 10.0-10.1 10.5 10.6 11.1 11.5 11.6 12.1\"\n  },\n  B: {\n    \"12\": 0.00326,\n    \"15\": 0.00326,\n    \"16\": 0.00978,\n    \"17\": 0.01304,\n    \"18\": 0.00652,\n    \"92\": 0.00978,\n    \"100\": 0.00326,\n    \"109\": 0.08802,\n    \"110\": 0.00652,\n    \"114\": 0.00652,\n    \"115\": 0.00326,\n    \"116\": 0.00326,\n    \"117\": 0.00326,\n    \"119\": 0.00652,\n    \"120\": 0.01304,\n    \"121\": 0.02608,\n    \"122\": 0.19886,\n    \"123\": 2.45804,\n    \"124\": 1.0432,\n    _: \"13 14 79 80 81 83 84 85 86 87 88 89 90 91 93 94 95 96 97 98 99 101 102 103 104 105 106 107 108 111 112 113 118\"\n  },\n  E: {\n    \"14\": 0.02608,\n    \"15\": 0.00326,\n    _: \"0 4 5 6 7 8 9 10 11 12 13 3.1 3.2 5.1 6.1 7.1 9.1 10.1 11.1\",\n    \"12.1\": 0.00326,\n    \"13.1\": 0.02282,\n    \"14.1\": 0.09128,\n    \"15.1\": 0.00326,\n    \"15.2-15.3\": 0.00978,\n    \"15.4\": 0.01304,\n    \"15.5\": 0.02282,\n    \"15.6\": 0.18256,\n    \"16.0\": 0.00978,\n    \"16.1\": 0.02934,\n    \"16.2\": 0.0326,\n    \"16.3\": 0.1141,\n    \"16.4\": 0.00978,\n    \"16.5\": 0.04564,\n    \"16.6\": 0.19234,\n    \"17.0\": 0.06194,\n    \"17.1\": 0.07172,\n    \"17.2\": 0.10432,\n    \"17.3\": 0.17604,\n    \"17.4\": 0.61288,\n    \"17.5\": 0.02934\n  },\n  G: {\n    \"8\": 0,\n    \"3.2\": 0,\n    \"4.0-4.1\": 0,\n    \"4.2-4.3\": 0.00173,\n    \"5.0-5.1\": 0.00173,\n    \"6.0-6.1\": 0.00432,\n    \"7.0-7.1\": 0.00691,\n    \"8.1-8.4\": 0.00173,\n    \"9.0-9.2\": 0.00432,\n    \"9.3\": 0.02158,\n    \"10.0-10.2\": 0.00432,\n    \"10.3\": 0.03454,\n    \"11.0-11.2\": 0.02936,\n    \"11.3-11.4\": 0.00863,\n    \"12.0-12.1\": 0.00604,\n    \"12.2-12.5\": 0.14073,\n    \"13.0-13.1\": 0.00259,\n    \"13.2\": 0.02849,\n    \"13.3\": 0.00691,\n    \"13.4-13.7\": 0.02677,\n    \"14.0-14.4\": 0.05267,\n    \"14.5-14.8\": 0.0803,\n    \"15.0-15.1\": 0.03713,\n    \"15.2-15.3\": 0.04231,\n    \"15.4\": 0.04835,\n    \"15.5\": 0.0613,\n    \"15.6-15.8\": 0.5353,\n    \"16.0\": 0.12519,\n    \"16.1\": 0.26074,\n    \"16.2\": 0.12519,\n    \"16.3\": 0.22103,\n    \"16.4\": 0.04576,\n    \"16.5\": 0.09584,\n    \"16.6-16.7\": 0.7572,\n    \"17.0\": 0.09066,\n    \"17.1\": 0.1675,\n    \"17.2\": 0.22276,\n    \"17.3\": 1.62491,\n    \"17.4\": 3.6677,\n    \"17.5\": 0.03367\n  },\n  P: {\n    \"4\": 0.13582,\n    \"20\": 0.04179,\n    \"21\": 0.07313,\n    \"22\": 0.15671,\n    \"23\": 0.45969,\n    \"24\": 4.19992,\n    \"5.0-5.4\": 0.01045,\n    \"6.2-6.4\": 0.0209,\n    \"7.2-7.4\": 0.14627,\n    _: \"8.2 9.2 10.1 12.0 15.0\",\n    \"11.1-11.2\": 0.0209,\n    \"13.0\": 0.01045,\n    \"14.0\": 0.10448,\n    \"16.0\": 0.10448,\n    \"17.0\": 0.0209,\n    \"18.0\": 0.4388,\n    \"19.0\": 0.14627\n  },\n  I: {\n    \"0\": 0.08055,\n    \"3\": 0,\n    \"4\": 0.00001,\n    \"2.1\": 0,\n    \"2.2\": 0,\n    \"2.3\": 0,\n    \"4.1\": 0.00002,\n    \"4.2-4.3\": 0.00005,\n    \"4.4\": 0,\n    \"4.4.3-4.4.4\": 0.0002\n  },\n  A: {\n    \"11\": 0.0163,\n    _: \"6 7 8 9 10 5.5\"\n  },\n  K: {\n    \"0\": 1.07188,\n    _: \"10 11 12 11.1 11.5 12.1\"\n  },\n  J: {\n    _: \"7 10\"\n  },\n  N: {\n    _: \"10 11\"\n  },\n  S: {\n    _: \"2.5 3.0-3.1\"\n  },\n  Q: {\n    _: \"14.9\"\n  },\n  O: {\n    \"0\": 1.00426\n  },\n  H: {\n    \"0\": 0.02\n  },\n  L: {\n    \"0\": 51.09662\n  },\n  R: {\n    _: \"0\"\n  },\n  M: {\n    \"0\": 0.48528\n  }\n};","map":{"version":3,"names":["module","exports","C","_","D","F","B","E","G","P","I","A","K","J","N","S","Q","O","H","L","R","M"],"sources":["C:/Users/chest/OneDrive/Documentos/GitHub/HackUPC/frontend/node_modules/caniuse-lite/data/regions/MU.js"],