{"ast":null,"code":"module.exports = {\n  C: {\n    \"52\": 0.01972,\n    \"65\": 0.00493,\n    \"78\": 0.00493,\n    \"102\": 0.02959,\n    \"103\": 0.00493,\n    \"105\": 0.00493,\n    \"106\": 0.47338,\n    \"107\": 0.00493,\n    \"108\": 0.02466,\n    \"109\": 0.02466,\n    \"110\": 0.03452,\n    \"111\": 0.04438,\n    \"115\": 0.03945,\n    \"123\": 0.00986,\n    \"124\": 0.86293,\n    \"125\": 0.38462,\n    _: \"2 3 4 5 6 7 8 9 10 11 12 13 14 15 16 17 18 19 20 21 22 23 24 25 26 27 28 29 30 31 32 33 34 35 36 37 38 39 40 41 42 43 44 45 46 47 48 49 50 51 53 54 55 56 57 58 59 60 61 62 63 64 66 67 68 69 70 71 72 73 74 75 76 77 79 80 81 82 83 84 85 86 87 88 89 90 91 92 93 94 95 96 97 98 99 100 101 104 112 113 114 116 117 118 119 120 121 122 126 127 128 3.5 3.6\"\n  },\n  D: {\n    \"61\": 0.00493,\n    \"65\": 0.00493,\n    \"79\": 0.00986,\n    \"80\": 0.04438,\n    \"102\": 0.02466,\n    \"103\": 0.09862,\n    \"105\": 0.00986,\n    \"106\": 0.93689,\n    \"107\": 0.75937,\n    \"108\": 0.20217,\n    \"109\": 1.52861,\n    \"110\": 1.12427,\n    \"111\": 0.01972,\n    \"112\": 0.06903,\n    \"113\": 0.04931,\n    \"115\": 0.25641,\n    \"116\": 0.18738,\n    \"117\": 0.07397,\n    \"118\": 0.01972,\n    \"119\": 0.0641,\n    \"120\": 0.11834,\n    \"121\": 0.44872,\n    \"122\": 1.10948,\n    \"123\": 15.04448,\n    \"124\": 8.08684,\n    \"125\": 0.04931,\n    _: \"4 5 6 7 8 9 10 11 12 13 14 15 16 17 18 19 20 21 22 23 24 25 26 27 28 29 30 31 32 33 34 35 36 37 38 39 40 41 42 43 44 45 46 47 48 49 50 51 52 53 54 55 56 57 58 59 60 62 63 64 66 67 68 69 70 71 72 73 74 75 76 77 78 81 83 84 85 86 87 88 89 90 91 92 93 94 95 96 97 98 99 100 101 104 114 126 127\"\n  },\n  F: {\n    \"93\": 0.00493,\n    \"94\": 0.02466,\n    \"106\": 0.01479,\n    \"107\": 0.95661,\n    \"108\": 0.429,\n    \"109\": 0.05424,\n    _: \"9 11 12 15 16 17 18 19 20 21 22 23 24 25 26 27 28 29 30 31 32 33 34 35 36 37 38 39 40 41 42 43 44 45 46 47 48 49 50 51 52 53 54 55 56 57 58 60 62 63 64 65 66 67 68 69 70 71 72 73 74 75 76 77 78 79 80 81 82 83 84 85 86 87 88 89 90 91 92 95 96 97 98 99 100 101 102 103 104 105 9.5-9.6 10.0-10.1 10.5 10.6 11.1 11.5 11.6 12.1\"\n  },\n  B: {\n    \"18\": 0.01479,\n    \"92\": 0.00493,\n    \"104\": 0.00493,\n    \"106\": 0.00493,\n    \"107\": 0.00493,\n    \"108\": 0.00493,\n    \"111\": 0.02466,\n    \"120\": 0.01479,\n    \"121\": 0.00493,\n    \"122\": 0.36983,\n    \"123\": 5.59175,\n    \"124\": 1.75544,\n    _: \"12 13 14 15 16 17 79 80 81 83 84 85 86 87 88 89 90 91 93 94 95 96 97 98 99 100 101 102 103 105 109 110 112 113 114 115 116 117 118 119\"\n  },\n  E: {\n    \"14\": 0.08876,\n    \"15\": 0.00493,\n    _: \"0 4 5 6 7 8 9 10 11 12 13 3.1 3.2 5.1 6.1 7.1 9.1 10.1 11.1 12.1 15.1 15.2-15.3\",\n    \"13.1\": 0.40927,\n    \"14.1\": 0.10355,\n    \"15.4\": 0.0641,\n    \"15.5\": 0.16765,\n    \"15.6\": 0.43886,\n    \"16.0\": 0.00986,\n    \"16.1\": 0.31558,\n    \"16.2\": 0.03945,\n    \"16.3\": 0.11834,\n    \"16.4\": 0.09369,\n    \"16.5\": 0.26627,\n    \"16.6\": 0.79882,\n    \"17.0\": 0.02466,\n    \"17.1\": 0.27121,\n    \"17.2\": 0.15286,\n    \"17.3\": 0.45858,\n    \"17.4\": 2.14005,\n    \"17.5\": 0.00986\n  },\n  G: {\n    \"8\": 0,\n    \"3.2\": 0,\n    \"4.0-4.1\": 0,\n    \"4.2-4.3\": 0.00477,\n    \"5.0-5.1\": 0.00477,\n    \"6.0-6.1\": 0.01193,\n    \"7.0-7.1\": 0.01909,\n    \"8.1-8.4\": 0.00477,\n    \"9.0-9.2\": 0.01193,\n    \"9.3\": 0.05965,\n    \"10.0-10.2\": 0.01193,\n    \"10.3\": 0.09544,\n    \"11.0-11.2\": 0.08112,\n    \"11.3-11.4\": 0.02386,\n    \"12.0-12.1\": 0.0167,\n    \"12.2-12.5\": 0.38891,\n    \"13.0-13.1\": 0.00716,\n    \"13.2\": 0.07874,\n    \"13.3\": 0.01909,\n    \"13.4-13.7\": 0.07396,\n    \"14.0-14.4\": 0.14554,\n    \"14.5-14.8\": 0.22189,\n    \"15.0-15.1\": 0.1026,\n    \"15.2-15.3\": 0.11691,\n    \"15.4\": 0.13361,\n    \"15.5\": 0.1694,\n    \"15.6-15.8\": 1.47928,\n    \"16.0\": 0.34596,\n    \"16.1\": 0.72055,\n    \"16.2\": 0.34596,\n    \"16.3\": 0.6108,\n    \"16.4\": 0.12645,\n    \"16.5\": 0.26484,\n    \"16.6-16.7\": 2.09247,\n    \"17.0\": 0.25052,\n    \"17.1\": 0.46287,\n    \"17.2\": 0.61557,\n    \"17.3\": 4.49034,\n    \"17.4\": 10.13548,\n    \"17.5\": 0.09305\n  },\n  P: {\n    \"4\": 0.04208,\n    \"20\": 0.03156,\n    \"21\": 0.01052,\n    \"23\": 0.24197,\n    \"24\": 2.72474,\n    _: \"22 5.0-5.4 7.2-7.4 8.2 9.2 10.1 11.1-11.2 13.0 14.0 15.0 16.0 17.0\",\n    \"6.2-6.4\": 0.01052,\n    \"12.0\": 0.01052,\n    \"18.0\": 0.01052,\n    \"19.0\": 0.03156\n  },\n  I: {\n    \"0\": 0.01515,\n    \"3\": 0,\n    \"4\": 0,\n    \"2.1\": 0,\n    \"2.2\": 0,\n    \"2.3\": 0,\n    \"4.1\": 0,\n    \"4.2-4.3\": 0.00001,\n    \"4.4\": 0,\n    \"4.4.3-4.4.4\": 0.00004\n  },\n  A: {\n    \"8\": 0.12491,\n    \"9\": 0.04996,\n    \"10\": 0.005,\n    \"11\": 0.94933,\n    _: \"6 7 5.5\"\n  },\n  K: {\n    \"0\": 0.11154,\n    _: \"10 11 12 11.1 11.5 12.1\"\n  },\n  J: {\n    _: \"7 10\"\n  },\n  N: {\n    _: \"10 11\"\n  },\n  S: {\n    _: \"2.5 3.0-3.1\"\n  },\n  Q: {\n    _: \"14.9\"\n  },\n  O: {\n    \"0\": 0.21801\n  },\n  H: {\n    \"0\": 0\n  },\n  L: {\n    \"0\": 22.99925\n  },\n  R: {\n    _: \"0\"\n  },\n  M: {\n    \"0\": 0.41067\n  }\n};","map":{"version":3,"names":["module","exports","C","_","D","F","B","E","G","P","I","A","K","J","N","S","Q","O","H","L","R","M"],"sources":["C:/Users/chest/OneDrive/Documentos/GitHub/HackUPC/frontend/node_modules/caniuse-lite/data/regions/GI.js"],