{"ast":null,"code":"module.exports = {\n  C: {\n    \"120\": 0.03042,\n    \"124\": 0.05323,\n    _: \"2 3 4 5 6 7 8 9 10 11 12 13 14 15 16 17 18 19 20 21 22 23 24 25 26 27 28 29 30 31 32 33 34 35 36 37 38 39 40 41 42 43 44 45 46 47 48 49 50 51 52 53 54 55 56 57 58 59 60 61 62 63 64 65 66 67 68 69 70 71 72 73 74 75 76 77 78 79 80 81 82 83 84 85 86 87 88 89 90 91 92 93 94 95 96 97 98 99 100 101 102 103 104 105 106 107 108 109 110 111 112 113 114 115 116 117 118 119 121 122 123 125 126 127 128 3.5 3.6\"\n  },\n  D: {\n    \"81\": 0.03042,\n    \"90\": 0.06463,\n    \"109\": 0.63493,\n    \"120\": 0.03042,\n    \"121\": 0.03042,\n    \"122\": 0.09505,\n    \"123\": 2.76786,\n    \"124\": 0.20151,\n    _: \"4 5 6 7 8 9 10 11 12 13 14 15 16 17 18 19 20 21 22 23 24 25 26 27 28 29 30 31 32 33 34 35 36 37 38 39 40 41 42 43 44 45 46 47 48 49 50 51 52 53 54 55 56 57 58 59 60 61 62 63 64 65 66 67 68 69 70 71 72 73 74 75 76 77 78 79 80 83 84 85 86 87 88 89 91 92 93 94 95 96 97 98 99 100 101 102 103 104 105 106 107 108 110 111 112 113 114 115 116 117 118 119 125 126 127\"\n  },\n  F: {\n    _: \"9 11 12 15 16 17 18 19 20 21 22 23 24 25 26 27 28 29 30 31 32 33 34 35 36 37 38 39 40 41 42 43 44 45 46 47 48 49 50 51 52 53 54 55 56 57 58 60 62 63 64 65 66 67 68 69 70 71 72 73 74 75 76 77 78 79 80 81 82 83 84 85 86 87 88 89 90 91 92 93 94 95 96 97 98 99 100 101 102 103 104 105 106 107 108 109 9.5-9.6 10.0-10.1 10.5 10.6 11.1 11.5 11.6 12.1\"\n  },\n  B: {\n    \"122\": 0.01141,\n    \"123\": 1.16721,\n    \"124\": 0.06463,\n    _: \"12 13 14 15 16 17 18 79 80 81 83 84 85 86 87 88 89 90 91 92 93 94 95 96 97 98 99 100 101 102 103 104 105 106 107 108 109 110 111 112 113 114 115 116 117 118 119 120 121\"\n  },\n  E: {\n    _: \"0 4 5 6 7 8 9 10 11 12 13 14 15 3.1 3.2 5.1 6.1 7.1 9.1 10.1 11.1 12.1 13.1 14.1\",\n    \"15.1\": 0.17869,\n    \"15.2-15.3\": 0.47525,\n    \"15.4\": 0.02281,\n    \"15.5\": 0.03042,\n    \"15.6\": 0.81743,\n    \"16.0\": 0.01141,\n    \"16.1\": 0.17869,\n    \"16.2\": 0.71097,\n    \"16.3\": 1.16721,\n    \"16.4\": 0.52087,\n    \"16.5\": 1.07977,\n    \"16.6\": 3.76398,\n    \"17.0\": 0.32697,\n    \"17.1\": 1.12539,\n    \"17.2\": 3.87804,\n    \"17.3\": 5.23535,\n    \"17.4\": 12.45535,\n    \"17.5\": 0.02281\n  },\n  G: {\n    \"8\": 0,\n    \"3.2\": 0,\n    \"4.0-4.1\": 0,\n    \"4.2-4.3\": 0,\n    \"5.0-5.1\": 0,\n    \"6.0-6.1\": 0,\n    \"7.0-7.1\": 0,\n    \"8.1-8.4\": 0,\n    \"9.0-9.2\": 0,\n    \"9.3\": 0,\n    \"10.0-10.2\": 0,\n    \"10.3\": 0,\n    \"11.0-11.2\": 0,\n    \"11.3-11.4\": 0,\n    \"12.0-12.1\": 0,\n    \"12.2-12.5\": 0,\n    \"13.0-13.1\": 0,\n    \"13.2\": 0,\n    \"13.3\": 0,\n    \"13.4-13.7\": 0,\n    \"14.0-14.4\": 0,\n    \"14.5-14.8\": 0,\n    \"15.0-15.1\": 0.12796,\n    \"15.2-15.3\": 0.88988,\n    \"15.4\": 0,\n    \"15.5\": 0.01163,\n    \"15.6-15.8\": 0.4304,\n    \"16.0\": 1.02365,\n    \"16.1\": 2.75688,\n    \"16.2\": 0.77937,\n    \"16.3\": 1.93098,\n    \"16.4\": 0.1803,\n    \"16.5\": 0.54091,\n    \"16.6-16.7\": 6.63047,\n    \"17.0\": 0.50601,\n    \"17.1\": 0.66305,\n    \"17.2\": 1.11671,\n    \"17.3\": 14.94183,\n    \"17.4\": 25.28304,\n    \"17.5\": 0.34897\n  },\n  P: {\n    \"24\": 0.03099,\n    _: \"4 20 21 22 23 5.0-5.4 6.2-6.4 7.2-7.4 8.2 9.2 10.1 11.1-11.2 12.0 13.0 14.0 15.0 16.0 17.0 18.0 19.0\"\n  },\n  I: {\n    \"0\": 0.05579,\n    \"3\": 0,\n    \"4\": 0,\n    \"2.1\": 0,\n    \"2.2\": 0,\n    \"2.3\": 0,\n    \"4.1\": 0,\n    \"4.2-4.3\": 0,\n    \"4.4\": 0,\n    \"4.4.3-4.4.4\": 0\n  },\n  A: {\n    _: \"6 7 8 9 10 11 5.5\"\n  },\n  K: {\n    \"0\": 0,\n    _: \"10 11 12 11.1 11.5 12.1\"\n  },\n  J: {\n    _: \"7 10\"\n  },\n  N: {\n    _: \"10 11\"\n  },\n  S: {\n    _: \"2.5 3.0-3.1\"\n  },\n  Q: {\n    \"14.9\": 0.48344\n  },\n  O: {\n    \"0\": 0.03099\n  },\n  H: {\n    \"0\": 0\n  },\n  L: {\n    \"0\": 3.01748\n  },\n  R: {\n    _: \"0\"\n  },\n  M: {\n    \"0\": 0.0124\n  }\n};","map":{"version":3,"names":["module","exports","C","_","D","F","B","E","G","P","I","A","K","J","N","S","Q","O","H","L","R","M"],"sources":["C:/Users/chest/OneDrive/Documentos/GitHub/HackUPC/frontend/node_modules/caniuse-lite/data/regions/alt-an.js"],"sourcesContent":["module.exports={C:{\"120\":0.03042,\"124\":0.05323,_:\"2 3 4 5 6 7 8 9 10 11 12 13 14 15 16 17 18 19 20 21 22 23 24 25 26 27 28 29 30 31 32 33 34 35 36 37 38 39 40 41 42 43 44 45 46 47 48 49 50 51 52 53 54 55 56 57 58 59 60 61 62 63 64 65 66 67 68 69 70 71 72 73 74 75 76 77 78 79 80 81 82 83 84 85 86 87 88 89 90 91 92 93 94 95 96 97 98 99 100 101 102 103 104 105 106 107 108 109 110 111 112 113 114 115 116 117 118 119 121 122 123 125 126 127 128 3.5 3.6\"},D:{\"81\":0.03042,\"90\":0.06463,\"109\":0.63493,\"120\":0.03042,\"121\":0.03042,\"122\":0.09505,\"123\":2.76786,\"124\":0.20151,_:\"4 5 6 7 8 9 10 11 12 13 14 15 16 17 18 19 20 21 22 23 24 25 26 27 28 29 30 31 32 33 34 35 36 37 38 39 40 41 42 43 44 45 46 47 48 49 50 51 52 53 54 55 56 57 58 59 60 61 62 63 64 65 66 67 68 69 70 71 72 73 74 75 76 77 78 79 80 83 84 85 86 87 88 89 91 92 93 94 95 96 97 98 99 100 101 102 103 104 105 106 107 108 110 111 112 113 114 115 116 117 118 119 125 126 127\"},F:{_:\"9 11 12 15 16 17 18 19 20 21 22 23 24 25 26 27 28 29 30 31 32 33 34 35 36 37 38 39 40 41 42 43 44 45 46 47 48 49 50 51 52 53 54 55 56 57 58 60 62 63 64 65 66 67 68 69 70 71 72 73 74 75 76 77 78 79 80 81 82 83 84 85 86 87 88 89 90 91 92 93 94 95 96 97 98 99 100 101 102 103 104 105 106 107 108 109 9.5-9.6 10.0-10.1 10.5 10.6 11.1 11.5 11.6 12.1\"},B:{\"122\":0.01141,\"123\":1.16721,\"124\":0.06463,_:\"12 13 14 15 16 17 18 79 80 81 83 84 85 86 87 88 89 90 91 92 93 94 95 96 97 98 99 100 101 102 103 104 105 106 107 108 109 110 111 112 113 114 115 116 117 118 119 120 121\"},E:{_:\"0 4 5 6 7 8 9 10 11 12 13 14 15 3.1 3.2 5.1 6.1 7.1 9.1 10.1 11.1 12.1 13.1 14.1\",\"15.1\":0.17869,\"15.2-15.3\":0.47525,\"15.4\":0.02281,\"15.5\":0.03042,\"15.6\":0.81743,\"16.0\":0.01141,\"16.1\":0.17869,\"16.2\":0.71097,\"16.3\":1.16721,\"16.4\":0.52087,\"16.5\":1.07977,\"16.6\":3.76398,\"17.0\":0.32697,\"17.1\":1.12539,\"17.2\":3.87804,\"17.3\":5.23535,\"17.4\":12.45535,\"17.5\":0.02281},G:{\"8\":0,\"3.2\":0,\"4.0-4.1\":0,\"4.2-4.3\":0,\"5.0-5.1\":0,\"6.0-6.1\":0,\"7.0-7.1\":0,\"8.1-8.4\":0,\"9.0-9.2\":0,\"9.3\":0,\"10.0-10.2\":0,\"10.3\":0,\"11.0-11.2\":0,\"11.3-11.4\":0,\"12.0-12.1\":0,\"12.2-12.5\":0,\"13.0-13.1\":0,\"13.2\":0,\"13.3\":0,\"13.4-13.7\":0,\"14.0-14.4\":0,\"14.5-14.8\":0,\"15.0-15.1\":0.12796,\"15.2-15.3\":0.88988,\"15.4\":0,\"15.5\":0.01163,\"15.6-15.8\":0.4304,\"16.0\":1.02365,\"16.1\":2.75688,\"16.2\":0.77937,\"16.3\":1.93098,\"16.4\":0.1803,\"16.5\":0.54091,\"16.6-16.7\":6.63047,\"17.0\":0.50601,\"17.1\":0.66305,\"17.2\":1.11671,\"17.3\":14.94183,\"17.4\":25.28304,\"17.5\":0.34897},P:{\"24\":0.03099,_:\"4 20 21 22 23 5.0-5.4 6.2-6.4 7.2-7.4 8.2 9.2 10.1 11.1-11.2 12.0 13.0 14.0 15.0 16.0 17.0 18.0 19.0\"},I:{\"0\":0.05579,\"3\":0,\"4\":0,\"2.1\":0,\"2.2\":0,\"2.3\":0,\"4.1\":0,\"4.2-4.3\":0,\"4.4\":0,\"4.4.3-4.4.4\":0},A:{_:\"6 7 8 9 10 11 5.5\"},K:{\"0\":0,_:\"10 11 12 11.1 11.5 12.1\"},J:{_:\"7 10\"},N:{_:\"10 11\"},S:{_:\"2.5 3.0-3.1\"},Q:{\"14.9\":0.48344},O:{\"0\":0.03099},H:{\"0\":0},L:{\"0\":3.01748},R:{_:\"0\"},M:{\"0\":0.0124}};\n"],