{"ast":null,"code":"module.exports = {\n  C: {\n    \"115\": 0.01988,\n    \"123\": 0.05964,\n    \"124\": 0.50495,\n    \"125\": 0.42543,\n    \"126\": 0.07952,\n    _: \"2 3 4 5 6 7 8 9 10 11 12 13 14 15 16 17 18 19 20 21 22 23 24 25 26 27 28 29 30 31 32 33 34 35 36 37 38 39 40 41 42 43 44 45 46 47 48 49 50 51 52 53 54 55 56 57 58 59 60 61 62 63 64 65 66 67 68 69 70 71 72 73 74 75 76 77 78 79 80 81 82 83 84 85 86 87 88 89 90 91 92 93 94 95 96 97 98 99 100 101 102 103 104 105 106 107 108 109 110 111 112 113 114 116 117 118 119 120 121 122 127 128 3.5 3.6\"\n  },\n  D: {\n    \"56\": 0.01988,\n    \"89\": 0.03976,\n    \"108\": 0.03976,\n    \"109\": 0.30218,\n    \"116\": 0.01988,\n    \"118\": 0.01988,\n    \"120\": 0.11928,\n    \"121\": 0.05964,\n    \"122\": 0.80713,\n    \"123\": 12.62778,\n    \"124\": 9.47481,\n    _: \"4 5 6 7 8 9 10 11 12 13 14 15 16 17 18 19 20 21 22 23 24 25 26 27 28 29 30 31 32 33 34 35 36 37 38 39 40 41 42 43 44 45 46 47 48 49 50 51 52 53 54 55 57 58 59 60 61 62 63 64 65 66 67 68 69 70 71 72 73 74 75 76 77 78 79 80 81 83 84 85 86 87 88 90 91 92 93 94 95 96 97 98 99 100 101 102 103 104 105 106 107 110 111 112 113 114 115 117 119 125 126 127\"\n  },\n  F: {\n    \"107\": 0.22266,\n    \"108\": 0.11928,\n    \"109\": 0.72761,\n    _: \"9 11 12 15 16 17 18 19 20 21 22 23 24 25 26 27 28 29 30 31 32 33 34 35 36 37 38 39 40 41 42 43 44 45 46 47 48 49 50 51 52 53 54 55 56 57 58 60 62 63 64 65 66 67 68 69 70 71 72 73 74 75 76 77 78 79 80 81 82 83 84 85 86 87 88 89 90 91 92 93 94 95 96 97 98 99 100 101 102 103 104 105 106 9.5-9.6 10.0-10.1 10.5 10.6 11.1 11.5 11.6 12.1\"\n  },\n  B: {\n    \"13\": 0.01988,\n    \"109\": 0.01988,\n    \"122\": 0.16302,\n    \"123\": 4.54457,\n    \"124\": 2.89055,\n    _: \"12 14 15 16 17 18 79 80 81 83 84 85 86 87 88 89 90 91 92 93 94 95 96 97 98 99 100 101 102 103 104 105 106 107 108 110 111 112 113 114 115 116 117 118 119 120 121\"\n  },\n  E: {\n    _: \"0 4 5 6 7 8 9 10 11 12 13 14 15 3.1 3.2 5.1 6.1 7.1 9.1 10.1 11.1 12.1 13.1 15.1 15.2-15.3 15.4 15.5 16.0 16.4 17.0 17.5\",\n    \"14.1\": 0.1829,\n    \"15.6\": 0.1829,\n    \"16.1\": 0.56459,\n    \"16.2\": 0.01988,\n    \"16.3\": 0.52483,\n    \"16.5\": 0.32206,\n    \"16.6\": 0.30218,\n    \"17.1\": 0.01988,\n    \"17.2\": 0.16302,\n    \"17.3\": 0.52483,\n    \"17.4\": 1.71763\n  },\n  G: {\n    \"8\": 0,\n    \"3.2\": 0,\n    \"4.0-4.1\": 0,\n    \"4.2-4.3\": 0.00291,\n    \"5.0-5.1\": 0.00291,\n    \"6.0-6.1\": 0.00727,\n    \"7.0-7.1\": 0.01163,\n    \"8.1-8.4\": 0.00291,\n    \"9.0-9.2\": 0.00727,\n    \"9.3\": 0.03634,\n    \"10.0-10.2\": 0.00727,\n    \"10.3\": 0.05814,\n    \"11.0-11.2\": 0.04942,\n    \"11.3-11.4\": 0.01454,\n    \"12.0-12.1\": 0.01018,\n    \"12.2-12.5\": 0.23694,\n    \"13.0-13.1\": 0.00436,\n    \"13.2\": 0.04797,\n    \"13.3\": 0.01163,\n    \"13.4-13.7\": 0.04506,\n    \"14.0-14.4\": 0.08867,\n    \"14.5-14.8\": 0.13518,\n    \"15.0-15.1\": 0.0625,\n    \"15.2-15.3\": 0.07123,\n    \"15.4\": 0.0814,\n    \"15.5\": 0.1032,\n    \"15.6-15.8\": 0.90123,\n    \"16.0\": 0.21077,\n    \"16.1\": 0.43898,\n    \"16.2\": 0.21077,\n    \"16.3\": 0.37212,\n    \"16.4\": 0.07704,\n    \"16.5\": 0.16135,\n    \"16.6-16.7\": 1.2748,\n    \"17.0\": 0.15263,\n    \"17.1\": 0.282,\n    \"17.2\": 0.37503,\n    \"17.3\": 2.73566,\n    \"17.4\": 6.17486,\n    \"17.5\": 0.05669\n  },\n  P: {\n    \"4\": 0.11052,\n    \"21\": 0.22104,\n    \"22\": 0.02763,\n    \"23\": 0.08289,\n    \"24\": 4.47614,\n    _: \"20 5.0-5.4 6.2-6.4 8.2 9.2 10.1 11.1-11.2 12.0 13.0 14.0 15.0 16.0 17.0 18.0\",\n    \"7.2-7.4\": 0.30394,\n    \"19.0\": 0.11052\n  },\n  I: {\n    \"0\": 0.05399,\n    \"3\": 0,\n    \"4\": 0.00001,\n    \"2.1\": 0,\n    \"2.2\": 0,\n    \"2.3\": 0,\n    \"4.1\": 0.00001,\n    \"4.2-4.3\": 0.00003,\n    \"4.4\": 0,\n    \"4.4.3-4.4.4\": 0.00014\n  },\n  A: {\n    _: \"6 7 8 9 10 11 5.5\"\n  },\n  K: {\n    \"0\": 0.03012,\n    _: \"10 11 12 11.1 11.5 12.1\"\n  },\n  J: {\n    _: \"7 10\"\n  },\n  N: {\n    _: \"10 11\"\n  },\n  S: {\n    _: \"2.5 3.0-3.1\"\n  },\n  Q: {\n    _: \"14.9\"\n  },\n  O: {\n    _: \"0\"\n  },\n  H: {\n    \"0\": 0\n  },\n  L: {\n    \"0\": 41.37845\n  },\n  R: {\n    _: \"0\"\n  },\n  M: {\n    _: \"0\"\n  }\n};","map":{"version":3,"names":["module","exports","C","_","D","F","B","E","G","P","I","A","K","J","N","S","Q","O","H","L","R","M"],"sources":["C:/Users/chest/OneDrive/Documentos/GitHub/HackUPC/frontend/node_modules/caniuse-lite/data/regions/MS.js"],"sourcesContent":["module.exports={C:{\"115\":0.01988,\"123\":0.05964,\"124\":0.50495,\"125\":0.42543,\"126\":0.07952,_:\"2 3 4 5 6 7 8 9 10 11 12 13 14 15 16 17 18 19 20 21 22 23 24 25 26 27 28 29 30 31 32 33 34 35 36 37 38 39 40 41 42 43 44 45 46 47 48 49 50 51 52 53 54 55 56 57 58 59 60 61 62 63 64 65 66 67 68 69 70 71 72 73 74 75 76 77 78 79 80 81 82 83 84 85 86 87 88 89 90 91 92 93 94 95 96 97 98 99 100 101 102 103 104 105 106 107 108 109 110 111 112 113 114 116 117 118 119 120 121 122 127 128 3.5 3.6\"},D:{\"56\":0.01988,\"89\":0.03976,\"108\":0.03976,\"109\":0.30218,\"116\":0.01988,\"118\":0.01988,\"120\":0.11928,\"121\":0.05964,\"122\":0.80713,\"123\":12.62778,\"124\":9.47481,_:\"4 5 6 7 8 9 10 11 12 13 14 15 16 17 18 19 20 21 22 23 24 25 26 27 28 29 30 31 32 33 34 35 36 37 38 39 40 41 42 43 44 45 46 47 48 49 50 51 52 53 54 55 57 58 59 60 61 62 63 64 65 66 67 68 69 70 71 72 73 74 75 76 77 78 79 80 81 83 84 85 86 87 88 90 91 92 93 94 95 96 97 98 99 100 101 102 103 104 105 106 107 110 111 112 113 114 115 117 119 125 126 127\"},F:{\"107\":0.22266,\"108\":0.11928,\"109\":0.72761,_:\"9 11 12 15 16 17 18 19 20 21 22 23 24 25 26 27 28 29 30 31 32 33 34 35 36 37 38 39 40 41 42 43 44 45 46 47 48 49 50 51 52 53 54 55 56 57 58 60 62 63 64 65 66 67 68 69 70 71 72 73 74 75 76 77 78 79 80 81 82 83 84 85 86 87 88 89 90 91 92 93 94 95 96 97 98 99 100 101 102 103 104 105 106 9.5-9.6 10.0-10.1 10.5 10.6 11.1 11.5 11.6 12.1\"},B:{\"13\":0.01988,\"109\":0.01988,\"122\":0.16302,\"123\":4.54457,\"124\":2.89055,_:\"12 14 15 16 17 18 79 80 81 83 84 85 86 87 88 89 90 91 92 93 94 95 96 97 98 99 100 101 102 103 104 105 106 107 108 110 111 112 113 114 115 116 117 118 119 120 121\"},E:{_:\"0 4 5 6 7 8 9 10 11 12 13 14 15 3.1 3.2 5.1 6.1 7.1 9.1 10.1 11.1 12.1 13.1 15.1 15.2-15.3 15.4 15.5 16.0 16.4 17.0 17.5\",\"14.1\":0.1829,\"15.6\":0.1829,\"16.1\":0.56459,\"16.2\":0.01988,\"16.3\":0.52483,\"16.5\":0.32206,\"16.6\":0.30218,\"17.1\":0.01988,\"17.2\":0.16302,\"17.3\":0.52483,\"17.4\":1.71763},G:{\"8\":0,\"3.2\":0,\"4.0-4.1\":0,\"4.2-4.3\":0.00291,\"5.0-5.1\":0.00291,\"6.0-6.1\":0.00727,\"7.0-7.1\":0.01163,\"8.1-8.4\":0.00291,\"9.0-9.2\":0.00727,\"9.3\":0.03634,\"10.0-10.2\":0.00727,\"10.3\":0.05814,\"11.0-11.2\":0.04942,\"11.3-11.4\":0.01454,\"12.0-12.1\":0.01018,\"12.2-12.5\":0.23694,\"13.0-13.1\":0.00436,\"13.2\":0.04797,\"13.3\":0.01163,\"13.4-13.7\":0.04506,\"14.0-14.4\":0.08867,\"14.5-14.8\":0.13518,\"15.0-15.1\":0.0625,\"15.2-15.3\":0.07123,\"15.4\":0.0814,\"15.5\":0.1032,\"15.6-15.8\":0.90123,\"16.0\":0.21077,\"16.1\":0.43898,\"16.2\":0.21077,\"16.3\":0.37212,\"16.4\":0.07704,\"16.5\":0.16135,\"16.6-16.7\":1.2748,\"17.0\":0.15263,\"17.1\":0.282,\"17.2\":0.37503,\"17.3\":2.73566,\"17.4\":6.17486,\"17.5\":0.05669},P:{\"4\":0.11052,\"21\":0.22104,\"22\":0.02763,\"23\":0.08289,\"24\":4.47614,_:\"20 5.0-5.4 6.2-6.4 8.2 9.2 10.1 11.1-11.2 12.0 13.0 14.0 15.0 16.0 17.0 18.0\",\"7.2-7.4\":0.30394,\"19.0\":0.11052},I:{\"0\":0.05399,\"3\":0,\"4\":0.00001,\"2.1\":0,\"2.2\":0,\"2.3\":0,\"4.1\":0.00001,\"4.2-4.3\":0.00003,\"4.4\":0,\"4.4.3-4.4.4\":0.00014},A:{_:\"6 7 8 9 10 11 5.5\"},K:{\"0\":0.03012,_:\"10 11 12 11.1 11.5 12.1\"},J:{_:\"7 10\"},N:{_:\"10 11\"},S:{_:\"2.5 3.0-3.1\"},Q:{_:\"14.9\"},O:{_:\"0\"},H:{\"0\":0},L:{\"0\":41.37845},R:{_:\"0\"},M:{_:\"0\"}};\n"],