{"ast":null,"code":"module.exports = {\n  C: {\n    \"2\": 0.01228,\n    \"3\": 0.01228,\n    \"4\": 0.01228,\n    \"5\": 0.00614,\n    \"6\": 0.01228,\n    \"7\": 0.00614,\n    \"8\": 0.00614,\n    \"10\": 0.00614,\n    \"11\": 0.00614,\n    \"12\": 0.01228,\n    \"13\": 0.00614,\n    \"15\": 0.00614,\n    \"16\": 0.00614,\n    \"18\": 0.00614,\n    \"19\": 0.00614,\n    \"20\": 0.01228,\n    \"21\": 0.00614,\n    \"23\": 0.00614,\n    \"24\": 0.00614,\n    \"25\": 0.00614,\n    \"26\": 0.01228,\n    \"28\": 0.01228,\n    \"29\": 0.00614,\n    \"30\": 0.01228,\n    \"31\": 0.03683,\n    \"33\": 0.00614,\n    \"34\": 0.00614,\n    \"35\": 0.02455,\n    \"36\": 0.00614,\n    \"37\": 0.01228,\n    \"38\": 0.02455,\n    \"39\": 0.01841,\n    \"40\": 0.04297,\n    \"41\": 0.01228,\n    \"42\": 0.01841,\n    \"43\": 0.00614,\n    \"44\": 0.00614,\n    \"53\": 0.00614,\n    \"60\": 0.00614,\n    \"78\": 0.95139,\n    \"82\": 0.1289,\n    \"87\": 0.00614,\n    \"99\": 0.00614,\n    \"102\": 0.01228,\n    \"103\": 0.00614,\n    \"105\": 0.00614,\n    \"106\": 0.01841,\n    \"107\": 0.32531,\n    \"108\": 0.01228,\n    \"109\": 0.00614,\n    \"110\": 0.01228,\n    \"111\": 0.00614,\n    \"112\": 0.00614,\n    \"115\": 0.42966,\n    \"118\": 0.00614,\n    \"121\": 0.00614,\n    \"122\": 0.01841,\n    \"123\": 0.10435,\n    \"124\": 2.04395,\n    \"125\": 1.43015,\n    _: \"9 14 17 22 27 32 45 46 47 48 49 50 51 52 54 55 56 57 58 59 61 62 63 64 65 66 67 68 69 70 71 72 73 74 75 76 77 79 80 81 83 84 85 86 88 89 90 91 92 93 94 95 96 97 98 100 101 104 113 114 116 117 119 120 126 127 128\",\n    \"3.5\": 0.01841,\n    \"3.6\": 0.06138\n  },\n  D: {\n    \"6\": 0.00614,\n    \"7\": 0.00614,\n    \"11\": 0.01841,\n    \"12\": 0.00614,\n    \"17\": 0.00614,\n    \"18\": 0.00614,\n    \"19\": 0.00614,\n    \"21\": 0.02455,\n    \"22\": 0.00614,\n    \"23\": 0.00614,\n    \"25\": 0.00614,\n    \"26\": 0.00614,\n    \"27\": 0.01228,\n    \"28\": 0.01228,\n    \"29\": 0.00614,\n    \"30\": 0.00614,\n    \"31\": 0.03069,\n    \"33\": 0.01228,\n    \"34\": 0.01228,\n    \"35\": 0.01228,\n    \"36\": 0.01841,\n    \"37\": 0.01841,\n    \"38\": 0.03069,\n    \"39\": 0.03069,\n    \"40\": 0.03683,\n    \"41\": 0.04297,\n    \"42\": 0.04297,\n    \"43\": 0.08593,\n    \"44\": 0.13504,\n    \"45\": 0.09821,\n    \"46\": 0.07366,\n    \"47\": 0.06138,\n    \"51\": 0.15345,\n    \"57\": 0.01228,\n    \"65\": 0.01228,\n    \"70\": 0.11662,\n    \"72\": 0.02455,\n    \"74\": 0.01841,\n    \"76\": 0.03069,\n    \"78\": 0.02455,\n    \"79\": 0.10435,\n    \"80\": 0.07366,\n    \"81\": 0.01841,\n    \"83\": 0.03069,\n    \"84\": 0.06752,\n    \"85\": 0.42966,\n    \"86\": 0.14117,\n    \"87\": 0.38056,\n    \"90\": 0.02455,\n    \"92\": 0.00614,\n    \"93\": 0.00614,\n    \"94\": 0.00614,\n    \"97\": 0.00614,\n    \"98\": 0.34373,\n    \"99\": 0.07366,\n    \"102\": 0.01841,\n    \"103\": 1.43015,\n    \"105\": 0.16573,\n    \"106\": 0.13504,\n    \"107\": 0.27007,\n    \"108\": 0.41125,\n    \"109\": 1.14781,\n    \"110\": 0.46035,\n    \"111\": 0.02455,\n    \"112\": 0.42352,\n    \"116\": 1.33195,\n    \"117\": 0.01841,\n    \"119\": 0.06138,\n    \"120\": 0.25166,\n    \"121\": 0.53401,\n    \"122\": 1.70023,\n    \"123\": 10.02949,\n    \"124\": 4.24136,\n    \"126\": 0.01228,\n    _: \"4 5 8 9 10 13 14 15 16 20 24 32 48 49 50 52 53 54 55 56 58 59 60 61 62 63 64 66 67 68 69 71 73 75 77 88 89 91 95 96 100 101 104 113 114 115 118 125 127\"\n  },\n  F: {\n    \"20\": 0.00614,\n    \"25\": 0.00614,\n    \"30\": 0.00614,\n    \"31\": 0.03683,\n    \"32\": 0.01228,\n    \"33\": 0.00614,\n    \"83\": 0.00614,\n    \"90\": 0.07366,\n    \"96\": 0.09821,\n    \"107\": 0.15959,\n    \"108\": 9.18245,\n    \"109\": 3.22245,\n    _: \"9 11 12 15 16 17 18 19 21 22 23 24 26 27 28 29 34 35 36 37 38 39 40 41 42 43 44 45 46 47 48 49 50 51 52 53 54 55 56 57 58 60 62 63 64 65 66 67 68 69 70 71 72 73 74 75 76 77 78 79 80 81 82 84 85 86 87 88 89 91 92 93 94 95 97 98 99 100 101 102 103 104 105 106 9.5-9.6 10.0-10.1 10.5 10.6 11.1 11.6\",\n    \"11.5\": 0.00614,\n    \"12.1\": 0.02455\n  },\n  B: {\n    \"12\": 0.01228,\n    \"13\": 0.00614,\n    \"18\": 0.00614,\n    \"86\": 0.04297,\n    \"92\": 0.00614,\n    \"98\": 0.01841,\n    \"99\": 0.10435,\n    \"103\": 0.00614,\n    \"107\": 0.00614,\n    \"108\": 0.02455,\n    \"109\": 0.01228,\n    \"110\": 0.00614,\n    \"115\": 0.00614,\n    \"118\": 0.00614,\n    \"119\": 0.01841,\n    \"120\": 0.02455,\n    \"121\": 0.01228,\n    \"122\": 0.2578,\n    \"123\": 2.38154,\n    \"124\": 1.05574,\n    _: \"14 15 16 17 79 80 81 83 84 85 87 88 89 90 91 93 94 95 96 97 100 101 102 104 105 106 111 112 113 114 116 117\"\n  },\n  E: {\n    \"4\": 0.01841,\n    \"5\": 0.01841,\n    \"6\": 0.00614,\n    \"8\": 0.02455,\n    \"9\": 0.27621,\n    \"14\": 0.01228,\n    _: \"0 7 10 11 12 13 15 3.1 10.1 11.1 15.4\",\n    \"3.2\": 0.00614,\n    \"5.1\": 0.01228,\n    \"6.1\": 0.00614,\n    \"7.1\": 0.00614,\n    \"9.1\": 0.00614,\n    \"12.1\": 0.00614,\n    \"13.1\": 0.0491,\n    \"14.1\": 0.13504,\n    \"15.1\": 0.00614,\n    \"15.2-15.3\": 0.00614,\n    \"15.5\": 0.03069,\n    \"15.6\": 0.63835,\n    \"16.0\": 0.00614,\n    \"16.1\": 0.03683,\n    \"16.2\": 0.19642,\n    \"16.3\": 0.83477,\n    \"16.4\": 0.05524,\n    \"16.5\": 0.15345,\n    \"16.6\": 0.76725,\n    \"17.0\": 0.08593,\n    \"17.1\": 0.14731,\n    \"17.2\": 0.7427,\n    \"17.3\": 1.68181,\n    \"17.4\": 3.59687,\n    \"17.5\": 0.03683\n  },\n  G: {\n    \"8\": 0,\n    \"3.2\": 0,\n    \"4.0-4.1\": 0,\n    \"4.2-4.3\": 0.00411,\n    \"5.0-5.1\": 0.00411,\n    \"6.0-6.1\": 0.01027,\n    \"7.0-7.1\": 0.01643,\n    \"8.1-8.4\": 0.00411,\n    \"9.0-9.2\": 0.01027,\n    \"9.3\": 0.05135,\n    \"10.0-10.2\": 0.01027,\n    \"10.3\": 0.08215,\n    \"11.0-11.2\": 0.06983,\n    \"11.3-11.4\": 0.02054,\n    \"12.0-12.1\": 0.01438,\n    \"12.2-12.5\": 0.33477,\n    \"13.0-13.1\": 0.00616,\n    \"13.2\": 0.06778,\n    \"13.3\": 0.01643,\n    \"13.4-13.7\": 0.06367,\n    \"14.0-14.4\": 0.12528,\n    \"14.5-14.8\": 0.191,\n    \"15.0-15.1\": 0.08831,\n    \"15.2-15.3\": 0.10064,\n    \"15.4\": 0.11501,\n    \"15.5\": 0.14582,\n    \"15.6-15.8\": 1.27336,\n    \"16.0\": 0.2978,\n    \"16.1\": 0.62025,\n    \"16.2\": 0.2978,\n    \"16.3\": 0.52578,\n    \"16.4\": 0.10885,\n    \"16.5\": 0.22797,\n    \"16.6-16.7\": 1.80119,\n    \"17.0\": 0.21565,\n    \"17.1\": 0.39844,\n    \"17.2\": 0.52988,\n    \"17.3\": 3.86527,\n    \"17.4\": 8.72459,\n    \"17.5\": 0.0801\n  },\n  P: {\n    \"4\": 0.10895,\n    \"20\": 0.06537,\n    \"21\": 0.39222,\n    \"22\": 0.15253,\n    \"23\": 0.04358,\n    \"24\": 1.04591,\n    _: \"5.0-5.4 8.2 9.2 10.1 11.1-11.2 12.0 13.0 14.0 15.0 16.0 18.0\",\n    \"6.2-6.4\": 0.07626,\n    \"7.2-7.4\": 0.03268,\n    \"17.0\": 0.01089,\n    \"19.0\": 0.06537\n  },\n  I: {\n    \"0\": 1.03077,\n    \"3\": 0,\n    \"4\": 0.0001,\n    \"2.1\": 0,\n    \"2.2\": 0,\n    \"2.3\": 0,\n    \"4.1\": 0.00021,\n    \"4.2-4.3\": 0.00062,\n    \"4.4\": 0,\n    \"4.4.3-4.4.4\": 0.00259\n  },\n  A: {\n    \"6\": 0.03697,\n    \"7\": 0.06778,\n    \"8\": 0.64701,\n    \"9\": 0.1294,\n    \"10\": 0.11708,\n    \"11\": 0.51144,\n    \"5.5\": 0.00616\n  },\n  K: {\n    \"0\": 0.18151,\n    _: \"10 11 12 11.1 11.5 12.1\"\n  },\n  J: {\n    _: \"7 10\"\n  },\n  N: {\n    _: \"10 11\"\n  },\n  S: {\n    \"2.5\": 0.05407,\n    _: \"3.0-3.1\"\n  },\n  Q: {\n    \"14.9\": 0.00386\n  },\n  O: {\n    \"0\": 0.12358\n  },\n  H: {\n    \"0\": 0\n  },\n  L: {\n    \"0\": 13.78322\n  },\n  R: {\n    _: \"0\"\n  },\n  M: {\n    \"0\": 0.24331\n  }\n};","map":{"version":3,"names":["module","exports","C","_","D","F","B","E","G","P","I","A","K","J","N","S","Q","O","H","L","R","M"],"sources":["C:/Users/chest/OneDrive/Documentos/GitHub/HackUPC/frontend/node_modules/caniuse-lite/data/regions/MC.js"],