{"ast":null,"code":"module.exports = {\n  C: {\n    _: \"2 3 4 5 6 7 8 9 10 11 12 13 14 15 16 17 18 19 20 21 22 23 24 25 26 27 28 29 30 31 32 33 34 35 36 37 38 39 40 41 42 43 44 45 46 47 48 49 50 51 52 53 54 55 56 57 58 59 60 61 62 63 64 65 66 67 68 69 70 71 72 73 74 75 76 77 78 79 80 81 82 83 84 85 86 87 88 89 90 91 92 93 94 95 96 97 98 99 100 101 102 103 104 105 106 107 108 109 110 111 112 113 114 115 116 117 118 119 120 3.5 3.6\"\n  },\n  D: {\n    \"91\": 0.71912,\n    \"117\": 4.31719,\n    _: \"4 5 6 7 8 9 10 11 12 13 14 15 16 17 18 19 20 21 22 23 24 25 26 27 28 29 30 31 32 33 34 35 36 37 38 39 40 41 42 43 44 45 46 47 48 49 50 51 52 53 54 55 56 57 58 59 60 61 62 63 64 65 66 67 68 69 70 71 72 73 74 75 76 77 78 79 80 81 83 84 85 86 87 88 89 90 92 93 94 95 96 97 98 99 100 101 102 103 104 105 106 107 108 109 110 111 112 113 114 115 116 118 119 120\"\n  },\n  F: {\n    _: \"9 11 12 15 16 17 18 19 20 21 22 23 24 25 26 27 28 29 30 31 32 33 34 35 36 37 38 39 40 41 42 43 44 45 46 47 48 49 50 51 52 53 54 55 56 57 58 60 62 63 64 65 66 67 68 69 70 71 72 73 74 75 76 77 78 79 80 81 82 83 84 85 86 87 88 89 90 91 92 93 94 95 96 97 98 99 100 101 102 9.5-9.6 10.5 10.6 11.1 11.5 11.6 12.1\",\n    \"10.0-10.1\": 0\n  },\n  B: {\n    \"116\": 1.43825,\n    _: \"12 13 14 15 16 17 18 79 80 81 83 84 85 86 87 88 89 90 91 92 93 94 95 96 97 98 99 100 101 102 103 104 105 106 107 108 109 110 111 112 113 114 115 117\"\n  },\n  E: {\n    \"4\": 0,\n    _: \"0 5 6 7 8 9 10 11 12 13 14 15 3.1 3.2 5.1 6.1 7.1 9.1 10.1 11.1 12.1 13.1 14.1 15.4 15.5 15.6 16.0 16.1 16.2 16.3 16.4 16.5 17.0 17.1\",\n    \"15.1\": 2.15737,\n    \"15.2-15.3\": 11.51088,\n    \"16.6\": 0.71912\n  },\n  G: {\n    \"8\": 0,\n    \"3.2\": 0,\n    \"4.0-4.1\": 0,\n    \"4.2-4.3\": 0,\n    \"5.0-5.1\": 0,\n    \"6.0-6.1\": 0,\n    \"7.0-7.1\": 0,\n    \"8.1-8.4\": 0,\n    \"9.0-9.2\": 0,\n    \"9.3\": 0,\n    \"10.0-10.2\": 0,\n    \"10.3\": 0,\n    \"11.0-11.2\": 0,\n    \"11.3-11.4\": 0,\n    \"12.0-12.1\": 0,\n    \"12.2-12.5\": 0,\n    \"13.0-13.1\": 0,\n    \"13.2\": 0,\n    \"13.3\": 0,\n    \"13.4-13.7\": 0,\n    \"14.0-14.4\": 0,\n    \"14.5-14.8\": 0,\n    \"15.0-15.1\": 0.70962,\n    \"15.2-15.3\": 8.51107,\n    \"15.4\": 0,\n    \"15.5\": 0,\n    \"15.6-15.7\": 0,\n    \"16.0\": 0,\n    \"16.1\": 2.12885,\n    \"16.2\": 0,\n    \"16.3\": 0,\n    \"16.4\": 0,\n    \"16.5\": 1.41923,\n    \"16.6\": 21.27985,\n    \"17.0\": 9.22069,\n    \"17.1\": 0\n  },\n  P: {\n    \"4\": 0.11467,\n    \"20\": 0.01042,\n    \"21\": 0.73274,\n    \"22\": 2.93095,\n    \"5.0-5.4\": 0.01042,\n    \"6.2-6.4\": 0,\n    \"7.2-7.4\": 0.01042,\n    \"8.2\": 0,\n    \"9.2\": 0,\n    \"10.1\": 0,\n    \"11.1-11.2\": 0,\n    \"12.0\": 0,\n    \"13.0\": 0.02085,\n    \"14.0\": 0,\n    \"15.0\": 0,\n    \"16.0\": 0,\n    \"17.0\": 0.01042,\n    \"18.0\": 0.01042,\n    \"19.0\": 0.01042\n  },\n  I: {\n    \"0\": 0,\n    \"3\": 0,\n    \"4\": 0,\n    \"2.1\": 0,\n    \"2.2\": 0,\n    \"2.3\": 0,\n    \"4.1\": 0,\n    \"4.2-4.3\": 0,\n    \"4.4\": 0,\n    \"4.4.3-4.4.4\": 0\n  },\n  K: {\n    _: \"0 10 11 12 11.1 11.5 12.1\"\n  },\n  A: {\n    _: \"6 7 8 9 10 11 5.5\"\n  },\n  S: {\n    \"2.5\": 0,\n    _: \"3.0-3.1\"\n  },\n  J: {\n    \"7\": 0,\n    \"10\": 0\n  },\n  N: {\n    \"10\": 0,\n    \"11\": 0\n  },\n  L: {\n    \"0\": 28.59944\n  },\n  R: {\n    _: \"0\"\n  },\n  M: {\n    \"0\": 0\n  },\n  Q: {\n    \"13.1\": 0\n  },\n  O: {\n    \"0\": 0\n  },\n  H: {\n    \"0\": 0\n  }\n};","map":{"version":3,"names":["module","exports","C","_","D","F","B","E","G","P","I","K","A","S","J","N","L","R","M","Q","O","H"],"sources":["C:/Users/chest/OneDrive/Documentos/GitHub/HackUPC/frontend/node_modules/caniuse-lite/data/regions/TK.js"],"sourcesContent":["module.exports={C:{_:\"2 3 4 5 6 7 8 9 10 11 12 13 14 15 16 17 18 19 20 21 22 23 24 25 26 27 28 29 30 31 32 33 34 35 36 37 38 39 40 41 42 43 44 45 46 47 48 49 50 51 52 53 54 55 56 57 58 59 60 61 62 63 64 65 66 67 68 69 70 71 72 73 74 75 76 77 78 79 80 81 82 83 84 85 86 87 88 89 90 91 92 93 94 95 96 97 98 99 100 101 102 103 104 105 106 107 108 109 110 111 112 113 114 115 116 117 118 119 120 3.5 3.6\"},D:{\"91\":0.71912,\"117\":4.31719,_:\"4 5 6 7 8 9 10 11 12 13 14 15 16 17 18 19 20 21 22 23 24 25 26 27 28 29 30 31 32 33 34 35 36 37 38 39 40 41 42 43 44 45 46 47 48 49 50 51 52 53 54 55 56 57 58 59 60 61 62 63 64 65 66 67 68 69 70 71 72 73 74 75 76 77 78 79 80 81 83 84 85 86 87 88 89 90 92 93 94 95 96 97 98 99 100 101 102 103 104 105 106 107 108 109 110 111 112 113 114 115 116 118 119 120\"},F:{_:\"9 11 12 15 16 17 18 19 20 21 22 23 24 25 26 27 28 29 30 31 32 33 34 35 36 37 38 39 40 41 42 43 44 45 46 47 48 49 50 51 52 53 54 55 56 57 58 60 62 63 64 65 66 67 68 69 70 71 72 73 74 75 76 77 78 79 80 81 82 83 84 85 86 87 88 89 90 91 92 93 94 95 96 97 98 99 100 101 102 9.5-9.6 10.5 10.6 11.1 11.5 11.6 12.1\",\"10.0-10.1\":0},B:{\"116\":1.43825,_:\"12 13 14 15 16 17 18 79 80 81 83 84 85 86 87 88 89 90 91 92 93 94 95 96 97 98 99 100 101 102 103 104 105 106 107 108 109 110 111 112 113 114 115 117\"},E:{\"4\":0,_:\"0 5 6 7 8 9 10 11 12 13 14 15 3.1 3.2 5.1 6.1 7.1 9.1 10.1 11.1 12.1 13.1 14.1 15.4 15.5 15.6 16.0 16.1 16.2 16.3 16.4 16.5 17.0 17.1\",\"15.1\":2.15737,\"15.2-15.3\":11.51088,\"16.6\":0.71912},G:{\"8\":0,\"3.2\":0,\"4.0-4.1\":0,\"4.2-4.3\":0,\"5.0-5.1\":0,\"6.0-6.1\":0,\"7.0-7.1\":0,\"8.1-8.4\":0,\"9.0-9.2\":0,\"9.3\":0,\"10.0-10.2\":0,\"10.3\":0,\"11.0-11.2\":0,\"11.3-11.4\":0,\"12.0-12.1\":0,\"12.2-12.5\":0,\"13.0-13.1\":0,\"13.2\":0,\"13.3\":0,\"13.4-13.7\":0,\"14.0-14.4\":0,\"14.5-14.8\":0,\"15.0-15.1\":0.70962,\"15.2-15.3\":8.51107,\"15.4\":0,\"15.5\":0,\"15.6-15.7\":0,\"16.0\":0,\"16.1\":2.12885,\"16.2\":0,\"16.3\":0,\"16.4\":0,\"16.5\":1.41923,\"16.6\":21.27985,\"17.0\":9.22069,\"17.1\":0},P:{\"4\":0.11467,\"20\":0.01042,\"21\":0.73274,\"22\":2.93095,\"5.0-5.4\":0.01042,\"6.2-6.4\":0,\"7.2-7.4\":0.01042,\"8.2\":0,\"9.2\":0,\"10.1\":0,\"11.1-11.2\":0,\"12.0\":0,\"13.0\":0.02085,\"14.0\":0,\"15.0\":0,\"16.0\":0,\"17.0\":0.01042,\"18.0\":0.01042,\"19.0\":0.01042},I:{\"0\":0,\"3\":0,\"4\":0,\"2.1\":0,\"2.2\":0,\"2.3\":0,\"4.1\":0,\"4.2-4.3\":0,\"4.4\":0,\"4.4.3-4.4.4\":0},K:{_:\"0 10 11 12 11.1 11.5 12.1\"},A:{_:\"6 7 8 9 10 11 5.5\"},S:{\"2.5\":0,_:\"3.0-3.1\"},J:{\"7\":0,\"10\":0},N:{\"10\":0,\"11\":0},L:{\"0\":28.59944},R:{_:\"0\"},M:{\"0\":0},Q:{\"13.1\":0},O:{\"0\":0},H:{\"0\":0}};\n"],