{"ast":null,"code":"module.exports = {\n  C: {\n    \"34\": 0.00392,\n    \"52\": 0.03916,\n    \"68\": 0.01175,\n    \"78\": 0.0235,\n    \"88\": 0.01175,\n    \"102\": 0.00392,\n    \"103\": 0.00783,\n    \"107\": 0.00392,\n    \"108\": 0.01566,\n    \"110\": 0.00392,\n    \"113\": 0.00392,\n    \"115\": 0.28195,\n    \"118\": 0.01175,\n    \"119\": 0.01566,\n    \"121\": 0.00392,\n    \"122\": 0.00392,\n    \"123\": 0.0235,\n    \"124\": 0.44251,\n    \"125\": 0.27412,\n    _: \"2 3 4 5 6 7 8 9 10 11 12 13 14 15 16 17 18 19 20 21 22 23 24 25 26 27 28 29 30 31 32 33 35 36 37 38 39 40 41 42 43 44 45 46 47 48 49 50 51 53 54 55 56 57 58 59 60 61 62 63 64 65 66 67 69 70 71 72 73 74 75 76 77 79 80 81 82 83 84 85 86 87 89 90 91 92 93 94 95 96 97 98 99 100 101 104 105 106 109 111 112 114 116 117 120 126 127 128 3.5 3.6\"\n  },\n  D: {\n    \"22\": 0.00392,\n    \"38\": 0.00392,\n    \"39\": 0.01175,\n    \"43\": 0.00392,\n    \"44\": 0.00392,\n    \"45\": 0.00392,\n    \"46\": 0.00392,\n    \"47\": 0.01566,\n    \"49\": 0.02741,\n    \"51\": 0.00392,\n    \"56\": 0.00783,\n    \"61\": 0.00392,\n    \"63\": 0.01566,\n    \"65\": 0.00392,\n    \"66\": 0.01566,\n    \"68\": 0.00783,\n    \"69\": 0.00392,\n    \"70\": 0.00392,\n    \"73\": 0.0235,\n    \"75\": 0.00783,\n    \"76\": 0.0235,\n    \"78\": 0.01175,\n    \"79\": 0.29762,\n    \"80\": 0.00392,\n    \"81\": 0.00392,\n    \"83\": 0.16056,\n    \"84\": 0.00392,\n    \"85\": 0.00392,\n    \"86\": 0.01175,\n    \"87\": 0.25062,\n    \"88\": 0.06657,\n    \"89\": 0.00392,\n    \"90\": 0.00392,\n    \"91\": 0.00783,\n    \"92\": 0.00783,\n    \"93\": 0.00392,\n    \"94\": 0.05874,\n    \"95\": 0.00783,\n    \"96\": 0.01175,\n    \"97\": 0.00392,\n    \"98\": 0.0744,\n    \"99\": 0.0235,\n    \"100\": 0.00783,\n    \"101\": 0.00783,\n    \"102\": 0.03916,\n    \"103\": 0.05091,\n    \"104\": 0.01175,\n    \"105\": 0.01175,\n    \"106\": 0.03133,\n    \"107\": 0.01958,\n    \"108\": 0.0235,\n    \"109\": 4.2097,\n    \"110\": 0.0235,\n    \"111\": 0.03916,\n    \"112\": 0.01175,\n    \"113\": 0.01958,\n    \"114\": 0.01958,\n    \"115\": 0.01566,\n    \"116\": 0.14881,\n    \"117\": 0.01958,\n    \"118\": 0.01566,\n    \"119\": 0.05482,\n    \"120\": 0.25062,\n    \"121\": 0.19972,\n    \"122\": 0.59523,\n    \"123\": 15.46037,\n    \"124\": 5.81134,\n    \"125\": 0.03133,\n    _: \"4 5 6 7 8 9 10 11 12 13 14 15 16 17 18 19 20 21 23 24 25 26 27 28 29 30 31 32 33 34 35 36 37 40 41 42 48 50 52 53 54 55 57 58 59 60 62 64 67 71 72 74 77 126 127\"\n  },\n  F: {\n    \"28\": 0.0235,\n    \"46\": 0.06657,\n    \"66\": 0.01566,\n    \"67\": 0.00783,\n    \"70\": 0.00392,\n    \"79\": 0.01958,\n    \"82\": 0.00783,\n    \"83\": 0.00392,\n    \"84\": 0.00392,\n    \"85\": 0.01566,\n    \"86\": 0.00783,\n    \"87\": 0.01958,\n    \"91\": 0.00392,\n    \"94\": 0.00783,\n    \"95\": 0.59132,\n    \"102\": 0.00392,\n    \"105\": 0.00392,\n    \"106\": 0.00783,\n    \"107\": 0.91634,\n    \"108\": 1.18655,\n    \"109\": 0.33678,\n    _: \"9 11 12 15 16 17 18 19 20 21 22 23 24 25 26 27 29 30 31 32 33 34 35 36 37 38 39 40 41 42 43 44 45 47 48 49 50 51 52 53 54 55 56 57 58 60 62 63 64 65 68 69 71 72 73 74 75 76 77 78 80 81 88 89 90 92 93 96 97 98 99 100 101 103 104 9.5-9.6 10.0-10.1 10.5 10.6 11.1 11.5 11.6 12.1\"\n  },\n  B: {\n    \"12\": 0.00392,\n    \"13\": 0.03133,\n    \"14\": 0.01958,\n    \"16\": 0.00783,\n    \"18\": 0.01958,\n    \"92\": 0.00783,\n    \"98\": 0.00783,\n    \"99\": 0.00392,\n    \"100\": 0.00392,\n    \"108\": 0.00783,\n    \"109\": 0.01958,\n    \"110\": 0.00392,\n    \"111\": 0.00783,\n    \"113\": 0.02741,\n    \"114\": 0.01175,\n    \"116\": 0.03524,\n    \"117\": 0.00783,\n    \"118\": 0.01566,\n    \"119\": 0.03524,\n    \"120\": 0.05482,\n    \"121\": 0.09007,\n    \"122\": 0.16056,\n    \"123\": 1.87576,\n    \"124\": 0.8067,\n    _: \"15 17 79 80 81 83 84 85 86 87 88 89 90 91 93 94 95 96 97 101 102 103 104 105 106 107 112 115\"\n  },\n  E: {\n    \"9\": 0.00783,\n    \"14\": 0.00783,\n    _: \"0 4 5 6 7 8 10 11 12 13 15 3.1 3.2 5.1 6.1 7.1 9.1 10.1 11.1\",\n    \"12.1\": 0.00392,\n    \"13.1\": 0.04699,\n    \"14.1\": 0.04308,\n    \"15.1\": 0.00392,\n    \"15.2-15.3\": 0.00392,\n    \"15.4\": 0.01175,\n    \"15.5\": 0.01175,\n    \"15.6\": 0.10965,\n    \"16.0\": 0.00783,\n    \"16.1\": 0.04699,\n    \"16.2\": 0.01175,\n    \"16.3\": 0.03524,\n    \"16.4\": 0.01566,\n    \"16.5\": 0.03524,\n    \"16.6\": 0.11356,\n    \"17.0\": 0.05091,\n    \"17.1\": 0.05874,\n    \"17.2\": 0.05874,\n    \"17.3\": 0.16447,\n    \"17.4\": 0.41901,\n    \"17.5\": 0.01175\n  },\n  G: {\n    \"8\": 0,\n    \"3.2\": 0,\n    \"4.0-4.1\": 0,\n    \"4.2-4.3\": 0.00236,\n    \"5.0-5.1\": 0.00236,\n    \"6.0-6.1\": 0.00591,\n    \"7.0-7.1\": 0.00946,\n    \"8.1-8.4\": 0.00236,\n    \"9.0-9.2\": 0.00591,\n    \"9.3\": 0.02955,\n    \"10.0-10.2\": 0.00591,\n    \"10.3\": 0.04728,\n    \"11.0-11.2\": 0.04019,\n    \"11.3-11.4\": 0.01182,\n    \"12.0-12.1\": 0.00827,\n    \"12.2-12.5\": 0.19269,\n    \"13.0-13.1\": 0.00355,\n    \"13.2\": 0.03901,\n    \"13.3\": 0.00946,\n    \"13.4-13.7\": 0.03665,\n    \"14.0-14.4\": 0.07211,\n    \"14.5-14.8\": 0.10994,\n    \"15.0-15.1\": 0.05083,\n    \"15.2-15.3\": 0.05792,\n    \"15.4\": 0.0662,\n    \"15.5\": 0.08393,\n    \"15.6-15.8\": 0.73292,\n    \"16.0\": 0.17141,\n    \"16.1\": 0.357,\n    \"16.2\": 0.17141,\n    \"16.3\": 0.30262,\n    \"16.4\": 0.06265,\n    \"16.5\": 0.13122,\n    \"16.6-16.7\": 1.03672,\n    \"17.0\": 0.12412,\n    \"17.1\": 0.22933,\n    \"17.2\": 0.30499,\n    \"17.3\": 2.22475,\n    \"17.4\": 5.02165,\n    \"17.5\": 0.0461\n  },\n  P: {\n    \"4\": 0.64907,\n    \"20\": 0.01064,\n    \"21\": 0.04256,\n    \"22\": 0.09576,\n    \"23\": 0.15961,\n    \"24\": 1.14916,\n    \"5.0-5.4\": 0.0532,\n    \"6.2-6.4\": 0.08512,\n    \"7.2-7.4\": 0.0532,\n    _: \"8.2 9.2 10.1 12.0 14.0 15.0 16.0 18.0\",\n    \"11.1-11.2\": 0.01064,\n    \"13.0\": 0.02128,\n    \"17.0\": 0.03192,\n    \"19.0\": 0.02128\n  },\n  I: {\n    \"0\": 0.14542,\n    \"3\": 0,\n    \"4\": 0.00001,\n    \"2.1\": 0,\n    \"2.2\": 0,\n    \"2.3\": 0,\n    \"4.1\": 0.00003,\n    \"4.2-4.3\": 0.00009,\n    \"4.4\": 0,\n    \"4.4.3-4.4.4\": 0.00037\n  },\n  A: {\n    \"8\": 0.0244,\n    \"9\": 0.00407,\n    \"10\": 0.00407,\n    \"11\": 0.0732,\n    _: \"6 7 5.5\"\n  },\n  K: {\n    \"0\": 0.33462,\n    _: \"10 11 12 11.1 11.5 12.1\"\n  },\n  J: {\n    _: \"7 10\"\n  },\n  N: {\n    _: \"10 11\"\n  },\n  S: {\n    _: \"2.5 3.0-3.1\"\n  },\n  Q: {\n    _: \"14.9\"\n  },\n  O: {\n    \"0\": 0.03042\n  },\n  H: {\n    \"0\": 0\n  },\n  L: {\n    \"0\": 46.39068\n  },\n  R: {\n    _: \"0\"\n  },\n  M: {\n    \"0\": 0.12168\n  }\n};","map":{"version":3,"names":["module","exports","C","_","D","F","B","E","G","P","I","A","K","J","N","S","Q","O","H","L","R","M"],"sources":["C:/Users/chest/OneDrive/Documentos/GitHub/HackUPC/frontend/node_modules/caniuse-lite/data/regions/GE.js"],