{"ast":null,"code":"module.exports = {\n  C: {\n    \"124\": 1.04513,\n    \"125\": 5.5678,\n    _: \"2 3 4 5 6 7 8 9 10 11 12 13 14 15 16 17 18 19 20 21 22 23 24 25 26 27 28 29 30 31 32 33 34 35 36 37 38 39 40 41 42 43 44 45 46 47 48 49 50 51 52 53 54 55 56 57 58 59 60 61 62 63 64 65 66 67 68 69 70 71 72 73 74 75 76 77 78 79 80 81 82 83 84 85 86 87 88 89 90 91 92 93 94 95 96 97 98 99 100 101 102 103 104 105 106 107 108 109 110 111 112 113 114 115 116 117 118 119 120 121 122 123 126 127 128 3.5 3.6\"\n  },\n  D: {\n    \"109\": 1.3935,\n    \"122\": 2.17735,\n    \"123\": 20.53552,\n    \"124\": 6.9613,\n    _: \"4 5 6 7 8 9 10 11 12 13 14 15 16 17 18 19 20 21 22 23 24 25 26 27 28 29 30 31 32 33 34 35 36 37 38 39 40 41 42 43 44 45 46 47 48 49 50 51 52 53 54 55 56 57 58 59 60 61 62 63 64 65 66 67 68 69 70 71 72 73 74 75 76 77 78 79 80 81 83 84 85 86 87 88 89 90 91 92 93 94 95 96 97 98 99 100 101 102 103 104 105 106 107 108 110 111 112 113 114 115 116 117 118 119 120 121 125 126 127\"\n  },\n  F: {\n    \"109\": 4.34848,\n    _: \"9 11 12 15 16 17 18 19 20 21 22 23 24 25 26 27 28 29 30 31 32 33 34 35 36 37 38 39 40 41 42 43 44 45 46 47 48 49 50 51 52 53 54 55 56 57 58 60 62 63 64 65 66 67 68 69 70 71 72 73 74 75 76 77 78 79 80 81 82 83 84 85 86 87 88 89 90 91 92 93 94 95 96 97 98 99 100 101 102 103 104 105 106 107 108 9.5-9.6 10.0-10.1 10.5 10.6 11.1 11.5 11.6 12.1\"\n  },\n  B: {\n    \"122\": 0.43547,\n    \"123\": 6.26455,\n    \"124\": 4.43557,\n    _: \"12 13 14 15 16 17 18 79 80 81 83 84 85 86 87 88 89 90 91 92 93 94 95 96 97 98 99 100 101 102 103 104 105 106 107 108 109 110 111 112 113 114 115 116 117 118 119 120 121\"\n  },\n  E: {\n    \"14\": 0.43547,\n    _: \"0 4 5 6 7 8 9 10 11 12 13 15 3.1 3.2 5.1 6.1 7.1 9.1 10.1 11.1 12.1 13.1 14.1 15.1 15.2-15.3 15.4 15.5 15.6 16.0 16.1 16.2 16.3 16.4 16.5 17.0 17.1 17.2 17.3 17.5\",\n    \"16.6\": 0.26128,\n    \"17.4\": 4.87104\n  },\n  G: {\n    \"8\": 0,\n    \"3.2\": 0,\n    \"4.0-4.1\": 0,\n    \"4.2-4.3\": 0.00181,\n    \"5.0-5.1\": 0.00181,\n    \"6.0-6.1\": 0.00452,\n    \"7.0-7.1\": 0.00723,\n    \"8.1-8.4\": 0.00181,\n    \"9.0-9.2\": 0.00452,\n    \"9.3\": 0.02261,\n    \"10.0-10.2\": 0.00452,\n    \"10.3\": 0.03617,\n    \"11.0-11.2\": 0.03075,\n    \"11.3-11.4\": 0.00904,\n    \"12.0-12.1\": 0.00633,\n    \"12.2-12.5\": 0.1474,\n    \"13.0-13.1\": 0.00271,\n    \"13.2\": 0.02984,\n    \"13.3\": 0.00723,\n    \"13.4-13.7\": 0.02803,\n    \"14.0-14.4\": 0.05516,\n    \"14.5-14.8\": 0.0841,\n    \"15.0-15.1\": 0.03889,\n    \"15.2-15.3\": 0.04431,\n    \"15.4\": 0.05064,\n    \"15.5\": 0.06421,\n    \"15.6-15.8\": 0.56068,\n    \"16.0\": 0.13113,\n    \"16.1\": 0.2731,\n    \"16.2\": 0.13113,\n    \"16.3\": 0.2315,\n    \"16.4\": 0.04793,\n    \"16.5\": 0.10038,\n    \"16.6-16.7\": 0.79308,\n    \"17.0\": 0.09495,\n    \"17.1\": 0.17544,\n    \"17.2\": 0.23331,\n    \"17.3\": 1.70192,\n    \"17.4\": 3.84153,\n    \"17.5\": 0.03527\n  },\n  P: {\n    \"24\": 0.26669,\n    _: \"4 20 21 22 23 5.0-5.4 6.2-6.4 7.2-7.4 8.2 9.2 10.1 11.1-11.2 12.0 13.0 14.0 15.0 16.0 18.0 19.0\",\n    \"17.0\": 0.35901\n  },\n  I: {\n    \"0\": 0,\n    \"3\": 0,\n    \"4\": 0,\n    \"2.1\": 0,\n    \"2.2\": 0,\n    \"2.3\": 0,\n    \"4.1\": 0,\n    \"4.2-4.3\": 0,\n    \"4.4\": 0,\n    \"4.4.3-4.4.4\": 0\n  },\n  A: {\n    \"11\": 1.91607,\n    _: \"6 7 8 9 10 5.5\"\n  },\n  K: {\n    \"0\": 0,\n    _: \"10 11 12 11.1 11.5 12.1\"\n  },\n  J: {\n    _: \"7 10\"\n  },\n  N: {\n    _: \"10 11\"\n  },\n  S: {\n    _: \"2.5 3.0-3.1\"\n  },\n  Q: {\n    _: \"14.9\"\n  },\n  O: {\n    _: \"0\"\n  },\n  H: {\n    \"0\": 0\n  },\n  L: {\n    \"0\": 28.29013\n  },\n  R: {\n    _: \"0\"\n  },\n  M: {\n    _: \"0\"\n  }\n};","map":{"version":3,"names":["module","exports","C","_","D","F","B","E","G","P","I","A","K","J","N","S","Q","O","H","L","R","M"],"sources":["C:/Users/chest/OneDrive/Documentos/GitHub/HackUPC/frontend/node_modules/caniuse-lite/data/regions/NF.js"],"sourcesContent":["module.exports={C:{\"124\":1.04513,\"125\":5.5678,_:\"2 3 4 5 6 7 8 9 10 11 12 13 14 15 16 17 18 19 20 21 22 23 24 25 26 27 28 29 30 31 32 33 34 35 36 37 38 39 40 41 42 43 44 45 46 47 48 49 50 51 52 53 54 55 56 57 58 59 60 61 62 63 64 65 66 67 68 69 70 71 72 73 74 75 76 77 78 79 80 81 82 83 84 85 86 87 88 89 90 91 92 93 94 95 96 97 98 99 100 101 102 103 104 105 106 107 108 109 110 111 112 113 114 115 116 117 118 119 120 121 122 123 126 127 128 3.5 3.6\"},D:{\"109\":1.3935,\"122\":2.17735,\"123\":20.53552,\"124\":6.9613,_:\"4 5 6 7 8 9 10 11 12 13 14 15 16 17 18 19 20 21 22 23 24 25 26 27 28 29 30 31 32 33 34 35 36 37 38 39 40 41 42 43 44 45 46 47 48 49 50 51 52 53 54 55 56 57 58 59 60 61 62 63 64 65 66 67 68 69 70 71 72 73 74 75 76 77 78 79 80 81 83 84 85 86 87 88 89 90 91 92 93 94 95 96 97 98 99 100 101 102 103 104 105 106 107 108 110 111 112 113 114 115 116 117 118 119 120 121 125 126 127\"},F:{\"109\":4.34848,_:\"9 11 12 15 16 17 18 19 20 21 22 23 24 25 26 27 28 29 30 31 32 33 34 35 36 37 38 39 40 41 42 43 44 45 46 47 48 49 50 51 52 53 54 55 56 57 58 60 62 63 64 65 66 67 68 69 70 71 72 73 74 75 76 77 78 79 80 81 82 83 84 85 86 87 88 89 90 91 92 93 94 95 96 97 98 99 100 101 102 103 104 105 106 107 108 9.5-9.6 10.0-10.1 10.5 10.6 11.1 11.5 11.6 12.1\"},B:{\"122\":0.43547,\"123\":6.26455,\"124\":4.43557,_:\"12 13 14 15 16 17 18 79 80 81 83 84 85 86 87 88 89 90 91 92 93 94 95 96 97 98 99 100 101 102 103 104 105 106 107 108 109 110 111 112 113 114 115 116 117 118 119 120 121\"},E:{\"14\":0.43547,_:\"0 4 5 6 7 8 9 10 11 12 13 15 3.1 3.2 5.1 6.1 7.1 9.1 10.1 11.1 12.1 13.1 14.1 15.1 15.2-15.3 15.4 15.5 15.6 16.0 16.1 16.2 16.3 16.4 16.5 17.0 17.1 17.2 17.3 17.5\",\"16.6\":0.26128,\"17.4\":4.87104},G:{\"8\":0,\"3.2\":0,\"4.0-4.1\":0,\"4.2-4.3\":0.00181,\"5.0-5.1\":0.00181,\"6.0-6.1\":0.00452,\"7.0-7.1\":0.00723,\"8.1-8.4\":0.00181,\"9.0-9.2\":0.00452,\"9.3\":0.02261,\"10.0-10.2\":0.00452,\"10.3\":0.03617,\"11.0-11.2\":0.03075,\"11.3-11.4\":0.00904,\"12.0-12.1\":0.00633,\"12.2-12.5\":0.1474,\"13.0-13.1\":0.00271,\"13.2\":0.02984,\"13.3\":0.00723,\"13.4-13.7\":0.02803,\"14.0-14.4\":0.05516,\"14.5-14.8\":0.0841,\"15.0-15.1\":0.03889,\"15.2-15.3\":0.04431,\"15.4\":0.05064,\"15.5\":0.06421,\"15.6-15.8\":0.56068,\"16.0\":0.13113,\"16.1\":0.2731,\"16.2\":0.13113,\"16.3\":0.2315,\"16.4\":0.04793,\"16.5\":0.10038,\"16.6-16.7\":0.79308,\"17.0\":0.09495,\"17.1\":0.17544,\"17.2\":0.23331,\"17.3\":1.70192,\"17.4\":3.84153,\"17.5\":0.03527},P:{\"24\":0.26669,_:\"4 20 21 22 23 5.0-5.4 6.2-6.4 7.2-7.4 8.2 9.2 10.1 11.1-11.2 12.0 13.0 14.0 15.0 16.0 18.0 19.0\",\"17.0\":0.35901},I:{\"0\":0,\"3\":0,\"4\":0,\"2.1\":0,\"2.2\":0,\"2.3\":0,\"4.1\":0,\"4.2-4.3\":0,\"4.4\":0,\"4.4.3-4.4.4\":0},A:{\"11\":1.91607,_:\"6 7 8 9 10 5.5\"},K:{\"0\":0,_:\"10 11 12 11.1 11.5 12.1\"},J:{_:\"7 10\"},N:{_:\"10 11\"},S:{_:\"2.5 3.0-3.1\"},Q:{_:\"14.9\"},O:{_:\"0\"},H:{\"0\":0},L:{\"0\":28.29013},R:{_:\"0\"},M:{_:\"0\"}};\n"],