{"ast":null,"code":"module.exports = {\n  C: {\n    \"40\": 0.00372,\n    \"52\": 0.00743,\n    \"73\": 0.04089,\n    \"78\": 0.01115,\n    \"105\": 0.00372,\n    \"108\": 0.00743,\n    \"111\": 0.00372,\n    \"115\": 0.10036,\n    \"119\": 0.00372,\n    \"120\": 0.07062,\n    \"121\": 0.00743,\n    \"122\": 0.02602,\n    \"123\": 0.0446,\n    \"124\": 1.02589,\n    \"125\": 0.40887,\n    \"126\": 0.00372,\n    _: \"2 3 4 5 6 7 8 9 10 11 12 13 14 15 16 17 18 19 20 21 22 23 24 25 26 27 28 29 30 31 32 33 34 35 36 37 38 39 41 42 43 44 45 46 47 48 49 50 51 53 54 55 56 57 58 59 60 61 62 63 64 65 66 67 68 69 70 71 72 74 75 76 77 79 80 81 82 83 84 85 86 87 88 89 90 91 92 93 94 95 96 97 98 99 100 101 102 103 104 106 107 109 110 112 113 114 116 117 118 127 128 3.5\",\n    \"3.6\": 0.00372\n  },\n  D: {\n    \"38\": 0.00372,\n    \"42\": 0.00372,\n    \"43\": 0.00372,\n    \"44\": 0.00372,\n    \"45\": 0.00372,\n    \"46\": 0.00372,\n    \"47\": 0.00372,\n    \"49\": 0.02974,\n    \"51\": 0.00372,\n    \"56\": 0.00372,\n    \"65\": 0.0223,\n    \"70\": 0.00372,\n    \"76\": 0.00372,\n    \"79\": 0.01487,\n    \"84\": 0.00372,\n    \"85\": 0.00372,\n    \"87\": 0.01859,\n    \"89\": 0.00372,\n    \"90\": 0.00743,\n    \"91\": 0.00372,\n    \"93\": 0.00372,\n    \"94\": 0.00372,\n    \"95\": 0.00372,\n    \"98\": 0.00372,\n    \"99\": 0.00372,\n    \"101\": 0.01859,\n    \"102\": 0.00372,\n    \"103\": 0.1301,\n    \"104\": 0.00743,\n    \"105\": 0.01115,\n    \"106\": 0.01859,\n    \"107\": 0.00372,\n    \"108\": 0.01859,\n    \"109\": 1.18201,\n    \"110\": 0.01115,\n    \"111\": 0.01859,\n    \"112\": 0.01115,\n    \"113\": 0.08921,\n    \"114\": 0.00743,\n    \"115\": 0.01487,\n    \"116\": 0.09293,\n    \"117\": 0.01115,\n    \"118\": 0.01487,\n    \"119\": 0.07806,\n    \"120\": 0.14125,\n    \"121\": 0.22674,\n    \"122\": 1.08908,\n    \"123\": 10.93541,\n    \"124\": 4.53846,\n    \"125\": 0.01487,\n    \"126\": 0.00743,\n    _: \"4 5 6 7 8 9 10 11 12 13 14 15 16 17 18 19 20 21 22 23 24 25 26 27 28 29 30 31 32 33 34 35 36 37 39 40 41 48 50 52 53 54 55 57 58 59 60 61 62 63 64 66 67 68 69 71 72 73 74 75 77 78 80 81 83 86 88 92 96 97 100 127\"\n  },\n  F: {\n    \"28\": 0.00743,\n    \"73\": 0.00372,\n    \"93\": 0.00372,\n    \"95\": 0.01115,\n    \"106\": 0.01859,\n    \"107\": 0.95899,\n    \"108\": 0.30851,\n    \"109\": 0.40144,\n    _: \"9 11 12 15 16 17 18 19 20 21 22 23 24 25 26 27 29 30 31 32 33 34 35 36 37 38 39 40 41 42 43 44 45 46 47 48 49 50 51 52 53 54 55 56 57 58 60 62 63 64 65 66 67 68 69 70 71 72 74 75 76 77 78 79 80 81 82 83 84 85 86 87 88 89 90 91 92 94 96 97 98 99 100 101 102 103 104 105 9.5-9.6 10.0-10.1 10.5 10.6 11.1 11.5 11.6 12.1\"\n  },\n  B: {\n    \"12\": 0.00372,\n    \"17\": 0.01859,\n    \"18\": 0.00372,\n    \"84\": 0.00372,\n    \"89\": 0.00372,\n    \"92\": 0.00743,\n    \"97\": 0.00743,\n    \"100\": 0.00372,\n    \"107\": 0.02974,\n    \"108\": 0.00743,\n    \"109\": 0.03345,\n    \"111\": 0.00372,\n    \"113\": 0.00372,\n    \"114\": 0.01487,\n    \"115\": 0.01115,\n    \"116\": 0.01115,\n    \"117\": 0.00372,\n    \"118\": 0.00743,\n    \"119\": 0.06319,\n    \"120\": 0.04089,\n    \"121\": 0.05204,\n    \"122\": 0.32338,\n    \"123\": 4.9845,\n    \"124\": 2.1856,\n    _: \"13 14 15 16 79 80 81 83 85 86 87 88 90 91 93 94 95 96 98 99 101 102 103 104 105 106 110 112\"\n  },\n  E: {\n    \"9\": 0.00743,\n    \"13\": 0.05576,\n    \"14\": 0.03345,\n    \"15\": 0.00372,\n    _: \"0 4 5 6 7 8 10 11 12 3.1 3.2 5.1 6.1 7.1 9.1 10.1 11.1\",\n    \"12.1\": 0.00743,\n    \"13.1\": 0.04832,\n    \"14.1\": 0.2193,\n    \"15.1\": 0.02602,\n    \"15.2-15.3\": 0.02974,\n    \"15.4\": 0.02602,\n    \"15.5\": 0.06691,\n    \"15.6\": 0.31966,\n    \"16.0\": 0.03717,\n    \"16.1\": 0.08549,\n    \"16.2\": 0.10779,\n    \"16.3\": 0.18957,\n    \"16.4\": 0.04832,\n    \"16.5\": 0.13753,\n    \"16.6\": 0.48321,\n    \"17.0\": 0.07434,\n    \"17.1\": 0.1524,\n    \"17.2\": 0.29364,\n    \"17.3\": 0.72482,\n    \"17.4\": 1.94399,\n    \"17.5\": 0.03345\n  },\n  G: {\n    \"8\": 0,\n    \"3.2\": 0,\n    \"4.0-4.1\": 0,\n    \"4.2-4.3\": 0.00554,\n    \"5.0-5.1\": 0.00554,\n    \"6.0-6.1\": 0.01385,\n    \"7.0-7.1\": 0.02217,\n    \"8.1-8.4\": 0.00554,\n    \"9.0-9.2\": 0.01385,\n    \"9.3\": 0.06927,\n    \"10.0-10.2\": 0.01385,\n    \"10.3\": 0.11083,\n    \"11.0-11.2\": 0.09421,\n    \"11.3-11.4\": 0.02771,\n    \"12.0-12.1\": 0.0194,\n    \"12.2-12.5\": 0.45164,\n    \"13.0-13.1\": 0.00831,\n    \"13.2\": 0.09144,\n    \"13.3\": 0.02217,\n    \"13.4-13.7\": 0.08589,\n    \"14.0-14.4\": 0.16902,\n    \"14.5-14.8\": 0.25768,\n    \"15.0-15.1\": 0.11914,\n    \"15.2-15.3\": 0.13577,\n    \"15.4\": 0.15516,\n    \"15.5\": 0.19673,\n    \"15.6-15.8\": 1.7179,\n    \"16.0\": 0.40177,\n    \"16.1\": 0.83678,\n    \"16.2\": 0.40177,\n    \"16.3\": 0.70933,\n    \"16.4\": 0.14685,\n    \"16.5\": 0.30756,\n    \"16.6-16.7\": 2.42999,\n    \"17.0\": 0.29093,\n    \"17.1\": 0.53754,\n    \"17.2\": 0.71487,\n    \"17.3\": 5.21465,\n    \"17.4\": 11.77037,\n    \"17.5\": 0.10806\n  },\n  P: {\n    \"4\": 0.22088,\n    \"20\": 0.02104,\n    \"21\": 0.06311,\n    \"22\": 0.04207,\n    \"23\": 0.22088,\n    \"24\": 2.45071,\n    \"5.0-5.4\": 0.01052,\n    \"6.2-6.4\": 0.01052,\n    \"7.2-7.4\": 0.01052,\n    _: \"8.2 9.2 10.1 12.0 14.0 15.0\",\n    \"11.1-11.2\": 0.01052,\n    \"13.0\": 0.02104,\n    \"16.0\": 0.02104,\n    \"17.0\": 0.01052,\n    \"18.0\": 0.03155,\n    \"19.0\": 0.01052\n  },\n  I: {\n    \"0\": 0.06883,\n    \"3\": 0,\n    \"4\": 0.00001,\n    \"2.1\": 0,\n    \"2.2\": 0,\n    \"2.3\": 0,\n    \"4.1\": 0.00001,\n    \"4.2-4.3\": 0.00004,\n    \"4.4\": 0,\n    \"4.4.3-4.4.4\": 0.00017\n  },\n  A: {\n    \"7\": 0.00372,\n    \"8\": 0.02974,\n    \"9\": 0.00743,\n    \"10\": 0.00372,\n    \"11\": 0.06691,\n    _: \"6 5.5\"\n  },\n  K: {\n    \"0\": 0.21362,\n    _: \"10 11 12 11.1 11.5 12.1\"\n  },\n  J: {\n    _: \"7 10\"\n  },\n  N: {\n    _: \"10 11\"\n  },\n  S: {\n    _: \"2.5 3.0-3.1\"\n  },\n  Q: {\n    _: \"14.9\"\n  },\n  O: {\n    \"0\": 0.01257\n  },\n  H: {\n    \"0\": 0\n  },\n  L: {\n    \"0\": 32.31456\n  },\n  R: {\n    _: \"0\"\n  },\n  M: {\n    \"0\": 0.36441\n  }\n};","map":{"version":3,"names":["module","exports","C","_","D","F","B","E","G","P","I","A","K","J","N","S","Q","O","H","L","R","M"],"sources":["C:/Users/chest/OneDrive/Documentos/GitHub/HackUPC/frontend/node_modules/caniuse-lite/data/regions/PR.js"],