{"ast":null,"code":"module.exports = {\n  C: {\n    \"78\": 0.02238,\n    \"115\": 0.0537,\n    \"118\": 0.08055,\n    \"123\": 0.04475,\n    \"124\": 3.96485,\n    \"125\": 2.23303,\n    _: \"2 3 4 5 6 7 8 9 10 11 12 13 14 15 16 17 18 19 20 21 22 23 24 25 26 27 28 29 30 31 32 33 34 35 36 37 38 39 40 41 42 43 44 45 46 47 48 49 50 51 52 53 54 55 56 57 58 59 60 61 62 63 64 65 66 67 68 69 70 71 72 73 74 75 76 77 79 80 81 82 83 84 85 86 87 88 89 90 91 92 93 94 95 96 97 98 99 100 101 102 103 104 105 106 107 108 109 110 111 112 113 114 116 117 119 120 121 122 126 127 128 3.5 3.6\"\n  },\n  D: {\n    \"50\": 0.00448,\n    \"75\": 0.01343,\n    \"76\": 0.00895,\n    \"79\": 0.00448,\n    \"80\": 0.00448,\n    \"87\": 0.0179,\n    \"91\": 0.00448,\n    \"92\": 0.00448,\n    \"93\": 0.04923,\n    \"101\": 0.00448,\n    \"103\": 0.179,\n    \"105\": 0.00448,\n    \"108\": 0.00895,\n    \"109\": 0.38933,\n    \"110\": 0.00895,\n    \"111\": 0.09845,\n    \"114\": 0.02238,\n    \"115\": 0.01343,\n    \"116\": 0.54595,\n    \"117\": 0.12978,\n    \"118\": 0.00895,\n    \"119\": 0.04475,\n    \"120\": 0.29983,\n    \"121\": 0.51015,\n    \"122\": 2.02718,\n    \"123\": 11.7782,\n    \"124\": 3.95143,\n    _: \"4 5 6 7 8 9 10 11 12 13 14 15 16 17 18 19 20 21 22 23 24 25 26 27 28 29 30 31 32 33 34 35 36 37 38 39 40 41 42 43 44 45 46 47 48 49 51 52 53 54 55 56 57 58 59 60 61 62 63 64 65 66 67 68 69 70 71 72 73 74 77 78 81 83 84 85 86 88 89 90 94 95 96 97 98 99 100 102 104 106 107 112 113 125 126 127\"\n  },\n  F: {\n    \"82\": 0.02238,\n    \"95\": 0.00448,\n    \"100\": 0.00448,\n    \"102\": 0.00448,\n    \"107\": 0.8234,\n    \"108\": 0.1074,\n    \"109\": 0.0537,\n    _: \"9 11 12 15 16 17 18 19 20 21 22 23 24 25 26 27 28 29 30 31 32 33 34 35 36 37 38 39 40 41 42 43 44 45 46 47 48 49 50 51 52 53 54 55 56 57 58 60 62 63 64 65 66 67 68 69 70 71 72 73 74 75 76 77 78 79 80 81 83 84 85 86 87 88 89 90 91 92 93 94 96 97 98 99 101 103 104 105 106 9.5-9.6 10.0-10.1 10.5 10.6 11.1 11.5 11.6 12.1\"\n  },\n  B: {\n    \"92\": 0.01343,\n    \"104\": 0.04028,\n    \"108\": 0.00895,\n    \"109\": 0.11635,\n    \"115\": 0.02685,\n    \"118\": 0.00448,\n    \"119\": 0.00895,\n    \"120\": 0.04028,\n    \"121\": 0.04028,\n    \"122\": 0.6086,\n    \"123\": 5.70115,\n    \"124\": 2.39413,\n    _: \"12 13 14 15 16 17 18 79 80 81 83 84 85 86 87 88 89 90 91 93 94 95 96 97 98 99 100 101 102 103 105 106 107 110 111 112 113 114 116 117\"\n  },\n  E: {\n    \"13\": 0.00895,\n    \"14\": 0.3043,\n    _: \"0 4 5 6 7 8 9 10 11 12 15 3.1 3.2 5.1 6.1 7.1 9.1 10.1 11.1\",\n    \"12.1\": 0.00448,\n    \"13.1\": 0.03133,\n    \"14.1\": 0.37143,\n    \"15.1\": 0.00895,\n    \"15.2-15.3\": 0.00895,\n    \"15.4\": 0.06265,\n    \"15.5\": 0.02238,\n    \"15.6\": 0.55043,\n    \"16.0\": 0.11188,\n    \"16.1\": 0.03133,\n    \"16.2\": 0.02685,\n    \"16.3\": 0.34905,\n    \"16.4\": 0.0358,\n    \"16.5\": 1.52598,\n    \"16.6\": 0.87263,\n    \"17.0\": 0.15663,\n    \"17.1\": 0.17453,\n    \"17.2\": 0.23718,\n    \"17.3\": 0.59518,\n    \"17.4\": 1.72288,\n    \"17.5\": 0.00448\n  },\n  G: {\n    \"8\": 0,\n    \"3.2\": 0,\n    \"4.0-4.1\": 0,\n    \"4.2-4.3\": 0.00559,\n    \"5.0-5.1\": 0.00559,\n    \"6.0-6.1\": 0.01397,\n    \"7.0-7.1\": 0.02235,\n    \"8.1-8.4\": 0.00559,\n    \"9.0-9.2\": 0.01397,\n    \"9.3\": 0.06985,\n    \"10.0-10.2\": 0.01397,\n    \"10.3\": 0.11176,\n    \"11.0-11.2\": 0.095,\n    \"11.3-11.4\": 0.02794,\n    \"12.0-12.1\": 0.01956,\n    \"12.2-12.5\": 0.45542,\n    \"13.0-13.1\": 0.00838,\n    \"13.2\": 0.0922,\n    \"13.3\": 0.02235,\n    \"13.4-13.7\": 0.08661,\n    \"14.0-14.4\": 0.17043,\n    \"14.5-14.8\": 0.25984,\n    \"15.0-15.1\": 0.12014,\n    \"15.2-15.3\": 0.13691,\n    \"15.4\": 0.15646,\n    \"15.5\": 0.19837,\n    \"15.6-15.8\": 1.73228,\n    \"16.0\": 0.40513,\n    \"16.1\": 0.84379,\n    \"16.2\": 0.40513,\n    \"16.3\": 0.71526,\n    \"16.4\": 0.14808,\n    \"16.5\": 0.31013,\n    \"16.6-16.7\": 2.45033,\n    \"17.0\": 0.29337,\n    \"17.1\": 0.54203,\n    \"17.2\": 0.72085,\n    \"17.3\": 5.25829,\n    \"17.4\": 11.86888,\n    \"17.5\": 0.10897\n  },\n  P: {\n    \"4\": 0.02186,\n    \"22\": 0.07653,\n    \"23\": 0.12026,\n    \"24\": 2.07716,\n    _: \"20 21 6.2-6.4 7.2-7.4 8.2 10.1 11.1-11.2 12.0 14.0 15.0 16.0 17.0 19.0\",\n    \"5.0-5.4\": 0.02186,\n    \"9.2\": 0.06559,\n    \"13.0\": 0.01093,\n    \"18.0\": 0.01093\n  },\n  I: {\n    \"0\": 0.02201,\n    \"3\": 0,\n    \"4\": 0,\n    \"2.1\": 0,\n    \"2.2\": 0,\n    \"2.3\": 0,\n    \"4.1\": 0,\n    \"4.2-4.3\": 0.00001,\n    \"4.4\": 0,\n    \"4.4.3-4.4.4\": 0.00006\n  },\n  A: {\n    \"10\": 0.00448,\n    \"11\": 0.05818,\n    _: \"6 7 8 9 5.5\"\n  },\n  K: {\n    \"0\": 0.00553,\n    _: \"10 11 12 11.1 11.5 12.1\"\n  },\n  J: {\n    _: \"7 10\"\n  },\n  N: {\n    _: \"10 11\"\n  },\n  S: {\n    _: \"2.5 3.0-3.1\"\n  },\n  Q: {\n    _: \"14.9\"\n  },\n  O: {\n    \"0\": 0.0221\n  },\n  H: {\n    \"0\": 0\n  },\n  L: {\n    \"0\": 24.39163\n  },\n  R: {\n    _: \"0\"\n  },\n  M: {\n    \"0\": 0.55803\n  }\n};","map":{"version":3,"names":["module","exports","C","_","D","F","B","E","G","P","I","A","K","J","N","S","Q","O","H","L","R","M"],"sources":["C:/Users/chest/OneDrive/Documentos/GitHub/HackUPC/frontend/node_modules/caniuse-lite/data/regions/VI.js"],