{"ast":null,"code":"module.exports = {\n  C: {\n    \"16\": 0.0307,\n    \"48\": 0.01228,\n    \"52\": 0.03683,\n    \"60\": 0.02456,\n    \"68\": 0.00614,\n    \"72\": 0.01228,\n    \"77\": 0.00614,\n    \"78\": 0.00614,\n    \"79\": 0.00614,\n    \"88\": 0.01228,\n    \"93\": 0.00614,\n    \"95\": 0.00614,\n    \"99\": 0.01228,\n    \"102\": 0.0307,\n    \"103\": 0.00614,\n    \"108\": 0.00614,\n    \"110\": 0.01228,\n    \"113\": 0.00614,\n    \"114\": 0.00614,\n    \"115\": 0.81035,\n    \"118\": 0.01228,\n    \"119\": 0.02456,\n    \"120\": 0.00614,\n    \"121\": 0.01842,\n    \"122\": 0.02456,\n    \"123\": 0.09209,\n    \"124\": 2.91603,\n    \"125\": 1.64525,\n    \"126\": 0.01228,\n    _: \"2 3 4 5 6 7 8 9 10 11 12 13 14 15 17 18 19 20 21 22 23 24 25 26 27 28 29 30 31 32 33 34 35 36 37 38 39 40 41 42 43 44 45 46 47 49 50 51 53 54 55 56 57 58 59 61 62 63 64 65 66 67 69 70 71 73 74 75 76 80 81 82 83 84 85 86 87 89 90 91 92 94 96 97 98 100 101 104 105 106 107 109 111 112 116 117 127 128 3.5 3.6\"\n  },\n  D: {\n    \"49\": 0.01228,\n    \"51\": 0.00614,\n    \"59\": 0.00614,\n    \"70\": 0.00614,\n    \"78\": 0.00614,\n    \"79\": 0.08595,\n    \"80\": 0.05525,\n    \"83\": 0.00614,\n    \"86\": 0.02456,\n    \"87\": 0.03683,\n    \"88\": 0.00614,\n    \"89\": 0.03683,\n    \"90\": 0.01228,\n    \"91\": 0.01228,\n    \"92\": 0.00614,\n    \"93\": 0.00614,\n    \"94\": 0.00614,\n    \"96\": 0.00614,\n    \"97\": 0.05525,\n    \"98\": 0.01228,\n    \"99\": 0.01228,\n    \"100\": 0.00614,\n    \"101\": 0.00614,\n    \"102\": 0.01842,\n    \"103\": 0.06139,\n    \"104\": 0.00614,\n    \"105\": 0.01228,\n    \"106\": 0.03683,\n    \"107\": 0.00614,\n    \"108\": 0.03683,\n    \"109\": 2.09954,\n    \"110\": 0.01228,\n    \"111\": 0.01842,\n    \"112\": 0.06753,\n    \"113\": 0.01842,\n    \"114\": 0.02456,\n    \"115\": 0.0307,\n    \"116\": 0.33765,\n    \"117\": 0.01842,\n    \"118\": 0.06139,\n    \"119\": 0.10436,\n    \"120\": 0.22714,\n    \"121\": 1.03135,\n    \"122\": 3.14317,\n    \"123\": 26.44681,\n    \"124\": 9.53387,\n    \"125\": 0.01842,\n    _: \"4 5 6 7 8 9 10 11 12 13 14 15 16 17 18 19 20 21 22 23 24 25 26 27 28 29 30 31 32 33 34 35 36 37 38 39 40 41 42 43 44 45 46 47 48 50 52 53 54 55 56 57 58 60 61 62 63 64 65 66 67 68 69 71 72 73 74 75 76 77 81 84 85 95 126 127\"\n  },\n  F: {\n    \"20\": 0.00614,\n    \"72\": 0.00614,\n    \"94\": 0.01228,\n    \"95\": 0.12892,\n    \"99\": 0.00614,\n    \"103\": 0.00614,\n    \"104\": 0.00614,\n    \"107\": 1.14799,\n    \"108\": 0.87174,\n    \"109\": 0.28853,\n    _: \"9 11 12 15 16 17 18 19 21 22 23 24 25 26 27 28 29 30 31 32 33 34 35 36 37 38 39 40 41 42 43 44 45 46 47 48 49 50 51 52 53 54 55 56 57 58 60 62 63 64 65 66 67 68 69 70 71 73 74 75 76 77 78 79 80 81 82 83 84 85 86 87 88 89 90 91 92 93 96 97 98 100 101 102 105 106 9.5-9.6 10.0-10.1 10.5 10.6 11.1 11.5 11.6 12.1\"\n  },\n  B: {\n    \"92\": 0.00614,\n    \"105\": 0.00614,\n    \"106\": 0.00614,\n    \"108\": 0.00614,\n    \"109\": 0.03683,\n    \"111\": 0.01228,\n    \"114\": 0.00614,\n    \"115\": 0.00614,\n    \"116\": 0.00614,\n    \"117\": 0.00614,\n    \"118\": 0.00614,\n    \"119\": 0.01228,\n    \"120\": 0.03683,\n    \"121\": 0.02456,\n    \"122\": 0.38676,\n    \"123\": 3.59745,\n    \"124\": 1.63297,\n    _: \"12 13 14 15 16 17 18 79 80 81 83 84 85 86 87 88 89 90 91 93 94 95 96 97 98 99 100 101 102 103 104 107 110 112 113\"\n  },\n  E: {\n    \"9\": 0.00614,\n    \"14\": 0.01228,\n    _: \"0 4 5 6 7 8 10 11 12 13 15 3.1 3.2 5.1 6.1 7.1 9.1 10.1 11.1\",\n    \"12.1\": 0.01228,\n    \"13.1\": 0.0307,\n    \"14.1\": 0.04297,\n    \"15.1\": 0.00614,\n    \"15.2-15.3\": 0.00614,\n    \"15.4\": 0.01228,\n    \"15.5\": 0.01228,\n    \"15.6\": 0.14734,\n    \"16.0\": 0.00614,\n    \"16.1\": 0.03683,\n    \"16.2\": 0.0307,\n    \"16.3\": 0.07981,\n    \"16.4\": 0.04911,\n    \"16.5\": 0.0307,\n    \"16.6\": 0.18417,\n    \"17.0\": 0.04297,\n    \"17.1\": 0.09822,\n    \"17.2\": 0.10436,\n    \"17.3\": 0.20873,\n    \"17.4\": 0.81035,\n    \"17.5\": 0.01228\n  },\n  G: {\n    \"8\": 0,\n    \"3.2\": 0,\n    \"4.0-4.1\": 0,\n    \"4.2-4.3\": 0.0019,\n    \"5.0-5.1\": 0.0019,\n    \"6.0-6.1\": 0.00475,\n    \"7.0-7.1\": 0.00761,\n    \"8.1-8.4\": 0.0019,\n    \"9.0-9.2\": 0.00475,\n    \"9.3\": 0.02377,\n    \"10.0-10.2\": 0.00475,\n    \"10.3\": 0.03804,\n    \"11.0-11.2\": 0.03233,\n    \"11.3-11.4\": 0.00951,\n    \"12.0-12.1\": 0.00666,\n    \"12.2-12.5\": 0.15501,\n    \"13.0-13.1\": 0.00285,\n    \"13.2\": 0.03138,\n    \"13.3\": 0.00761,\n    \"13.4-13.7\": 0.02948,\n    \"14.0-14.4\": 0.05801,\n    \"14.5-14.8\": 0.08844,\n    \"15.0-15.1\": 0.04089,\n    \"15.2-15.3\": 0.0466,\n    \"15.4\": 0.05325,\n    \"15.5\": 0.06752,\n    \"15.6-15.8\": 0.5896,\n    \"16.0\": 0.13789,\n    \"16.1\": 0.28719,\n    \"16.2\": 0.13789,\n    \"16.3\": 0.24345,\n    \"16.4\": 0.0504,\n    \"16.5\": 0.10556,\n    \"16.6-16.7\": 0.834,\n    \"17.0\": 0.09985,\n    \"17.1\": 0.18449,\n    \"17.2\": 0.24535,\n    \"17.3\": 1.78971,\n    \"17.4\": 4.0397,\n    \"17.5\": 0.03709\n  },\n  P: {\n    \"4\": 0.02057,\n    \"20\": 0.02057,\n    \"21\": 0.07198,\n    \"22\": 0.04113,\n    \"23\": 0.3085,\n    \"24\": 2.44742,\n    _: \"5.0-5.4 7.2-7.4 8.2 9.2 10.1 11.1-11.2 12.0 14.0 15.0 18.0\",\n    \"6.2-6.4\": 0.01028,\n    \"13.0\": 0.01028,\n    \"16.0\": 0.01028,\n    \"17.0\": 0.01028,\n    \"19.0\": 0.02057\n  },\n  I: {\n    \"0\": 0.06921,\n    \"3\": 0,\n    \"4\": 0.00001,\n    \"2.1\": 0,\n    \"2.2\": 0,\n    \"2.3\": 0,\n    \"4.1\": 0.00001,\n    \"4.2-4.3\": 0.00004,\n    \"4.4\": 0,\n    \"4.4.3-4.4.4\": 0.00017\n  },\n  A: {\n    \"8\": 0.05108,\n    \"9\": 0.00638,\n    \"10\": 0.00638,\n    \"11\": 0.09577,\n    _: \"6 7 5.5\"\n  },\n  K: {\n    \"0\": 0.32819,\n    _: \"10 11 12 11.1 11.5 12.1\"\n  },\n  J: {\n    _: \"7 10\"\n  },\n  N: {\n    _: \"10 11\"\n  },\n  S: {\n    _: \"2.5 3.0-3.1\"\n  },\n  Q: {\n    \"14.9\": 0.00772\n  },\n  O: {\n    \"0\": 0.03861\n  },\n  H: {\n    \"0\": 0\n  },\n  L: {\n    \"0\": 25.73113\n  },\n  R: {\n    _: \"0\"\n  },\n  M: {\n    \"0\": 0.3166\n  }\n};","map":{"version":3,"names":["module","exports","C","_","D","F","B","E","G","P","I","A","K","J","N","S","Q","O","H","L","R","M"],"sources":["C:/Users/chest/OneDrive/Documentos/GitHub/HackUPC/frontend/node_modules/caniuse-lite/data/regions/LV.js"],