{"ast":null,"code":"module.exports = {\n  C: {\n    \"34\": 0.01216,\n    \"60\": 0.00304,\n    \"78\": 0.00304,\n    \"99\": 0.00608,\n    \"112\": 0.00304,\n    \"113\": 0.00304,\n    \"115\": 0.12464,\n    \"122\": 0.00304,\n    \"123\": 0.0152,\n    \"124\": 0.20976,\n    \"125\": 0.10336,\n    _: \"2 3 4 5 6 7 8 9 10 11 12 13 14 15 16 17 18 19 20 21 22 23 24 25 26 27 28 29 30 31 32 33 35 36 37 38 39 40 41 42 43 44 45 46 47 48 49 50 51 52 53 54 55 56 57 58 59 61 62 63 64 65 66 67 68 69 70 71 72 73 74 75 76 77 79 80 81 82 83 84 85 86 87 88 89 90 91 92 93 94 95 96 97 98 100 101 102 103 104 105 106 107 108 109 110 111 114 116 117 118 119 120 121 126 127 128 3.5 3.6\"\n  },\n  D: {\n    \"11\": 0.00912,\n    \"29\": 0.00304,\n    \"31\": 0.01824,\n    \"35\": 0.00304,\n    \"42\": 0.00304,\n    \"43\": 0.00304,\n    \"46\": 0.00608,\n    \"50\": 0.00304,\n    \"54\": 0.00304,\n    \"62\": 0.00304,\n    \"67\": 0.00912,\n    \"69\": 0.00912,\n    \"70\": 0.00304,\n    \"72\": 0.00304,\n    \"73\": 0.00304,\n    \"75\": 0.0152,\n    \"76\": 0.00912,\n    \"77\": 0.00304,\n    \"79\": 0.01216,\n    \"81\": 0.0304,\n    \"83\": 0.00304,\n    \"84\": 0.00608,\n    \"85\": 0.00912,\n    \"86\": 0.0304,\n    \"87\": 0.04864,\n    \"88\": 0.00912,\n    \"89\": 0.00608,\n    \"90\": 0.00912,\n    \"91\": 0.00304,\n    \"92\": 0.03344,\n    \"93\": 0.00304,\n    \"94\": 0.01824,\n    \"95\": 0.00912,\n    \"96\": 0.00304,\n    \"97\": 0.00608,\n    \"98\": 0.00912,\n    \"99\": 0.00608,\n    \"100\": 0.00304,\n    \"101\": 0.00912,\n    \"102\": 0.0304,\n    \"103\": 0.01216,\n    \"104\": 0.00304,\n    \"105\": 0.01216,\n    \"106\": 0.01216,\n    \"107\": 0.00304,\n    \"108\": 0.01216,\n    \"109\": 1.58992,\n    \"110\": 0.01216,\n    \"111\": 0.00304,\n    \"112\": 0.01216,\n    \"113\": 0.00608,\n    \"114\": 0.02128,\n    \"115\": 0.00608,\n    \"116\": 0.08208,\n    \"117\": 0.0152,\n    \"118\": 0.0152,\n    \"119\": 0.05168,\n    \"120\": 0.10032,\n    \"121\": 0.10336,\n    \"122\": 0.24016,\n    \"123\": 4.73632,\n    \"124\": 2.05504,\n    \"125\": 0.02432,\n    _: \"4 5 6 7 8 9 10 12 13 14 15 16 17 18 19 20 21 22 23 24 25 26 27 28 30 32 33 34 36 37 38 39 40 41 44 45 47 48 49 51 52 53 55 56 57 58 59 60 61 63 64 65 66 68 71 74 78 80 126 127\"\n  },\n  F: {\n    \"79\": 0.00608,\n    \"87\": 0.00304,\n    \"90\": 0.00304,\n    \"95\": 0.0912,\n    \"102\": 0.00608,\n    \"107\": 0.05472,\n    \"108\": 0.4104,\n    \"109\": 0.152,\n    _: \"9 11 12 15 16 17 18 19 20 21 22 23 24 25 26 27 28 29 30 31 32 33 34 35 36 37 38 39 40 41 42 43 44 45 46 47 48 49 50 51 52 53 54 55 56 57 58 60 62 63 64 65 66 67 68 69 70 71 72 73 74 75 76 77 78 80 81 82 83 84 85 86 88 89 91 92 93 94 96 97 98 99 100 101 103 104 105 106 9.5-9.6 10.0-10.1 10.5 10.6 11.1 11.5 11.6 12.1\"\n  },\n  B: {\n    \"12\": 0.00608,\n    \"14\": 0.00304,\n    \"15\": 0.02736,\n    \"16\": 0.00608,\n    \"17\": 0.00304,\n    \"18\": 0.01824,\n    \"84\": 0.0152,\n    \"89\": 0.0152,\n    \"90\": 0.0152,\n    \"92\": 0.03952,\n    \"100\": 0.00608,\n    \"101\": 0.00608,\n    \"103\": 0.00304,\n    \"105\": 0.00608,\n    \"107\": 0.00304,\n    \"108\": 0.00304,\n    \"109\": 0.08208,\n    \"110\": 0.00304,\n    \"111\": 0.00608,\n    \"113\": 0.00304,\n    \"114\": 0.01824,\n    \"115\": 0.00304,\n    \"116\": 0.00608,\n    \"117\": 0.00608,\n    \"118\": 0.00304,\n    \"119\": 0.00912,\n    \"120\": 0.06384,\n    \"121\": 0.04864,\n    \"122\": 0.1824,\n    \"123\": 1.66592,\n    \"124\": 0.77824,\n    _: \"13 79 80 81 83 85 86 87 88 91 93 94 95 96 97 98 99 102 104 106 112\"\n  },\n  E: {\n    \"15\": 0.00912,\n    _: \"0 4 5 6 7 8 9 10 11 12 13 14 3.1 3.2 5.1 6.1 7.1 9.1 10.1 11.1 12.1 15.1 15.2-15.3 15.4 15.5 16.0 16.2 16.4 17.1 17.5\",\n    \"13.1\": 0.0152,\n    \"14.1\": 0.00608,\n    \"15.6\": 0.06384,\n    \"16.1\": 0.00304,\n    \"16.3\": 0.00304,\n    \"16.5\": 0.00304,\n    \"16.6\": 0.01216,\n    \"17.0\": 0.00608,\n    \"17.2\": 0.00304,\n    \"17.3\": 0.00912,\n    \"17.4\": 0.03648\n  },\n  G: {\n    \"8\": 0,\n    \"3.2\": 0,\n    \"4.0-4.1\": 0,\n    \"4.2-4.3\": 0.00183,\n    \"5.0-5.1\": 0.00183,\n    \"6.0-6.1\": 0.00458,\n    \"7.0-7.1\": 0.00733,\n    \"8.1-8.4\": 0.00183,\n    \"9.0-9.2\": 0.00458,\n    \"9.3\": 0.0229,\n    \"10.0-10.2\": 0.00458,\n    \"10.3\": 0.03664,\n    \"11.0-11.2\": 0.03114,\n    \"11.3-11.4\": 0.00916,\n    \"12.0-12.1\": 0.00641,\n    \"12.2-12.5\": 0.1493,\n    \"13.0-13.1\": 0.00275,\n    \"13.2\": 0.03023,\n    \"13.3\": 0.00733,\n    \"13.4-13.7\": 0.02839,\n    \"14.0-14.4\": 0.05587,\n    \"14.5-14.8\": 0.08518,\n    \"15.0-15.1\": 0.03939,\n    \"15.2-15.3\": 0.04488,\n    \"15.4\": 0.05129,\n    \"15.5\": 0.06503,\n    \"15.6-15.8\": 0.56788,\n    \"16.0\": 0.13281,\n    \"16.1\": 0.27661,\n    \"16.2\": 0.13281,\n    \"16.3\": 0.23448,\n    \"16.4\": 0.04854,\n    \"16.5\": 0.10167,\n    \"16.6-16.7\": 0.80328,\n    \"17.0\": 0.09617,\n    \"17.1\": 0.17769,\n    \"17.2\": 0.23631,\n    \"17.3\": 1.72379,\n    \"17.4\": 3.8909,\n    \"17.5\": 0.03572\n  },\n  P: {\n    \"4\": 0.21112,\n    \"20\": 0.02011,\n    \"21\": 0.04021,\n    \"22\": 0.03016,\n    \"23\": 0.13069,\n    \"24\": 0.33176,\n    _: \"5.0-5.4 8.2 11.1-11.2 12.0\",\n    \"6.2-6.4\": 0.03016,\n    \"7.2-7.4\": 0.12064,\n    \"9.2\": 0.01005,\n    \"10.1\": 0.01005,\n    \"13.0\": 0.04021,\n    \"14.0\": 0.02011,\n    \"15.0\": 0.04021,\n    \"16.0\": 0.03016,\n    \"17.0\": 0.04021,\n    \"18.0\": 0.04021,\n    \"19.0\": 0.02011\n  },\n  I: {\n    \"0\": 0.06931,\n    \"3\": 0,\n    \"4\": 0.00001,\n    \"2.1\": 0,\n    \"2.2\": 0,\n    \"2.3\": 0,\n    \"4.1\": 0.00001,\n    \"4.2-4.3\": 0.00004,\n    \"4.4\": 0,\n    \"4.4.3-4.4.4\": 0.00017\n  },\n  A: {\n    \"11\": 0.00608,\n    _: \"6 7 8 9 10 5.5\"\n  },\n  K: {\n    \"0\": 0.39288,\n    _: \"10 11 12 11.1 11.5 12.1\"\n  },\n  J: {\n    _: \"7 10\"\n  },\n  N: {\n    _: \"10 11\"\n  },\n  S: {\n    \"2.5\": 0.08352,\n    _: \"3.0-3.1\"\n  },\n  Q: {\n    _: \"14.9\"\n  },\n  O: {\n    \"0\": 0.12528\n  },\n  H: {\n    \"0\": 0.15\n  },\n  L: {\n    \"0\": 74.4992\n  },\n  R: {\n    _: \"0\"\n  },\n  M: {\n    \"0\": 0.0696\n  }\n};","map":{"version":3,"names":["module","exports","C","_","D","F","B","E","G","P","I","A","K","J","N","S","Q","O","H","L","R","M"],"sources":["C:/Users/chest/OneDrive/Documentos/GitHub/HackUPC/frontend/node_modules/caniuse-lite/data/regions/AO.js"],