{"ast":null,"code":"module.exports = {\n  C: {\n    \"11\": 0.00472,\n    \"52\": 0.00472,\n    \"59\": 0.02358,\n    \"78\": 0.01415,\n    \"81\": 0.00472,\n    \"88\": 0.00943,\n    \"89\": 0.00472,\n    \"90\": 0.00472,\n    \"91\": 0.00943,\n    \"102\": 0.00943,\n    \"103\": 0.00943,\n    \"105\": 0.00472,\n    \"106\": 0.00472,\n    \"107\": 0.00472,\n    \"108\": 0.00472,\n    \"109\": 0.00472,\n    \"110\": 0.00472,\n    \"111\": 0.00472,\n    \"112\": 0.00472,\n    \"113\": 0.00472,\n    \"114\": 0.00472,\n    \"115\": 0.24995,\n    \"116\": 0.00472,\n    \"117\": 0.01415,\n    \"118\": 0.00472,\n    \"119\": 0.00943,\n    \"120\": 0.00472,\n    \"121\": 0.01886,\n    \"122\": 0.01886,\n    \"123\": 0.04716,\n    \"124\": 0.9149,\n    \"125\": 0.46217,\n    \"126\": 0.00472,\n    _: \"2 3 4 5 6 7 8 9 10 12 13 14 15 16 17 18 19 20 21 22 23 24 25 26 27 28 29 30 31 32 33 34 35 36 37 38 39 40 41 42 43 44 45 46 47 48 49 50 51 53 54 55 56 57 58 60 61 62 63 64 65 66 67 68 69 70 71 72 73 74 75 76 77 79 80 82 83 84 85 86 87 92 93 94 95 96 97 98 99 100 101 104 127 128 3.5 3.6\"\n  },\n  D: {\n    \"38\": 0.00472,\n    \"47\": 0.00472,\n    \"49\": 0.00472,\n    \"51\": 0.00472,\n    \"55\": 0.00943,\n    \"63\": 0.00472,\n    \"65\": 0.00472,\n    \"66\": 0.0896,\n    \"70\": 0.00472,\n    \"71\": 0.00943,\n    \"74\": 0.00472,\n    \"75\": 0.01886,\n    \"76\": 0.00472,\n    \"77\": 0.01886,\n    \"78\": 0.00472,\n    \"79\": 0.03773,\n    \"80\": 0.00472,\n    \"81\": 0.01415,\n    \"83\": 0.00472,\n    \"84\": 0.00472,\n    \"85\": 0.00943,\n    \"86\": 0.00943,\n    \"87\": 0.03301,\n    \"88\": 0.00943,\n    \"89\": 0.00472,\n    \"90\": 0.00472,\n    \"91\": 0.52819,\n    \"92\": 0.01886,\n    \"93\": 0.10375,\n    \"94\": 0.00943,\n    \"95\": 0.00472,\n    \"96\": 0.00472,\n    \"97\": 0.00472,\n    \"98\": 0.00472,\n    \"99\": 0.00943,\n    \"100\": 0.00943,\n    \"101\": 0.00943,\n    \"102\": 0.01886,\n    \"103\": 0.06131,\n    \"104\": 0.02358,\n    \"105\": 0.02358,\n    \"106\": 0.02358,\n    \"107\": 0.03301,\n    \"108\": 0.03773,\n    \"109\": 3.53228,\n    \"110\": 0.02358,\n    \"111\": 0.03301,\n    \"112\": 0.03301,\n    \"113\": 0.01886,\n    \"114\": 0.06131,\n    \"115\": 0.01415,\n    \"116\": 0.08489,\n    \"117\": 0.0283,\n    \"118\": 0.03773,\n    \"119\": 0.09432,\n    \"120\": 0.16978,\n    \"121\": 0.21222,\n    \"122\": 1.12241,\n    \"123\": 19.16111,\n    \"124\": 8.20112,\n    \"125\": 0.03773,\n    \"126\": 0.00472,\n    _: \"4 5 6 7 8 9 10 11 12 13 14 15 16 17 18 19 20 21 22 23 24 25 26 27 28 29 30 31 32 33 34 35 36 37 39 40 41 42 43 44 45 46 48 50 52 53 54 56 57 58 59 60 61 62 64 67 68 69 72 73 127\"\n  },\n  F: {\n    \"36\": 0.00472,\n    \"95\": 0.04716,\n    \"102\": 0.00472,\n    \"106\": 0.00472,\n    \"107\": 3.22574,\n    \"108\": 0.49518,\n    \"109\": 0.25938,\n    _: \"9 11 12 15 16 17 18 19 20 21 22 23 24 25 26 27 28 29 30 31 32 33 34 35 37 38 39 40 41 42 43 44 45 46 47 48 49 50 51 52 53 54 55 56 57 58 60 62 63 64 65 66 67 68 69 70 71 72 73 74 75 76 77 78 79 80 81 82 83 84 85 86 87 88 89 90 91 92 93 94 96 97 98 99 100 101 103 104 105 9.5-9.6 10.0-10.1 10.5 10.6 11.1 11.5 11.6 12.1\"\n  },\n  B: {\n    \"15\": 0.0283,\n    \"16\": 0.00472,\n    \"17\": 0.01415,\n    \"18\": 0.00472,\n    \"92\": 0.01886,\n    \"107\": 0.00472,\n    \"108\": 0.00472,\n    \"109\": 0.05659,\n    \"110\": 0.00472,\n    \"111\": 0.00472,\n    \"114\": 0.00943,\n    \"116\": 0.00472,\n    \"117\": 0.00472,\n    \"118\": 0.00472,\n    \"119\": 0.00943,\n    \"120\": 0.01886,\n    \"121\": 0.0283,\n    \"122\": 0.20279,\n    \"123\": 3.17858,\n    \"124\": 1.51384,\n    _: \"12 13 14 79 80 81 83 84 85 86 87 88 89 90 91 93 94 95 96 97 98 99 100 101 102 103 104 105 106 112 113 115\"\n  },\n  E: {\n    \"14\": 0.00472,\n    _: \"0 4 5 6 7 8 9 10 11 12 13 15 3.1 3.2 6.1 7.1 10.1 12.1 15.2-15.3\",\n    \"5.1\": 0.0283,\n    \"9.1\": 0.00472,\n    \"11.1\": 0.02358,\n    \"13.1\": 0.00943,\n    \"14.1\": 0.01886,\n    \"15.1\": 0.00472,\n    \"15.4\": 0.00472,\n    \"15.5\": 0.00472,\n    \"15.6\": 0.04716,\n    \"16.0\": 0.00472,\n    \"16.1\": 0.00943,\n    \"16.2\": 0.00472,\n    \"16.3\": 0.01886,\n    \"16.4\": 0.00472,\n    \"16.5\": 0.00943,\n    \"16.6\": 0.06131,\n    \"17.0\": 0.01415,\n    \"17.1\": 0.02358,\n    \"17.2\": 0.03773,\n    \"17.3\": 0.08017,\n    \"17.4\": 0.28296,\n    \"17.5\": 0.00472\n  },\n  G: {\n    \"8\": 0,\n    \"3.2\": 0,\n    \"4.0-4.1\": 0,\n    \"4.2-4.3\": 0.00157,\n    \"5.0-5.1\": 0.00157,\n    \"6.0-6.1\": 0.00392,\n    \"7.0-7.1\": 0.00627,\n    \"8.1-8.4\": 0.00157,\n    \"9.0-9.2\": 0.00392,\n    \"9.3\": 0.0196,\n    \"10.0-10.2\": 0.00392,\n    \"10.3\": 0.03137,\n    \"11.0-11.2\": 0.02666,\n    \"11.3-11.4\": 0.00784,\n    \"12.0-12.1\": 0.00549,\n    \"12.2-12.5\": 0.12782,\n    \"13.0-13.1\": 0.00235,\n    \"13.2\": 0.02588,\n    \"13.3\": 0.00627,\n    \"13.4-13.7\": 0.02431,\n    \"14.0-14.4\": 0.04783,\n    \"14.5-14.8\": 0.07293,\n    \"15.0-15.1\": 0.03372,\n    \"15.2-15.3\": 0.03842,\n    \"15.4\": 0.04391,\n    \"15.5\": 0.05567,\n    \"15.6-15.8\": 0.48617,\n    \"16.0\": 0.1137,\n    \"16.1\": 0.23681,\n    \"16.2\": 0.1137,\n    \"16.3\": 0.20074,\n    \"16.4\": 0.04156,\n    \"16.5\": 0.08704,\n    \"16.6-16.7\": 0.6877,\n    \"17.0\": 0.08234,\n    \"17.1\": 0.15212,\n    \"17.2\": 0.20231,\n    \"17.3\": 1.47576,\n    \"17.4\": 3.33105,\n    \"17.5\": 0.03058\n  },\n  P: {\n    \"4\": 0.06192,\n    \"20\": 0.02064,\n    \"21\": 0.04128,\n    \"22\": 0.04128,\n    \"23\": 0.12385,\n    \"24\": 1.80612,\n    _: \"5.0-5.4 8.2 9.2 10.1 12.0 14.0 15.0 16.0 18.0\",\n    \"6.2-6.4\": 0.01032,\n    \"7.2-7.4\": 0.12385,\n    \"11.1-11.2\": 0.01032,\n    \"13.0\": 0.01032,\n    \"17.0\": 0.03096,\n    \"19.0\": 0.02064\n  },\n  I: {\n    \"0\": 0.02631,\n    \"3\": 0,\n    \"4\": 0,\n    \"2.1\": 0,\n    \"2.2\": 0,\n    \"2.3\": 0,\n    \"4.1\": 0.00001,\n    \"4.2-4.3\": 0.00002,\n    \"4.4\": 0,\n    \"4.4.3-4.4.4\": 0.00007\n  },\n  A: {\n    \"8\": 0.01009,\n    \"9\": 0.00505,\n    \"11\": 0.2018,\n    _: \"6 7 10 5.5\"\n  },\n  K: {\n    \"0\": 0.32232,\n    _: \"10 11 12 11.1 11.5 12.1\"\n  },\n  J: {\n    _: \"7 10\"\n  },\n  N: {\n    _: \"10 11\"\n  },\n  S: {\n    _: \"2.5 3.0-3.1\"\n  },\n  Q: {\n    _: \"14.9\"\n  },\n  O: {\n    \"0\": 0.04756\n  },\n  H: {\n    \"0\": 0\n  },\n  L: {\n    \"0\": 42.31771\n  },\n  R: {\n    _: \"0\"\n  },\n  M: {\n    \"0\": 0.20608\n  }\n};","map":{"version":3,"names":["module","exports","C","_","D","F","B","E","G","P","I","A","K","J","N","S","Q","O","H","L","R","M"],"sources":["C:/Users/chest/OneDrive/Documentos/GitHub/HackUPC/frontend/node_modules/caniuse-lite/data/regions/BR.js"],