{"ast":null,"code":"module.exports = {\n  C: {\n    \"4\": 0.00133,\n    \"34\": 0.00133,\n    \"36\": 0.00133,\n    \"44\": 0.00133,\n    \"47\": 0.00133,\n    \"50\": 0.00133,\n    \"51\": 0.00267,\n    \"52\": 0.01734,\n    \"55\": 0.00133,\n    \"56\": 0.00133,\n    \"58\": 0.00133,\n    \"60\": 0.00133,\n    \"63\": 0.00133,\n    \"65\": 0.00133,\n    \"66\": 0.00133,\n    \"68\": 0.00133,\n    \"72\": 0.00667,\n    \"78\": 0.00934,\n    \"88\": 0.00133,\n    \"89\": 0.00133,\n    \"91\": 0.00133,\n    \"94\": 0.00133,\n    \"95\": 0.00133,\n    \"98\": 0.00133,\n    \"99\": 0.00267,\n    \"100\": 0.00267,\n    \"102\": 0.00534,\n    \"103\": 0.00133,\n    \"106\": 0.00133,\n    \"107\": 0.00133,\n    \"108\": 0.00133,\n    \"109\": 0.00133,\n    \"111\": 0.00133,\n    \"113\": 0.00267,\n    \"114\": 0.02401,\n    \"115\": 0.24279,\n    \"116\": 0.00267,\n    \"117\": 0.00267,\n    \"118\": 0.00133,\n    \"119\": 0.00133,\n    \"120\": 0.00534,\n    \"121\": 0.008,\n    \"122\": 0.008,\n    \"123\": 0.03602,\n    \"124\": 0.35618,\n    \"125\": 0.16275,\n    \"126\": 0.00133,\n    _: \"2 3 5 6 7 8 9 10 11 12 13 14 15 16 17 18 19 20 21 22 23 24 25 26 27 28 29 30 31 32 33 35 37 38 39 40 41 42 43 45 46 48 49 53 54 57 59 61 62 64 67 69 70 71 73 74 75 76 77 79 80 81 82 83 84 85 86 87 90 92 93 96 97 101 104 105 110 112 127 128 3.5 3.6\"\n  },\n  D: {\n    \"11\": 0.00267,\n    \"29\": 0.00133,\n    \"35\": 0.00133,\n    \"38\": 0.00534,\n    \"39\": 0.00133,\n    \"40\": 0.00267,\n    \"41\": 0.00133,\n    \"42\": 0.00133,\n    \"43\": 0.00267,\n    \"46\": 0.00133,\n    \"49\": 0.00267,\n    \"50\": 0.00133,\n    \"55\": 0.00133,\n    \"56\": 0.03335,\n    \"57\": 0.00133,\n    \"58\": 0.01201,\n    \"59\": 0.00133,\n    \"60\": 0.00133,\n    \"63\": 0.00133,\n    \"64\": 0.00267,\n    \"65\": 0.00133,\n    \"67\": 0.00133,\n    \"68\": 0.05069,\n    \"69\": 0.00267,\n    \"70\": 0.004,\n    \"71\": 0.00267,\n    \"72\": 0.004,\n    \"74\": 0.00267,\n    \"75\": 0.004,\n    \"76\": 0.00133,\n    \"77\": 0.00133,\n    \"78\": 0.00133,\n    \"79\": 0.01601,\n    \"80\": 0.00534,\n    \"81\": 0.00534,\n    \"83\": 0.004,\n    \"84\": 0.00133,\n    \"85\": 0.01334,\n    \"86\": 0.00267,\n    \"87\": 0.01201,\n    \"88\": 0.02134,\n    \"89\": 0.00534,\n    \"90\": 0.00534,\n    \"91\": 0.00267,\n    \"92\": 0.008,\n    \"93\": 0.01067,\n    \"94\": 0.00267,\n    \"95\": 0.05336,\n    \"96\": 0.00267,\n    \"97\": 0.00267,\n    \"98\": 0.00267,\n    \"99\": 0.00267,\n    \"100\": 0.00267,\n    \"101\": 0.02134,\n    \"102\": 0.004,\n    \"103\": 0.01601,\n    \"104\": 0.00133,\n    \"105\": 0.004,\n    \"106\": 0.00534,\n    \"107\": 0.00133,\n    \"108\": 0.02935,\n    \"109\": 0.60163,\n    \"110\": 0.004,\n    \"111\": 0.00667,\n    \"112\": 0.008,\n    \"113\": 0.004,\n    \"114\": 0.01201,\n    \"115\": 0.00667,\n    \"116\": 0.02001,\n    \"117\": 0.008,\n    \"118\": 0.008,\n    \"119\": 0.02268,\n    \"120\": 0.04402,\n    \"121\": 0.06003,\n    \"122\": 0.18676,\n    \"123\": 2.24112,\n    \"124\": 0.94714,\n    \"125\": 0.00267,\n    \"126\": 0.00133,\n    _: \"4 5 6 7 8 9 10 12 13 14 15 16 17 18 19 20 21 22 23 24 25 26 27 28 30 31 32 33 34 36 37 44 45 47 48 51 52 53 54 61 62 66 73 127\"\n  },\n  F: {\n    \"44\": 0.00133,\n    \"79\": 0.00267,\n    \"85\": 0.004,\n    \"86\": 0.00133,\n    \"95\": 0.03068,\n    \"99\": 0.00133,\n    \"105\": 0.00133,\n    \"106\": 0.00267,\n    \"107\": 0.02401,\n    \"108\": 0.22011,\n    \"109\": 0.11472,\n    _: \"9 11 12 15 16 17 18 19 20 21 22 23 24 25 26 27 28 29 30 31 32 33 34 35 36 37 38 39 40 41 42 43 45 46 47 48 49 50 51 52 53 54 55 56 57 58 60 62 63 64 65 66 67 68 69 70 71 72 73 74 75 76 77 78 80 81 82 83 84 87 88 89 90 91 92 93 94 96 97 98 100 101 102 103 104 9.5-9.6 10.0-10.1 10.5 10.6 11.1 11.5 11.6 12.1\"\n  },\n  B: {\n    \"12\": 0.008,\n    \"13\": 0.00534,\n    \"14\": 0.00934,\n    \"15\": 0.00534,\n    \"16\": 0.00267,\n    \"17\": 0.00534,\n    \"18\": 0.01734,\n    \"84\": 0.004,\n    \"85\": 0.00267,\n    \"89\": 0.01201,\n    \"90\": 0.004,\n    \"92\": 0.02801,\n    \"100\": 0.00667,\n    \"107\": 0.00133,\n    \"109\": 0.008,\n    \"112\": 0.00133,\n    \"113\": 0.00267,\n    \"114\": 0.00133,\n    \"115\": 0.01067,\n    \"116\": 0.00133,\n    \"117\": 0.00534,\n    \"118\": 0.00534,\n    \"119\": 0.01334,\n    \"120\": 0.00934,\n    \"121\": 0.02268,\n    \"122\": 0.13874,\n    \"123\": 0.61364,\n    \"124\": 0.22945,\n    _: \"79 80 81 83 86 87 88 91 93 94 95 96 97 98 99 101 102 103 104 105 106 108 110 111\"\n  },\n  E: {\n    \"10\": 0.004,\n    \"13\": 0.00267,\n    \"14\": 0.00534,\n    _: \"0 4 5 6 7 8 9 11 12 15 3.1 3.2 5.1 6.1 9.1 10.1 11.1 12.1 16.2 16.4 17.5\",\n    \"7.1\": 0.00133,\n    \"13.1\": 0.01334,\n    \"14.1\": 0.004,\n    \"15.1\": 0.00133,\n    \"15.2-15.3\": 0.00267,\n    \"15.4\": 0.00267,\n    \"15.5\": 0.00133,\n    \"15.6\": 0.00934,\n    \"16.0\": 0.00133,\n    \"16.1\": 0.00267,\n    \"16.3\": 0.00133,\n    \"16.5\": 0.00267,\n    \"16.6\": 0.01467,\n    \"17.0\": 0.00133,\n    \"17.1\": 0.004,\n    \"17.2\": 0.00267,\n    \"17.3\": 0.00667,\n    \"17.4\": 0.01067\n  },\n  G: {\n    \"8\": 0,\n    \"3.2\": 0,\n    \"4.0-4.1\": 0,\n    \"4.2-4.3\": 0.00228,\n    \"5.0-5.1\": 0.00228,\n    \"6.0-6.1\": 0.00571,\n    \"7.0-7.1\": 0.00914,\n    \"8.1-8.4\": 0.00228,\n    \"9.0-9.2\": 0.00571,\n    \"9.3\": 0.02855,\n    \"10.0-10.2\": 0.00571,\n    \"10.3\": 0.04569,\n    \"11.0-11.2\": 0.03883,\n    \"11.3-11.4\": 0.01142,\n    \"12.0-12.1\": 0.008,\n    \"12.2-12.5\": 0.18618,\n    \"13.0-13.1\": 0.00343,\n    \"13.2\": 0.03769,\n    \"13.3\": 0.00914,\n    \"13.4-13.7\": 0.03541,\n    \"14.0-14.4\": 0.06967,\n    \"14.5-14.8\": 0.10622,\n    \"15.0-15.1\": 0.04911,\n    \"15.2-15.3\": 0.05597,\n    \"15.4\": 0.06396,\n    \"15.5\": 0.08109,\n    \"15.6-15.8\": 0.70815,\n    \"16.0\": 0.16562,\n    \"16.1\": 0.34494,\n    \"16.2\": 0.16562,\n    \"16.3\": 0.2924,\n    \"16.4\": 0.06054,\n    \"16.5\": 0.12678,\n    \"16.6-16.7\": 1.00169,\n    \"17.0\": 0.11993,\n    \"17.1\": 0.22158,\n    \"17.2\": 0.29468,\n    \"17.3\": 2.14958,\n    \"17.4\": 4.85198,\n    \"17.5\": 0.04454\n  },\n  P: {\n    \"4\": 0.14759,\n    \"20\": 0.02108,\n    \"21\": 0.11596,\n    \"22\": 0.06325,\n    \"23\": 0.14759,\n    \"24\": 0.2741,\n    \"5.0-5.4\": 0.03163,\n    \"6.2-6.4\": 0.01054,\n    \"7.2-7.4\": 0.0738,\n    \"8.2\": 0.01054,\n    \"9.2\": 0.04217,\n    _: \"10.1 12.0 13.0 14.0 15.0 17.0\",\n    \"11.1-11.2\": 0.02108,\n    \"16.0\": 0.02108,\n    \"18.0\": 0.01054,\n    \"19.0\": 0.02108\n  },\n  I: {\n    \"0\": 0.01726,\n    \"3\": 0,\n    \"4\": 0,\n    \"2.1\": 0,\n    \"2.2\": 0,\n    \"2.3\": 0,\n    \"4.1\": 0,\n    \"4.2-4.3\": 0.00001,\n    \"4.4\": 0,\n    \"4.4.3-4.4.4\": 0.00004\n  },\n  A: {\n    \"8\": 0.00136,\n    \"11\": 0.1227,\n    _: \"6 7 9 10 5.5\"\n  },\n  K: {\n    \"0\": 1.4217,\n    _: \"10 11 12 11.1 11.5 12.1\"\n  },\n  J: {\n    _: \"7 10\"\n  },\n  N: {\n    _: \"10 11\"\n  },\n  S: {\n    \"2.5\": 0.09533,\n    _: \"3.0-3.1\"\n  },\n  Q: {\n    \"14.9\": 0.00867\n  },\n  O: {\n    \"0\": 0.19932\n  },\n  H: {\n    \"0\": 2.53\n  },\n  L: {\n    \"0\": 75.43828\n  },\n  R: {\n    _: \"0\"\n  },\n  M: {\n    \"0\": 0.12999\n  }\n};","map":{"version":3,"names":["module","exports","C","_","D","F","B","E","G","P","I","A","K","J","N","S","Q","O","H","L","R","M"],"sources":["C:/Users/chest/OneDrive/Documentos/GitHub/HackUPC/frontend/node_modules/caniuse-lite/data/regions/CM.js"],