{"ast":null,"code":"module.exports = {\n  C: {\n    \"34\": 0.00181,\n    \"45\": 0.00181,\n    \"52\": 0.00363,\n    \"60\": 0.00363,\n    \"66\": 0.00181,\n    \"93\": 0.00181,\n    \"108\": 0.00363,\n    \"111\": 0.00181,\n    \"113\": 0.00907,\n    \"115\": 0.04895,\n    \"121\": 0.00363,\n    \"122\": 0.00181,\n    \"123\": 0.01994,\n    \"124\": 0.14685,\n    \"125\": 0.07796,\n    _: \"2 3 4 5 6 7 8 9 10 11 12 13 14 15 16 17 18 19 20 21 22 23 24 25 26 27 28 29 30 31 32 33 35 36 37 38 39 40 41 42 43 44 46 47 48 49 50 51 53 54 55 56 57 58 59 61 62 63 64 65 67 68 69 70 71 72 73 74 75 76 77 78 79 80 81 82 83 84 85 86 87 88 89 90 91 92 94 95 96 97 98 99 100 101 102 103 104 105 106 107 109 110 112 114 116 117 118 119 120 126 127 128 3.5 3.6\"\n  },\n  D: {\n    \"11\": 0.00363,\n    \"31\": 0.00181,\n    \"34\": 0.00181,\n    \"39\": 0.00181,\n    \"40\": 0.00907,\n    \"43\": 0.00363,\n    \"50\": 0.00181,\n    \"56\": 0.00181,\n    \"57\": 0.00181,\n    \"62\": 0.00544,\n    \"65\": 0.00363,\n    \"66\": 0.1396,\n    \"68\": 0.00544,\n    \"69\": 0.00544,\n    \"70\": 0.02538,\n    \"72\": 0.00181,\n    \"73\": 0.00181,\n    \"74\": 0.00363,\n    \"76\": 0.00363,\n    \"78\": 0.00363,\n    \"79\": 0.00181,\n    \"80\": 0.00181,\n    \"81\": 0.00181,\n    \"83\": 0.00544,\n    \"84\": 0.00544,\n    \"85\": 0.00181,\n    \"86\": 0.00363,\n    \"87\": 0.06527,\n    \"88\": 0.03263,\n    \"89\": 0.00363,\n    \"90\": 0.00181,\n    \"92\": 0.00181,\n    \"94\": 0.01632,\n    \"95\": 0.00181,\n    \"99\": 0.00907,\n    \"100\": 0.00181,\n    \"101\": 0.00181,\n    \"102\": 0.00544,\n    \"103\": 0.01813,\n    \"105\": 0.00181,\n    \"106\": 0.00544,\n    \"109\": 0.72339,\n    \"110\": 0.00544,\n    \"111\": 0.01088,\n    \"112\": 0.00363,\n    \"114\": 0.02176,\n    \"115\": 0.00181,\n    \"116\": 0.02176,\n    \"117\": 0.00725,\n    \"118\": 0.02538,\n    \"119\": 0.10334,\n    \"120\": 0.0979,\n    \"121\": 0.07433,\n    \"122\": 0.24294,\n    \"123\": 3.96866,\n    \"124\": 1.4087,\n    \"125\": 0.00544,\n    _: \"4 5 6 7 8 9 10 12 13 14 15 16 17 18 19 20 21 22 23 24 25 26 27 28 29 30 32 33 35 36 37 38 41 42 44 45 46 47 48 49 51 52 53 54 55 58 59 60 61 63 64 67 71 75 77 91 93 96 97 98 104 107 108 113 126 127\"\n  },\n  F: {\n    \"42\": 0.00181,\n    \"63\": 0.00363,\n    \"76\": 0.00181,\n    \"78\": 0.00363,\n    \"80\": 0.00544,\n    \"82\": 0.01269,\n    \"83\": 0.00181,\n    \"92\": 0.00181,\n    \"95\": 0.01269,\n    \"100\": 0.00181,\n    \"105\": 0.00907,\n    \"107\": 0.03082,\n    \"108\": 0.35535,\n    \"109\": 0.09246,\n    _: \"9 11 12 15 16 17 18 19 20 21 22 23 24 25 26 27 28 29 30 31 32 33 34 35 36 37 38 39 40 41 43 44 45 46 47 48 49 50 51 52 53 54 55 56 57 58 60 62 64 65 66 67 68 69 70 71 72 73 74 75 77 79 81 84 85 86 87 88 89 90 91 93 94 96 97 98 99 101 102 103 104 106 9.5-9.6 10.0-10.1 10.5 10.6 11.1 11.5 11.6 12.1\"\n  },\n  B: {\n    \"12\": 0.00544,\n    \"13\": 0.00544,\n    \"14\": 0.00907,\n    \"15\": 0.00181,\n    \"16\": 0.02176,\n    \"17\": 0.00363,\n    \"18\": 0.2085,\n    \"80\": 0.00181,\n    \"84\": 0.0145,\n    \"85\": 0.00181,\n    \"88\": 0.00181,\n    \"89\": 0.00725,\n    \"90\": 0.02176,\n    \"92\": 0.01632,\n    \"96\": 0.00363,\n    \"99\": 0.00181,\n    \"100\": 0.01994,\n    \"103\": 0.00181,\n    \"108\": 0.00181,\n    \"109\": 0.00725,\n    \"110\": 0.00181,\n    \"112\": 0.00544,\n    \"114\": 0.00181,\n    \"115\": 0.00181,\n    \"116\": 0.00363,\n    \"117\": 0.00181,\n    \"118\": 0.00363,\n    \"119\": 0.00544,\n    \"120\": 0.0145,\n    \"121\": 0.00907,\n    \"122\": 0.12147,\n    \"123\": 1.3253,\n    \"124\": 0.72339,\n    _: \"79 81 83 86 87 91 93 94 95 97 98 101 102 104 105 106 107 111 113\"\n  },\n  E: {\n    \"14\": 0.01813,\n    \"15\": 0.00363,\n    _: \"0 4 5 6 7 8 9 10 11 12 13 3.1 3.2 6.1 7.1 9.1 10.1 11.1 15.5 16.4\",\n    \"5.1\": 0.00181,\n    \"12.1\": 0.00725,\n    \"13.1\": 0.00181,\n    \"14.1\": 0.01632,\n    \"15.1\": 0.00181,\n    \"15.2-15.3\": 0.00363,\n    \"15.4\": 0.00363,\n    \"15.6\": 0.01813,\n    \"16.0\": 0.00725,\n    \"16.1\": 0.00181,\n    \"16.2\": 0.00181,\n    \"16.3\": 0.21393,\n    \"16.5\": 0.00181,\n    \"16.6\": 0.0145,\n    \"17.0\": 0.00544,\n    \"17.1\": 0.00725,\n    \"17.2\": 0.01088,\n    \"17.3\": 0.01813,\n    \"17.4\": 0.05983,\n    \"17.5\": 0.00544\n  },\n  G: {\n    \"8\": 0,\n    \"3.2\": 0,\n    \"4.0-4.1\": 0,\n    \"4.2-4.3\": 0.00064,\n    \"5.0-5.1\": 0.00064,\n    \"6.0-6.1\": 0.00161,\n    \"7.0-7.1\": 0.00257,\n    \"8.1-8.4\": 0.00064,\n    \"9.0-9.2\": 0.00161,\n    \"9.3\": 0.00804,\n    \"10.0-10.2\": 0.00161,\n    \"10.3\": 0.01287,\n    \"11.0-11.2\": 0.01094,\n    \"11.3-11.4\": 0.00322,\n    \"12.0-12.1\": 0.00225,\n    \"12.2-12.5\": 0.05244,\n    \"13.0-13.1\": 0.00097,\n    \"13.2\": 0.01062,\n    \"13.3\": 0.00257,\n    \"13.4-13.7\": 0.00997,\n    \"14.0-14.4\": 0.01962,\n    \"14.5-14.8\": 0.02992,\n    \"15.0-15.1\": 0.01383,\n    \"15.2-15.3\": 0.01576,\n    \"15.4\": 0.01802,\n    \"15.5\": 0.02284,\n    \"15.6-15.8\": 0.19946,\n    \"16.0\": 0.04665,\n    \"16.1\": 0.09716,\n    \"16.2\": 0.04665,\n    \"16.3\": 0.08236,\n    \"16.4\": 0.01705,\n    \"16.5\": 0.03571,\n    \"16.6-16.7\": 0.28214,\n    \"17.0\": 0.03378,\n    \"17.1\": 0.06241,\n    \"17.2\": 0.083,\n    \"17.3\": 0.60546,\n    \"17.4\": 1.36662,\n    \"17.5\": 0.01255\n  },\n  P: {\n    \"4\": 0.24351,\n    \"20\": 0.02029,\n    \"21\": 0.22322,\n    \"22\": 0.09132,\n    \"23\": 0.51746,\n    \"24\": 1.20741,\n    _: \"5.0-5.4 8.2 9.2 10.1 14.0 15.0\",\n    \"6.2-6.4\": 0.02029,\n    \"7.2-7.4\": 1.27844,\n    \"11.1-11.2\": 0.03044,\n    \"12.0\": 0.01015,\n    \"13.0\": 0.01015,\n    \"16.0\": 0.03044,\n    \"17.0\": 0.01015,\n    \"18.0\": 0.01015,\n    \"19.0\": 0.12176\n  },\n  I: {\n    \"0\": 0.02446,\n    \"3\": 0,\n    \"4\": 0,\n    \"2.1\": 0,\n    \"2.2\": 0,\n    \"2.3\": 0,\n    \"4.1\": 0,\n    \"4.2-4.3\": 0.00001,\n    \"4.4\": 0,\n    \"4.4.3-4.4.4\": 0.00006\n  },\n  A: {\n    \"11\": 0.0272,\n    _: \"6 7 8 9 10 5.5\"\n  },\n  K: {\n    \"0\": 17.13227,\n    _: \"10 11 12 11.1 11.5 12.1\"\n  },\n  J: {\n    _: \"7 10\"\n  },\n  N: {\n    _: \"10 11\"\n  },\n  S: {\n    \"2.5\": 0.14735,\n    _: \"3.0-3.1\"\n  },\n  Q: {\n    _: \"14.9\"\n  },\n  O: {\n    \"0\": 0.31107\n  },\n  H: {\n    \"0\": 1.54\n  },\n  L: {\n    \"0\": 62.15094\n  },\n  R: {\n    _: \"0\"\n  },\n  M: {\n    \"0\": 0.09005\n  }\n};","map":{"version":3,"names":["module","exports","C","_","D","F","B","E","G","P","I","A","K","J","N","S","Q","O","H","L","R","M"],"sources":["C:/Users/chest/OneDrive/Documentos/GitHub/HackUPC/frontend/node_modules/caniuse-lite/data/regions/SZ.js"],