{"ast":null,"code":"module.exports = {\n  C: {\n    \"24\": 0.00326,\n    \"25\": 0.00979,\n    \"26\": 0.02938,\n    \"27\": 0.00326,\n    \"28\": 0.00326,\n    \"29\": 0.00326,\n    \"31\": 0.00326,\n    \"33\": 0.00326,\n    \"36\": 0.00326,\n    \"50\": 0.00326,\n    \"51\": 0.00326,\n    \"52\": 0.00979,\n    \"56\": 0.01632,\n    \"59\": 0.01958,\n    \"68\": 0.00326,\n    \"72\": 0.00326,\n    \"78\": 0.00326,\n    \"80\": 0.06202,\n    \"81\": 0.00326,\n    \"88\": 0.00326,\n    \"89\": 0.00326,\n    \"103\": 0.00326,\n    \"105\": 0.00326,\n    \"106\": 0.00326,\n    \"108\": 0.00326,\n    \"109\": 0.00326,\n    \"110\": 0.00326,\n    \"111\": 0.00653,\n    \"113\": 0.02285,\n    \"115\": 0.16973,\n    \"119\": 0.00653,\n    \"120\": 0.00326,\n    \"121\": 0.00979,\n    \"122\": 0.00653,\n    \"123\": 0.02611,\n    \"124\": 0.70829,\n    \"125\": 0.31987,\n    \"126\": 0.00326,\n    _: \"2 3 4 5 6 7 8 9 10 11 12 13 14 15 16 17 18 19 20 21 22 23 30 32 34 35 37 38 39 40 41 42 43 44 45 46 47 48 49 53 54 55 57 58 60 61 62 63 64 65 66 67 69 70 71 73 74 75 76 77 79 82 83 84 85 86 87 90 91 92 93 94 95 96 97 98 99 100 101 102 104 107 112 114 116 117 118 127 128 3.5 3.6\"\n  },\n  D: {\n    \"12\": 0.00326,\n    \"31\": 0.03917,\n    \"32\": 0.00979,\n    \"35\": 0.00326,\n    \"38\": 0.01632,\n    \"40\": 0.00326,\n    \"41\": 0.00326,\n    \"49\": 0.00653,\n    \"51\": 0.00326,\n    \"52\": 0.01632,\n    \"55\": 0.00326,\n    \"56\": 0.00653,\n    \"65\": 0.00979,\n    \"66\": 0.08813,\n    \"68\": 0.00653,\n    \"69\": 0.00653,\n    \"70\": 0.00653,\n    \"71\": 0.00653,\n    \"72\": 0.00653,\n    \"73\": 0.00326,\n    \"74\": 0.00979,\n    \"75\": 0.00979,\n    \"76\": 0.00653,\n    \"77\": 0.00326,\n    \"78\": 0.00653,\n    \"79\": 0.0457,\n    \"80\": 0.01306,\n    \"81\": 0.00979,\n    \"83\": 0.01958,\n    \"84\": 0.00979,\n    \"85\": 0.01306,\n    \"86\": 0.01958,\n    \"87\": 0.05549,\n    \"88\": 0.01632,\n    \"89\": 0.00979,\n    \"90\": 0.01306,\n    \"91\": 0.01958,\n    \"92\": 0.00653,\n    \"93\": 0.00326,\n    \"94\": 0.00326,\n    \"95\": 0.00979,\n    \"96\": 0.00653,\n    \"97\": 0.00326,\n    \"98\": 0.00326,\n    \"99\": 0.00326,\n    \"100\": 0.00653,\n    \"101\": 0.00326,\n    \"102\": 0.01632,\n    \"103\": 0.02285,\n    \"104\": 0.00979,\n    \"105\": 0.01632,\n    \"106\": 0.02285,\n    \"107\": 0.01958,\n    \"108\": 0.04896,\n    \"109\": 1.03795,\n    \"110\": 0.01632,\n    \"111\": 0.01958,\n    \"112\": 0.01958,\n    \"113\": 0.05875,\n    \"114\": 0.06528,\n    \"115\": 0.01632,\n    \"116\": 0.07507,\n    \"117\": 0.02611,\n    \"118\": 0.02611,\n    \"119\": 0.06528,\n    \"120\": 0.1632,\n    \"121\": 0.22522,\n    \"122\": 0.90739,\n    \"123\": 14.91974,\n    \"124\": 5.52269,\n    \"125\": 0.01632,\n    \"126\": 0.00326,\n    _: \"4 5 6 7 8 9 10 11 13 14 15 16 17 18 19 20 21 22 23 24 25 26 27 28 29 30 33 34 36 37 39 42 43 44 45 46 47 48 50 53 54 57 58 59 60 61 62 63 64 67 127\"\n  },\n  F: {\n    \"28\": 0.00326,\n    \"46\": 0.01958,\n    \"55\": 0.00326,\n    \"69\": 0.00326,\n    \"78\": 0.00326,\n    \"82\": 0.00326,\n    \"83\": 0.00326,\n    \"86\": 0.00326,\n    \"95\": 0.02285,\n    \"107\": 0.36557,\n    \"108\": 0.25459,\n    \"109\": 0.08813,\n    _: \"9 11 12 15 16 17 18 19 20 21 22 23 24 25 26 27 29 30 31 32 33 34 35 36 37 38 39 40 41 42 43 44 45 47 48 49 50 51 52 53 54 56 57 58 60 62 63 64 65 66 67 68 70 71 72 73 74 75 76 77 79 80 81 84 85 87 88 89 90 91 92 93 94 96 97 98 99 100 101 102 103 104 105 106 9.5-9.6 10.0-10.1 10.5 10.6 11.1 11.5 11.6\",\n    \"12.1\": 0.00326\n  },\n  B: {\n    \"16\": 0.00326,\n    \"17\": 0.01306,\n    \"18\": 0.01632,\n    \"80\": 0.00326,\n    \"81\": 0.00326,\n    \"83\": 0.00326,\n    \"84\": 0.00326,\n    \"85\": 0.00326,\n    \"86\": 0.00326,\n    \"87\": 0.00326,\n    \"89\": 0.00326,\n    \"90\": 0.00326,\n    \"92\": 0.00326,\n    \"98\": 0.00326,\n    \"103\": 0.00326,\n    \"104\": 0.00326,\n    \"107\": 0.00326,\n    \"108\": 0.00326,\n    \"109\": 0.02611,\n    \"110\": 0.00979,\n    \"111\": 0.00326,\n    \"112\": 0.00326,\n    \"114\": 0.00326,\n    \"115\": 0.00653,\n    \"117\": 0.00653,\n    \"118\": 0.00979,\n    \"119\": 0.00979,\n    \"120\": 0.02285,\n    \"121\": 0.03917,\n    \"122\": 0.14362,\n    \"123\": 1.80826,\n    \"124\": 0.73766,\n    _: \"12 13 14 15 79 88 91 93 94 95 96 97 99 100 101 102 105 106 113 116\"\n  },\n  E: {\n    \"6\": 0.00326,\n    \"7\": 0.00653,\n    \"8\": 0.14362,\n    \"9\": 0.00326,\n    \"10\": 0.00326,\n    \"14\": 0.02611,\n    \"15\": 0.00326,\n    _: \"0 4 5 11 12 13 3.1 3.2 7.1 10.1 17.5\",\n    \"5.1\": 0.00326,\n    \"6.1\": 0.00979,\n    \"9.1\": 0.03264,\n    \"11.1\": 0.01958,\n    \"12.1\": 0.00326,\n    \"13.1\": 0.01632,\n    \"14.1\": 0.06202,\n    \"15.1\": 0.00326,\n    \"15.2-15.3\": 0.0359,\n    \"15.4\": 0.00326,\n    \"15.5\": 0.01958,\n    \"15.6\": 0.09139,\n    \"16.0\": 0.01306,\n    \"16.1\": 0.02611,\n    \"16.2\": 0.01306,\n    \"16.3\": 0.05222,\n    \"16.4\": 0.00653,\n    \"16.5\": 0.02611,\n    \"16.6\": 0.16973,\n    \"17.0\": 0.00979,\n    \"17.1\": 0.03917,\n    \"17.2\": 0.03917,\n    \"17.3\": 0.21216,\n    \"17.4\": 0.54509\n  },\n  G: {\n    \"8\": 0,\n    \"3.2\": 0,\n    \"4.0-4.1\": 0,\n    \"4.2-4.3\": 0.00287,\n    \"5.0-5.1\": 0.00287,\n    \"6.0-6.1\": 0.00717,\n    \"7.0-7.1\": 0.01147,\n    \"8.1-8.4\": 0.00287,\n    \"9.0-9.2\": 0.00717,\n    \"9.3\": 0.03584,\n    \"10.0-10.2\": 0.00717,\n    \"10.3\": 0.05735,\n    \"11.0-11.2\": 0.04874,\n    \"11.3-11.4\": 0.01434,\n    \"12.0-12.1\": 0.01004,\n    \"12.2-12.5\": 0.23368,\n    \"13.0-13.1\": 0.0043,\n    \"13.2\": 0.04731,\n    \"13.3\": 0.01147,\n    \"13.4-13.7\": 0.04444,\n    \"14.0-14.4\": 0.08745,\n    \"14.5-14.8\": 0.13333,\n    \"15.0-15.1\": 0.06165,\n    \"15.2-15.3\": 0.07025,\n    \"15.4\": 0.08028,\n    \"15.5\": 0.10179,\n    \"15.6-15.8\": 0.88885,\n    \"16.0\": 0.20788,\n    \"16.1\": 0.43296,\n    \"16.2\": 0.20788,\n    \"16.3\": 0.36701,\n    \"16.4\": 0.07598,\n    \"16.5\": 0.15913,\n    \"16.6-16.7\": 1.2573,\n    \"17.0\": 0.15053,\n    \"17.1\": 0.27812,\n    \"17.2\": 0.36988,\n    \"17.3\": 2.6981,\n    \"17.4\": 6.09008,\n    \"17.5\": 0.05591\n  },\n  P: {\n    \"4\": 0.04132,\n    \"20\": 0.07231,\n    \"21\": 0.09297,\n    \"22\": 0.13429,\n    \"23\": 0.69211,\n    \"24\": 5.62989,\n    _: \"5.0-5.4 8.2 10.1 12.0\",\n    \"6.2-6.4\": 0.01033,\n    \"7.2-7.4\": 0.01033,\n    \"9.2\": 0.01033,\n    \"11.1-11.2\": 0.04132,\n    \"13.0\": 0.05165,\n    \"14.0\": 0.03099,\n    \"15.0\": 0.01033,\n    \"16.0\": 0.03099,\n    \"17.0\": 0.03099,\n    \"18.0\": 0.02066,\n    \"19.0\": 0.06198\n  },\n  I: {\n    \"0\": 0.06709,\n    \"3\": 0,\n    \"4\": 0.00001,\n    \"2.1\": 0,\n    \"2.2\": 0,\n    \"2.3\": 0,\n    \"4.1\": 0.00001,\n    \"4.2-4.3\": 0.00004,\n    \"4.4\": 0,\n    \"4.4.3-4.4.4\": 0.00017\n  },\n  A: {\n    \"8\": 0.00653,\n    \"9\": 0.00653,\n    \"10\": 0.00653,\n    \"11\": 0.07507,\n    _: \"6 7 5.5\"\n  },\n  K: {\n    \"0\": 0.31338,\n    _: \"10 11 12 11.1 11.5 12.1\"\n  },\n  J: {\n    _: \"7 10\"\n  },\n  N: {\n    _: \"10 11\"\n  },\n  S: {\n    _: \"2.5 3.0-3.1\"\n  },\n  Q: {\n    _: \"14.9\"\n  },\n  O: {\n    \"0\": 0.04042\n  },\n  H: {\n    \"0\": 0.01\n  },\n  L: {\n    \"0\": 45.58555\n  },\n  R: {\n    _: \"0\"\n  },\n  M: {\n    \"0\": 0.41096\n  }\n};","map":{"version":3,"names":["module","exports","C","_","D","F","B","E","G","P","I","A","K","J","N","S","Q","O","H","L","R","M"],"sources":["C:/Users/chest/OneDrive/Documentos/GitHub/HackUPC/frontend/node_modules/caniuse-lite/data/regions/IL.js"],