{"ast":null,"code":"module.exports = {\n  C: {\n    \"29\": 0.00346,\n    \"34\": 0.02423,\n    \"46\": 0.01039,\n    \"47\": 0.00346,\n    \"48\": 0.00346,\n    \"49\": 0.02077,\n    \"52\": 0.01385,\n    \"60\": 0.00346,\n    \"78\": 0.00346,\n    \"88\": 0.00346,\n    \"95\": 0.00346,\n    \"110\": 0.00346,\n    \"113\": 0.00346,\n    \"115\": 0.1731,\n    \"116\": 0.00346,\n    \"119\": 0.00346,\n    \"120\": 0.00346,\n    \"121\": 0.01385,\n    \"122\": 0.04847,\n    \"123\": 0.03462,\n    \"124\": 0.61277,\n    \"125\": 0.41544,\n    \"126\": 0.05193,\n    _: \"2 3 4 5 6 7 8 9 10 11 12 13 14 15 16 17 18 19 20 21 22 23 24 25 26 27 28 30 31 32 33 35 36 37 38 39 40 41 42 43 44 45 50 51 53 54 55 56 57 58 59 61 62 63 64 65 66 67 68 69 70 71 72 73 74 75 76 77 79 80 81 82 83 84 85 86 87 89 90 91 92 93 94 96 97 98 99 100 101 102 103 104 105 106 107 108 109 111 112 114 117 118 127 128 3.5 3.6\"\n  },\n  D: {\n    \"33\": 0.00346,\n    \"34\": 0.00346,\n    \"38\": 0.00346,\n    \"43\": 0.00692,\n    \"47\": 0.00692,\n    \"49\": 0.01731,\n    \"55\": 0.00346,\n    \"56\": 0.00346,\n    \"58\": 0.00346,\n    \"59\": 0.00346,\n    \"62\": 0.00346,\n    \"64\": 0.00692,\n    \"65\": 0.00346,\n    \"66\": 0.02423,\n    \"67\": 0.00346,\n    \"68\": 0.00692,\n    \"69\": 0.00346,\n    \"72\": 0.01385,\n    \"73\": 0.01731,\n    \"74\": 0.01385,\n    \"75\": 0.01385,\n    \"78\": 0.01385,\n    \"79\": 0.00692,\n    \"80\": 0.00346,\n    \"81\": 0.00692,\n    \"83\": 0.00692,\n    \"85\": 0.00346,\n    \"86\": 0.01385,\n    \"87\": 0.03116,\n    \"88\": 0.0727,\n    \"89\": 0.00346,\n    \"90\": 0.00346,\n    \"91\": 0.01039,\n    \"92\": 0.01039,\n    \"93\": 0.01039,\n    \"94\": 0.01385,\n    \"95\": 0.01385,\n    \"96\": 0.00346,\n    \"97\": 0.00346,\n    \"98\": 0.04154,\n    \"99\": 0.03116,\n    \"100\": 0.02423,\n    \"101\": 0.00346,\n    \"102\": 0.02077,\n    \"103\": 0.03808,\n    \"104\": 0.11425,\n    \"105\": 0.00346,\n    \"106\": 0.01039,\n    \"107\": 0.01039,\n    \"108\": 0.01731,\n    \"109\": 1.66868,\n    \"110\": 0.00692,\n    \"111\": 0.00692,\n    \"112\": 0.01731,\n    \"113\": 0.01039,\n    \"114\": 0.02423,\n    \"115\": 0.02077,\n    \"116\": 0.10386,\n    \"117\": 0.01039,\n    \"118\": 0.03462,\n    \"119\": 0.13848,\n    \"120\": 0.15233,\n    \"121\": 0.19041,\n    \"122\": 0.81011,\n    \"123\": 11.30343,\n    \"124\": 4.09208,\n    \"125\": 0.02077,\n    _: \"4 5 6 7 8 9 10 11 12 13 14 15 16 17 18 19 20 21 22 23 24 25 26 27 28 29 30 31 32 35 36 37 39 40 41 42 44 45 46 48 50 51 52 53 54 57 60 61 63 70 71 76 77 84 126 127\"\n  },\n  F: {\n    \"28\": 0.00346,\n    \"64\": 0.00346,\n    \"79\": 0.00346,\n    \"86\": 0.00346,\n    \"95\": 0.04154,\n    \"107\": 0.20426,\n    \"108\": 0.24234,\n    \"109\": 0.18002,\n    _: \"9 11 12 15 16 17 18 19 20 21 22 23 24 25 26 27 29 30 31 32 33 34 35 36 37 38 39 40 41 42 43 44 45 46 47 48 49 50 51 52 53 54 55 56 57 58 60 62 63 65 66 67 68 69 70 71 72 73 74 75 76 77 78 80 81 82 83 84 85 87 88 89 90 91 92 93 94 96 97 98 99 100 101 102 103 104 105 106 9.5-9.6 10.0-10.1 10.5 10.6 11.1 11.5 12.1\",\n    \"11.6\": 0.00346\n  },\n  B: {\n    \"12\": 0.01039,\n    \"13\": 0.03462,\n    \"14\": 0.01385,\n    \"15\": 0.00346,\n    \"16\": 0.01731,\n    \"17\": 0.00692,\n    \"18\": 0.03116,\n    \"84\": 0.03808,\n    \"88\": 0.00346,\n    \"89\": 0.00346,\n    \"90\": 0.00346,\n    \"92\": 0.18002,\n    \"100\": 0.0277,\n    \"107\": 0.01039,\n    \"109\": 0.06924,\n    \"110\": 0.00346,\n    \"111\": 0.00692,\n    \"112\": 0.00346,\n    \"114\": 0.02077,\n    \"115\": 0.00346,\n    \"116\": 0.01385,\n    \"117\": 0.03462,\n    \"118\": 0.00692,\n    \"119\": 0.07616,\n    \"120\": 0.08655,\n    \"121\": 0.15233,\n    \"122\": 0.81011,\n    \"123\": 3.75281,\n    \"124\": 1.73792,\n    _: \"79 80 81 83 85 86 87 91 93 94 95 96 97 98 99 101 102 103 104 105 106 108 113\"\n  },\n  E: {\n    \"13\": 0.00692,\n    \"14\": 0.01039,\n    _: \"0 4 5 6 7 8 9 10 11 12 15 3.1 3.2 5.1 6.1 7.1 9.1 10.1 11.1 15.1\",\n    \"12.1\": 0.00346,\n    \"13.1\": 0.01385,\n    \"14.1\": 0.01731,\n    \"15.2-15.3\": 0.00346,\n    \"15.4\": 0.00692,\n    \"15.5\": 0.01039,\n    \"15.6\": 0.11771,\n    \"16.0\": 0.00346,\n    \"16.1\": 0.01039,\n    \"16.2\": 0.01039,\n    \"16.3\": 0.02077,\n    \"16.4\": 0.01039,\n    \"16.5\": 0.01731,\n    \"16.6\": 0.04847,\n    \"17.0\": 0.04154,\n    \"17.1\": 0.02077,\n    \"17.2\": 0.05539,\n    \"17.3\": 0.10386,\n    \"17.4\": 0.26311,\n    \"17.5\": 0.00346\n  },\n  G: {\n    \"8\": 0,\n    \"3.2\": 0,\n    \"4.0-4.1\": 0,\n    \"4.2-4.3\": 0.00084,\n    \"5.0-5.1\": 0.00084,\n    \"6.0-6.1\": 0.0021,\n    \"7.0-7.1\": 0.00336,\n    \"8.1-8.4\": 0.00084,\n    \"9.0-9.2\": 0.0021,\n    \"9.3\": 0.01051,\n    \"10.0-10.2\": 0.0021,\n    \"10.3\": 0.01682,\n    \"11.0-11.2\": 0.01429,\n    \"11.3-11.4\": 0.0042,\n    \"12.0-12.1\": 0.00294,\n    \"12.2-12.5\": 0.06852,\n    \"13.0-13.1\": 0.00126,\n    \"13.2\": 0.01387,\n    \"13.3\": 0.00336,\n    \"13.4-13.7\": 0.01303,\n    \"14.0-14.4\": 0.02564,\n    \"14.5-14.8\": 0.0391,\n    \"15.0-15.1\": 0.01808,\n    \"15.2-15.3\": 0.0206,\n    \"15.4\": 0.02354,\n    \"15.5\": 0.02985,\n    \"15.6-15.8\": 0.26064,\n    \"16.0\": 0.06096,\n    \"16.1\": 0.12696,\n    \"16.2\": 0.06096,\n    \"16.3\": 0.10762,\n    \"16.4\": 0.02228,\n    \"16.5\": 0.04666,\n    \"16.6-16.7\": 0.36869,\n    \"17.0\": 0.04414,\n    \"17.1\": 0.08156,\n    \"17.2\": 0.10846,\n    \"17.3\": 0.79118,\n    \"17.4\": 1.78583,\n    \"17.5\": 0.0164\n  },\n  P: {\n    \"4\": 0.22702,\n    \"20\": 0.02064,\n    \"21\": 0.0516,\n    \"22\": 0.07223,\n    \"23\": 0.28893,\n    \"24\": 1.8471,\n    _: \"5.0-5.4 8.2 9.2 10.1\",\n    \"6.2-6.4\": 0.01032,\n    \"7.2-7.4\": 0.30957,\n    \"11.1-11.2\": 0.03096,\n    \"12.0\": 0.0516,\n    \"13.0\": 0.11351,\n    \"14.0\": 0.04128,\n    \"15.0\": 0.01032,\n    \"16.0\": 0.02064,\n    \"17.0\": 0.0516,\n    \"18.0\": 0.07223,\n    \"19.0\": 0.08255\n  },\n  I: {\n    \"0\": 0.07813,\n    \"3\": 0,\n    \"4\": 0.00001,\n    \"2.1\": 0,\n    \"2.2\": 0,\n    \"2.3\": 0,\n    \"4.1\": 0.00002,\n    \"4.2-4.3\": 0.00005,\n    \"4.4\": 0,\n    \"4.4.3-4.4.4\": 0.0002\n  },\n  A: {\n    \"9\": 0.00346,\n    \"10\": 0.00346,\n    \"11\": 0.04501,\n    _: \"6 7 8 5.5\"\n  },\n  K: {\n    \"0\": 1.25298,\n    _: \"10 11 12 11.1 11.5 12.1\"\n  },\n  J: {\n    _: \"7 10\"\n  },\n  N: {\n    _: \"10 11\"\n  },\n  S: {\n    \"2.5\": 0.11768,\n    _: \"3.0-3.1\"\n  },\n  Q: {\n    _: \"14.9\"\n  },\n  O: {\n    \"0\": 0.52958\n  },\n  H: {\n    \"0\": 0.12\n  },\n  L: {\n    \"0\": 60.08061\n  },\n  R: {\n    _: \"0\"\n  },\n  M: {\n    \"0\": 0.09807\n  }\n};","map":{"version":3,"names":["module","exports","C","_","D","F","B","E","G","P","I","A","K","J","N","S","Q","O","H","L","R","M"],"sources":["C:/Users/chest/OneDrive/Documentos/GitHub/HackUPC/frontend/node_modules/caniuse-lite/data/regions/BW.js"],