{"ast":null,"code":"module.exports = {\n  C: {\n    \"4\": 0.00609,\n    \"43\": 0.01217,\n    \"78\": 0.01217,\n    \"115\": 2.28225,\n    \"124\": 0.9981,\n    \"125\": 0.37733,\n    _: \"2 3 5 6 7 8 9 10 11 12 13 14 15 16 17 18 19 20 21 22 23 24 25 26 27 28 29 30 31 32 33 34 35 36 37 38 39 40 41 42 44 45 46 47 48 49 50 51 52 53 54 55 56 57 58 59 60 61 62 63 64 65 66 67 68 69 70 71 72 73 74 75 76 77 79 80 81 82 83 84 85 86 87 88 89 90 91 92 93 94 95 96 97 98 99 100 101 102 103 104 105 106 107 108 109 110 111 112 113 114 116 117 118 119 120 121 122 123 126 127 128 3.5 3.6\"\n  },\n  D: {\n    \"11\": 0.01826,\n    \"36\": 0.01826,\n    \"42\": 0.0852,\n    \"43\": 0.00609,\n    \"50\": 0.02434,\n    \"52\": 0.04869,\n    \"56\": 0.00609,\n    \"62\": 0.01217,\n    \"65\": 0.00609,\n    \"68\": 0.01826,\n    \"72\": 0.01826,\n    \"77\": 0.00609,\n    \"79\": 0.06695,\n    \"83\": 0.01826,\n    \"84\": 0.01826,\n    \"87\": 0.28604,\n    \"88\": 0.0426,\n    \"89\": 1.12591,\n    \"92\": 0.03043,\n    \"95\": 0.14606,\n    \"99\": 0.01217,\n    \"104\": 0.05477,\n    \"106\": 0.01217,\n    \"109\": 3.52379,\n    \"112\": 0.01217,\n    \"116\": 0.03652,\n    \"117\": 0.00609,\n    \"119\": 0.05477,\n    \"120\": 0.03043,\n    \"121\": 0.09129,\n    \"122\": 0.10955,\n    \"123\": 13.09099,\n    \"124\": 4.2602,\n    \"125\": 0.01217,\n    _: \"4 5 6 7 8 9 10 12 13 14 15 16 17 18 19 20 21 22 23 24 25 26 27 28 29 30 31 32 33 34 35 37 38 39 40 41 44 45 46 47 48 49 51 53 54 55 57 58 59 60 61 63 64 66 67 69 70 71 73 74 75 76 78 80 81 85 86 90 91 93 94 96 97 98 100 101 102 103 105 107 108 110 111 113 114 115 118 126 127\"\n  },\n  F: {\n    \"84\": 0.01217,\n    \"95\": 0.07303,\n    \"106\": 0.01217,\n    \"107\": 0.96767,\n    \"108\": 0.10346,\n    \"109\": 0.15824,\n    _: \"9 11 12 15 16 17 18 19 20 21 22 23 24 25 26 27 28 29 30 31 32 33 34 35 36 37 38 39 40 41 42 43 44 45 46 47 48 49 50 51 52 53 54 55 56 57 58 60 62 63 64 65 66 67 68 69 70 71 72 73 74 75 76 77 78 79 80 81 82 83 85 86 87 88 89 90 91 92 93 94 96 97 98 99 100 101 102 103 104 105 9.5-9.6 10.0-10.1 10.5 10.6 11.1 11.5 11.6 12.1\"\n  },\n  B: {\n    \"80\": 0.02434,\n    \"88\": 0.00609,\n    \"90\": 0.00609,\n    \"92\": 0.01217,\n    \"107\": 0.00609,\n    \"109\": 0.12172,\n    \"119\": 0.00609,\n    \"120\": 0.02434,\n    \"121\": 0.00609,\n    \"122\": 0.19475,\n    \"123\": 18.27626,\n    \"124\": 9.71934,\n    _: \"12 13 14 15 16 17 18 79 81 83 84 85 86 87 89 91 93 94 95 96 97 98 99 100 101 102 103 104 105 106 108 110 111 112 113 114 115 116 117 118\"\n  },\n  E: {\n    _: \"0 4 5 6 7 8 9 10 11 12 13 14 15 3.1 3.2 5.1 6.1 7.1 9.1 10.1 11.1 12.1 13.1 15.1 15.2-15.3 15.4 15.5 16.0 16.1 16.2 16.3 16.4 16.5 16.6 17.1 17.5\",\n    \"14.1\": 0.00609,\n    \"15.6\": 0.00609,\n    \"17.0\": 0.00609,\n    \"17.2\": 0.01826,\n    \"17.3\": 0.01826,\n    \"17.4\": 0.03043\n  },\n  G: {\n    \"8\": 0,\n    \"3.2\": 0,\n    \"4.0-4.1\": 0,\n    \"4.2-4.3\": 0.00035,\n    \"5.0-5.1\": 0.00035,\n    \"6.0-6.1\": 0.00087,\n    \"7.0-7.1\": 0.00139,\n    \"8.1-8.4\": 0.00035,\n    \"9.0-9.2\": 0.00087,\n    \"9.3\": 0.00435,\n    \"10.0-10.2\": 0.00087,\n    \"10.3\": 0.00695,\n    \"11.0-11.2\": 0.00591,\n    \"11.3-11.4\": 0.00174,\n    \"12.0-12.1\": 0.00122,\n    \"12.2-12.5\": 0.02833,\n    \"13.0-13.1\": 0.00052,\n    \"13.2\": 0.00574,\n    \"13.3\": 0.00139,\n    \"13.4-13.7\": 0.00539,\n    \"14.0-14.4\": 0.0106,\n    \"14.5-14.8\": 0.01617,\n    \"15.0-15.1\": 0.00747,\n    \"15.2-15.3\": 0.00852,\n    \"15.4\": 0.00973,\n    \"15.5\": 0.01234,\n    \"15.6-15.8\": 0.10777,\n    \"16.0\": 0.0252,\n    \"16.1\": 0.0525,\n    \"16.2\": 0.0252,\n    \"16.3\": 0.0445,\n    \"16.4\": 0.00921,\n    \"16.5\": 0.01929,\n    \"16.6-16.7\": 0.15245,\n    \"17.0\": 0.01825,\n    \"17.1\": 0.03372,\n    \"17.2\": 0.04485,\n    \"17.3\": 0.32714,\n    \"17.4\": 0.73841,\n    \"17.5\": 0.00678\n  },\n  P: {\n    \"4\": 0.18533,\n    \"20\": 0.0103,\n    \"21\": 0.0103,\n    \"22\": 0.10296,\n    \"23\": 0.10296,\n    \"24\": 0.58688,\n    \"5.0-5.4\": 0.02059,\n    _: \"6.2-6.4 8.2 9.2 10.1 11.1-11.2 12.0 13.0 14.0 15.0 17.0 18.0\",\n    \"7.2-7.4\": 0.06178,\n    \"16.0\": 0.02059,\n    \"19.0\": 0.12355\n  },\n  I: {\n    \"0\": 0.10917,\n    \"3\": 0,\n    \"4\": 0.00001,\n    \"2.1\": 0,\n    \"2.2\": 0,\n    \"2.3\": 0,\n    \"4.1\": 0.00002,\n    \"4.2-4.3\": 0.00007,\n    \"4.4\": 0,\n    \"4.4.3-4.4.4\": 0.00027\n  },\n  A: {\n    \"11\": 0.01217,\n    _: \"6 7 8 9 10 5.5\"\n  },\n  K: {\n    \"0\": 0.35801,\n    _: \"10 11 12 11.1 11.5 12.1\"\n  },\n  J: {\n    _: \"7 10\"\n  },\n  N: {\n    _: \"10 11\"\n  },\n  S: {\n    _: \"2.5 3.0-3.1\"\n  },\n  Q: {\n    _: \"14.9\"\n  },\n  O: {\n    \"0\": 2.53692\n  },\n  H: {\n    \"0\": 0.01\n  },\n  L: {\n    \"0\": 36.83891\n  },\n  R: {\n    _: \"0\"\n  },\n  M: {\n    \"0\": 0.01958\n  }\n};","map":{"version":3,"names":["module","exports","C","_","D","F","B","E","G","P","I","A","K","J","N","S","Q","O","H","L","R","M"],"sources":["C:/Users/chest/OneDrive/Documentos/GitHub/HackUPC/frontend/node_modules/caniuse-lite/data/regions/ST.js"],