{"ast":null,"code":"module.exports = {\n  C: {\n    \"52\": 0.0191,\n    \"63\": 0.00478,\n    \"65\": 0.00478,\n    \"68\": 0.00478,\n    \"78\": 0.00478,\n    \"83\": 0.02388,\n    \"88\": 0.02388,\n    \"91\": 0.02388,\n    \"102\": 0.01433,\n    \"103\": 0.01433,\n    \"105\": 0.00478,\n    \"111\": 0.00478,\n    \"112\": 0.03343,\n    \"113\": 0.0191,\n    \"114\": 0.00478,\n    \"115\": 0.29611,\n    \"118\": 0.00478,\n    \"120\": 0.0191,\n    \"121\": 0.00955,\n    \"122\": 0.01433,\n    \"123\": 0.05731,\n    \"124\": 0.99818,\n    \"125\": 0.48238,\n    \"126\": 0.00478,\n    _: \"2 3 4 5 6 7 8 9 10 11 12 13 14 15 16 17 18 19 20 21 22 23 24 25 26 27 28 29 30 31 32 33 34 35 36 37 38 39 40 41 42 43 44 45 46 47 48 49 50 51 53 54 55 56 57 58 59 60 61 62 64 66 67 69 70 71 72 73 74 75 76 77 79 80 81 82 84 85 86 87 89 90 92 93 94 95 96 97 98 99 100 101 104 106 107 108 109 110 116 117 119 127 128 3.5 3.6\"\n  },\n  D: {\n    \"11\": 0.00478,\n    \"26\": 0.02866,\n    \"38\": 0.41551,\n    \"41\": 0.00478,\n    \"42\": 0.00478,\n    \"43\": 0.01433,\n    \"44\": 0.00478,\n    \"45\": 0.00478,\n    \"46\": 0.00478,\n    \"47\": 0.00955,\n    \"49\": 0.03343,\n    \"51\": 0.00478,\n    \"52\": 0.00478,\n    \"55\": 0.00955,\n    \"62\": 0.02388,\n    \"65\": 0.0191,\n    \"69\": 0.00955,\n    \"70\": 0.00955,\n    \"71\": 0.0191,\n    \"72\": 0.00955,\n    \"73\": 0.01433,\n    \"74\": 0.01433,\n    \"75\": 0.01433,\n    \"76\": 0.00478,\n    \"78\": 0.00478,\n    \"79\": 0.0191,\n    \"80\": 0.02388,\n    \"81\": 0.02866,\n    \"83\": 0.0191,\n    \"84\": 0.01433,\n    \"85\": 0.00478,\n    \"86\": 0.16716,\n    \"87\": 0.02388,\n    \"88\": 0.01433,\n    \"89\": 0.0191,\n    \"90\": 0.02388,\n    \"91\": 0.00478,\n    \"92\": 0.00955,\n    \"93\": 0.03821,\n    \"94\": 0.01433,\n    \"95\": 0.00955,\n    \"96\": 0.00478,\n    \"97\": 0.00478,\n    \"98\": 0.00955,\n    \"99\": 0.00478,\n    \"100\": 0.0191,\n    \"101\": 0.00478,\n    \"102\": 0.00955,\n    \"103\": 0.08597,\n    \"104\": 0.00955,\n    \"105\": 0.00955,\n    \"106\": 0.04298,\n    \"107\": 0.00478,\n    \"108\": 0.02866,\n    \"109\": 2.56949,\n    \"110\": 0.00955,\n    \"111\": 0.0191,\n    \"112\": 0.02388,\n    \"113\": 0.01433,\n    \"114\": 0.03343,\n    \"115\": 0.05254,\n    \"116\": 0.21492,\n    \"117\": 0.0191,\n    \"118\": 0.04298,\n    \"119\": 0.16716,\n    \"120\": 0.19582,\n    \"121\": 0.24835,\n    \"122\": 1.16534,\n    \"123\": 20.20248,\n    \"124\": 8.83082,\n    \"125\": 0.02388,\n    \"126\": 0.00478,\n    _: \"4 5 6 7 8 9 10 12 13 14 15 16 17 18 19 20 21 22 23 24 25 27 28 29 30 31 32 33 34 35 36 37 39 40 48 50 53 54 56 57 58 59 60 61 63 64 66 67 68 77 127\"\n  },\n  F: {\n    \"28\": 0.00478,\n    \"95\": 0.05254,\n    \"99\": 0.00478,\n    \"104\": 0.04298,\n    \"106\": 0.02388,\n    \"107\": 2.76053,\n    \"108\": 0.47282,\n    \"109\": 0.24835,\n    _: \"9 11 12 15 16 17 18 19 20 21 22 23 24 25 26 27 29 30 31 32 33 34 35 36 37 38 39 40 41 42 43 44 45 46 47 48 49 50 51 52 53 54 55 56 57 58 60 62 63 64 65 66 67 68 69 70 71 72 73 74 75 76 77 78 79 80 81 82 83 84 85 86 87 88 89 90 91 92 93 94 96 97 98 100 101 102 103 105 9.5-9.6 10.0-10.1 10.5 10.6 11.1 11.5 11.6 12.1\"\n  },\n  B: {\n    \"18\": 0.00478,\n    \"92\": 0.0191,\n    \"100\": 0.00478,\n    \"105\": 0.00478,\n    \"109\": 0.02866,\n    \"113\": 0.00478,\n    \"114\": 0.00478,\n    \"116\": 0.00478,\n    \"117\": 0.00478,\n    \"119\": 0.01433,\n    \"120\": 0.02388,\n    \"121\": 0.02388,\n    \"122\": 0.12895,\n    \"123\": 2.44531,\n    \"124\": 1.23698,\n    _: \"12 13 14 15 16 17 79 80 81 83 84 85 86 87 88 89 90 91 93 94 95 96 97 98 99 101 102 103 104 106 107 108 110 111 112 115 118\"\n  },\n  E: {\n    \"9\": 0.00955,\n    \"14\": 0.01433,\n    _: \"0 4 5 6 7 8 10 11 12 13 15 3.1 3.2 5.1 6.1 7.1 9.1 10.1 11.1 17.5\",\n    \"12.1\": 0.00478,\n    \"13.1\": 0.05254,\n    \"14.1\": 0.02388,\n    \"15.1\": 0.04298,\n    \"15.2-15.3\": 0.00478,\n    \"15.4\": 0.00955,\n    \"15.5\": 0.05254,\n    \"15.6\": 0.07642,\n    \"16.0\": 0.00478,\n    \"16.1\": 0.02388,\n    \"16.2\": 0.00955,\n    \"16.3\": 0.04776,\n    \"16.4\": 0.01433,\n    \"16.5\": 0.04776,\n    \"16.6\": 0.12418,\n    \"17.0\": 0.05254,\n    \"17.1\": 0.03821,\n    \"17.2\": 0.07164,\n    \"17.3\": 0.08119,\n    \"17.4\": 0.34387\n  },\n  G: {\n    \"8\": 0,\n    \"3.2\": 0,\n    \"4.0-4.1\": 0,\n    \"4.2-4.3\": 0.00153,\n    \"5.0-5.1\": 0.00153,\n    \"6.0-6.1\": 0.00383,\n    \"7.0-7.1\": 0.00613,\n    \"8.1-8.4\": 0.00153,\n    \"9.0-9.2\": 0.00383,\n    \"9.3\": 0.01915,\n    \"10.0-10.2\": 0.00383,\n    \"10.3\": 0.03063,\n    \"11.0-11.2\": 0.02604,\n    \"11.3-11.4\": 0.00766,\n    \"12.0-12.1\": 0.00536,\n    \"12.2-12.5\": 0.12483,\n    \"13.0-13.1\": 0.0023,\n    \"13.2\": 0.02527,\n    \"13.3\": 0.00613,\n    \"13.4-13.7\": 0.02374,\n    \"14.0-14.4\": 0.04672,\n    \"14.5-14.8\": 0.07122,\n    \"15.0-15.1\": 0.03293,\n    \"15.2-15.3\": 0.03753,\n    \"15.4\": 0.04289,\n    \"15.5\": 0.05437,\n    \"15.6-15.8\": 0.47482,\n    \"16.0\": 0.11105,\n    \"16.1\": 0.23128,\n    \"16.2\": 0.11105,\n    \"16.3\": 0.19605,\n    \"16.4\": 0.04059,\n    \"16.5\": 0.08501,\n    \"16.6-16.7\": 0.67164,\n    \"17.0\": 0.08041,\n    \"17.1\": 0.14857,\n    \"17.2\": 0.19759,\n    \"17.3\": 1.44131,\n    \"17.4\": 3.25328,\n    \"17.5\": 0.02987\n  },\n  P: {\n    \"4\": 0.01042,\n    \"20\": 0.01042,\n    \"21\": 0.13542,\n    \"22\": 0.03125,\n    \"23\": 0.14583,\n    \"24\": 1.13542,\n    \"5.0-5.4\": 0.01042,\n    _: \"6.2-6.4 8.2 9.2 11.1-11.2 12.0 13.0 14.0 15.0 18.0\",\n    \"7.2-7.4\": 0.10417,\n    \"10.1\": 0.01042,\n    \"16.0\": 0.02083,\n    \"17.0\": 0.01042,\n    \"19.0\": 0.02083\n  },\n  I: {\n    \"0\": 0.07804,\n    \"3\": 0,\n    \"4\": 0.00001,\n    \"2.1\": 0,\n    \"2.2\": 0,\n    \"2.3\": 0,\n    \"4.1\": 0.00002,\n    \"4.2-4.3\": 0.00005,\n    \"4.4\": 0,\n    \"4.4.3-4.4.4\": 0.0002\n  },\n  A: {\n    \"7\": 0.00507,\n    \"8\": 0.02537,\n    \"9\": 0.00507,\n    \"10\": 0.00507,\n    \"11\": 0.0406,\n    _: \"6 5.5\"\n  },\n  K: {\n    \"0\": 0.16194,\n    _: \"10 11 12 11.1 11.5 12.1\"\n  },\n  J: {\n    _: \"7 10\"\n  },\n  N: {\n    _: \"10 11\"\n  },\n  S: {\n    _: \"2.5 3.0-3.1\"\n  },\n  Q: {\n    _: \"14.9\"\n  },\n  O: {\n    \"0\": 0.01045\n  },\n  H: {\n    \"0\": 0\n  },\n  L: {\n    \"0\": 43.5966\n  },\n  R: {\n    _: \"0\"\n  },\n  M: {\n    \"0\": 0.27687\n  }\n};","map":{"version":3,"names":["module","exports","C","_","D","F","B","E","G","P","I","A","K","J","N","S","Q","O","H","L","R","M"],"sources":["C:/Users/chest/OneDrive/Documentos/GitHub/HackUPC/frontend/node_modules/caniuse-lite/data/regions/UY.js"],