{"ast":null,"code":"module.exports = {\n  C: {\n    \"115\": 0.00814,\n    \"121\": 0.00814,\n    \"123\": 0.00814,\n    \"124\": 0.52529,\n    \"125\": 0.13438,\n    _: \"2 3 4 5 6 7 8 9 10 11 12 13 14 15 16 17 18 19 20 21 22 23 24 25 26 27 28 29 30 31 32 33 34 35 36 37 38 39 40 41 42 43 44 45 46 47 48 49 50 51 52 53 54 55 56 57 58 59 60 61 62 63 64 65 66 67 68 69 70 71 72 73 74 75 76 77 78 79 80 81 82 83 84 85 86 87 88 89 90 91 92 93 94 95 96 97 98 99 100 101 102 103 104 105 106 107 108 109 110 111 112 113 114 116 117 118 119 120 122 126 127 128 3.5 3.6\"\n  },\n  D: {\n    \"47\": 0.00407,\n    \"49\": 0.01222,\n    \"56\": 0.00407,\n    \"65\": 0.03258,\n    \"69\": 0.05294,\n    \"70\": 0.00814,\n    \"71\": 0.00407,\n    \"73\": 0.00407,\n    \"75\": 0.03258,\n    \"76\": 0.41534,\n    \"77\": 0.25654,\n    \"78\": 0.00407,\n    \"79\": 0.02036,\n    \"83\": 0.00814,\n    \"88\": 0.00814,\n    \"90\": 0.00814,\n    \"91\": 0.02443,\n    \"93\": 0.05701,\n    \"94\": 0.01222,\n    \"97\": 0.02443,\n    \"98\": 0.00407,\n    \"102\": 0.00407,\n    \"103\": 0.25246,\n    \"105\": 0.00407,\n    \"106\": 0.00407,\n    \"107\": 0.06108,\n    \"109\": 0.50086,\n    \"110\": 0.01629,\n    \"111\": 0.00814,\n    \"112\": 0.00814,\n    \"113\": 0.00407,\n    \"114\": 0.01222,\n    \"115\": 0.00407,\n    \"116\": 0.01629,\n    \"117\": 0.00407,\n    \"118\": 1.03429,\n    \"119\": 0.02036,\n    \"120\": 0.05701,\n    \"121\": 0.30133,\n    \"122\": 1.23789,\n    \"123\": 16.0559,\n    \"124\": 5.2936,\n    \"125\": 0.02036,\n    \"126\": 0.00407,\n    _: \"4 5 6 7 8 9 10 11 12 13 14 15 16 17 18 19 20 21 22 23 24 25 26 27 28 29 30 31 32 33 34 35 36 37 38 39 40 41 42 43 44 45 46 48 50 51 52 53 54 55 57 58 59 60 61 62 63 64 66 67 68 72 74 80 81 84 85 86 87 89 92 95 96 99 100 101 104 108 127\"\n  },\n  F: {\n    \"95\": 0.08144,\n    \"106\": 0.01222,\n    \"107\": 0.36648,\n    \"108\": 0.36648,\n    \"109\": 0.16288,\n    _: \"9 11 12 15 16 17 18 19 20 21 22 23 24 25 26 27 28 29 30 31 32 33 34 35 36 37 38 39 40 41 42 43 44 45 46 47 48 49 50 51 52 53 54 55 56 57 58 60 62 63 64 65 66 67 68 69 70 71 72 73 74 75 76 77 78 79 80 81 82 83 84 85 86 87 88 89 90 91 92 93 94 96 97 98 99 100 101 102 103 104 105 9.5-9.6 10.0-10.1 10.5 10.6 11.1 11.5 11.6 12.1\"\n  },\n  B: {\n    \"17\": 0.00814,\n    \"18\": 0.01629,\n    \"84\": 0.00407,\n    \"90\": 0.05294,\n    \"92\": 0.02036,\n    \"103\": 0.00407,\n    \"105\": 0.00407,\n    \"107\": 0.00814,\n    \"109\": 0.01222,\n    \"111\": 0.00407,\n    \"117\": 0.01222,\n    \"118\": 0.04072,\n    \"120\": 0.01629,\n    \"121\": 0.02443,\n    \"122\": 0.32169,\n    \"123\": 4.11272,\n    \"124\": 1.64509,\n    _: \"12 13 14 15 16 79 80 81 83 85 86 87 88 89 91 93 94 95 96 97 98 99 100 101 102 104 106 108 110 112 113 114 115 116 119\"\n  },\n  E: {\n    \"13\": 0.06515,\n    \"14\": 0.00814,\n    _: \"0 4 5 6 7 8 9 10 11 12 15 3.1 3.2 6.1 7.1 9.1 10.1 11.1 12.1 17.5\",\n    \"5.1\": 0.01629,\n    \"13.1\": 0.01629,\n    \"14.1\": 0.06515,\n    \"15.1\": 0.02036,\n    \"15.2-15.3\": 0.01222,\n    \"15.4\": 0.00814,\n    \"15.5\": 0.05294,\n    \"15.6\": 0.09773,\n    \"16.0\": 0.00407,\n    \"16.1\": 0.06108,\n    \"16.2\": 0.00407,\n    \"16.3\": 0.01629,\n    \"16.4\": 0.01222,\n    \"16.5\": 0.02036,\n    \"16.6\": 0.26061,\n    \"17.0\": 0.01222,\n    \"17.1\": 0.07737,\n    \"17.2\": 0.11809,\n    \"17.3\": 0.15474,\n    \"17.4\": 0.54972\n  },\n  G: {\n    \"8\": 0,\n    \"3.2\": 0,\n    \"4.0-4.1\": 0,\n    \"4.2-4.3\": 0.0022,\n    \"5.0-5.1\": 0.0022,\n    \"6.0-6.1\": 0.00551,\n    \"7.0-7.1\": 0.00882,\n    \"8.1-8.4\": 0.0022,\n    \"9.0-9.2\": 0.00551,\n    \"9.3\": 0.02756,\n    \"10.0-10.2\": 0.00551,\n    \"10.3\": 0.0441,\n    \"11.0-11.2\": 0.03748,\n    \"11.3-11.4\": 0.01102,\n    \"12.0-12.1\": 0.00772,\n    \"12.2-12.5\": 0.17969,\n    \"13.0-13.1\": 0.00331,\n    \"13.2\": 0.03638,\n    \"13.3\": 0.00882,\n    \"13.4-13.7\": 0.03418,\n    \"14.0-14.4\": 0.06725,\n    \"14.5-14.8\": 0.10253,\n    \"15.0-15.1\": 0.0474,\n    \"15.2-15.3\": 0.05402,\n    \"15.4\": 0.06174,\n    \"15.5\": 0.07827,\n    \"15.6-15.8\": 0.6835,\n    \"16.0\": 0.15985,\n    \"16.1\": 0.33293,\n    \"16.2\": 0.15985,\n    \"16.3\": 0.28222,\n    \"16.4\": 0.05843,\n    \"16.5\": 0.12237,\n    \"16.6-16.7\": 0.96682,\n    \"17.0\": 0.11575,\n    \"17.1\": 0.21387,\n    \"17.2\": 0.28442,\n    \"17.3\": 2.07476,\n    \"17.4\": 4.68309,\n    \"17.5\": 0.04299\n  },\n  P: {\n    \"4\": 0.30789,\n    \"20\": 0.0114,\n    \"21\": 0.05702,\n    \"22\": 0.03421,\n    \"23\": 0.17105,\n    \"24\": 2.96484,\n    \"5.0-5.4\": 0.03421,\n    _: \"6.2-6.4 8.2 9.2 10.1 12.0 14.0 15.0\",\n    \"7.2-7.4\": 0.21666,\n    \"11.1-11.2\": 0.0114,\n    \"13.0\": 0.0114,\n    \"16.0\": 0.03421,\n    \"17.0\": 0.0114,\n    \"18.0\": 0.0114,\n    \"19.0\": 0.02281\n  },\n  I: {\n    \"0\": 0.01181,\n    \"3\": 0,\n    \"4\": 0,\n    \"2.1\": 0,\n    \"2.2\": 0,\n    \"2.3\": 0,\n    \"4.1\": 0,\n    \"4.2-4.3\": 0.00001,\n    \"4.4\": 0,\n    \"4.4.3-4.4.4\": 0.00003\n  },\n  A: {\n    \"11\": 0.04072,\n    _: \"6 7 8 9 10 5.5\"\n  },\n  K: {\n    \"0\": 0.20152,\n    _: \"10 11 12 11.1 11.5 12.1\"\n  },\n  J: {\n    _: \"7 10\"\n  },\n  N: {\n    _: \"10 11\"\n  },\n  S: {\n    _: \"2.5 3.0-3.1\"\n  },\n  Q: {\n    _: \"14.9\"\n  },\n  O: {\n    \"0\": 0.23708\n  },\n  H: {\n    \"0\": 0\n  },\n  L: {\n    \"0\": 48.06098\n  },\n  R: {\n    _: \"0\"\n  },\n  M: {\n    \"0\": 0.33191\n  }\n};","map":{"version":3,"names":["module","exports","C","_","D","F","B","E","G","P","I","A","K","J","N","S","Q","O","H","L","R","M"],"sources":["C:/Users/chest/OneDrive/Documentos/GitHub/HackUPC/frontend/node_modules/caniuse-lite/data/regions/DM.js"],