{"ast":null,"code":"module.exports = {\n  C: {\n    \"47\": 0.00253,\n    \"52\": 0.00759,\n    \"78\": 0.00253,\n    \"88\": 0.00253,\n    \"91\": 0.02276,\n    \"98\": 0.00253,\n    \"107\": 0.01265,\n    \"112\": 0.00759,\n    \"115\": 0.20738,\n    \"120\": 0.00253,\n    \"122\": 0.00253,\n    \"123\": 0.01517,\n    \"124\": 1.31508,\n    \"125\": 0.63478,\n    _: \"2 3 4 5 6 7 8 9 10 11 12 13 14 15 16 17 18 19 20 21 22 23 24 25 26 27 28 29 30 31 32 33 34 35 36 37 38 39 40 41 42 43 44 45 46 48 49 50 51 53 54 55 56 57 58 59 60 61 62 63 64 65 66 67 68 69 70 71 72 73 74 75 76 77 79 80 81 82 83 84 85 86 87 89 90 92 93 94 95 96 97 99 100 101 102 103 104 105 106 108 109 110 111 113 114 116 117 118 119 121 126 127 128 3.5 3.6\"\n  },\n  D: {\n    \"11\": 0.00253,\n    \"38\": 0.00253,\n    \"49\": 0.00506,\n    \"50\": 0.00253,\n    \"56\": 0.01265,\n    \"58\": 0.00253,\n    \"65\": 0.00253,\n    \"66\": 0.03288,\n    \"69\": 0.01517,\n    \"70\": 0.00253,\n    \"73\": 0.02023,\n    \"74\": 0.00506,\n    \"75\": 0.01012,\n    \"79\": 0.06828,\n    \"81\": 0.08093,\n    \"83\": 0.0961,\n    \"84\": 0.0607,\n    \"86\": 0.02276,\n    \"87\": 0.05564,\n    \"88\": 0.02529,\n    \"89\": 0.03794,\n    \"90\": 0.01517,\n    \"92\": 0.00253,\n    \"93\": 0.00253,\n    \"95\": 0.02529,\n    \"96\": 0.01265,\n    \"98\": 0.01265,\n    \"102\": 0.00506,\n    \"103\": 0.04552,\n    \"107\": 0.00759,\n    \"108\": 0.00253,\n    \"109\": 1.63626,\n    \"110\": 0.0607,\n    \"114\": 0.03035,\n    \"116\": 0.02023,\n    \"117\": 0.00253,\n    \"118\": 0.00506,\n    \"119\": 0.18462,\n    \"120\": 0.05058,\n    \"121\": 0.04552,\n    \"122\": 0.29589,\n    \"123\": 7.0989,\n    \"124\": 2.91341,\n    \"125\": 0.0177,\n    _: \"4 5 6 7 8 9 10 12 13 14 15 16 17 18 19 20 21 22 23 24 25 26 27 28 29 30 31 32 33 34 35 36 37 39 40 41 42 43 44 45 46 47 48 51 52 53 54 55 57 59 60 61 62 63 64 67 68 71 72 76 77 78 80 85 91 94 97 99 100 101 104 105 106 111 112 113 115 126 127\"\n  },\n  F: {\n    \"17\": 0.00253,\n    \"28\": 0.01517,\n    \"42\": 0.00506,\n    \"95\": 0.14668,\n    \"102\": 0.00253,\n    \"107\": 0.16439,\n    \"108\": 0.51592,\n    \"109\": 0.27566,\n    _: \"9 11 12 15 16 18 19 20 21 22 23 24 25 26 27 29 30 31 32 33 34 35 36 37 38 39 40 41 43 44 45 46 47 48 49 50 51 52 53 54 55 56 57 58 60 62 63 64 65 66 67 68 69 70 71 72 73 74 75 76 77 78 79 80 81 82 83 84 85 86 87 88 89 90 91 92 93 94 96 97 98 99 100 101 103 104 105 106 9.5-9.6 10.0-10.1 10.5 10.6 11.1 11.5 11.6 12.1\"\n  },\n  B: {\n    \"12\": 0.00253,\n    \"13\": 0.00253,\n    \"17\": 0.00253,\n    \"18\": 0.00506,\n    \"84\": 0.00253,\n    \"90\": 0.00253,\n    \"92\": 0.01012,\n    \"100\": 0.00253,\n    \"109\": 0.02276,\n    \"119\": 0.00759,\n    \"120\": 0.00506,\n    \"121\": 0.0177,\n    \"122\": 0.07081,\n    \"123\": 2.71615,\n    \"124\": 1.30244,\n    _: \"14 15 16 79 80 81 83 85 86 87 88 89 91 93 94 95 96 97 98 99 101 102 103 104 105 106 107 108 110 111 112 113 114 115 116 117 118\"\n  },\n  E: {\n    \"11\": 0.00253,\n    \"13\": 0.00253,\n    _: \"0 4 5 6 7 8 9 10 12 14 15 3.1 3.2 5.1 6.1 7.1 9.1 10.1 11.1 12.1 15.1 15.2-15.3 16.0 17.0 17.5\",\n    \"13.1\": 0.10116,\n    \"14.1\": 0.24278,\n    \"15.4\": 0.00506,\n    \"15.5\": 0.00506,\n    \"15.6\": 0.04299,\n    \"16.1\": 0.00253,\n    \"16.2\": 0.00506,\n    \"16.3\": 0.07334,\n    \"16.4\": 0.00253,\n    \"16.5\": 0.00253,\n    \"16.6\": 0.04046,\n    \"17.1\": 0.02023,\n    \"17.2\": 0.01517,\n    \"17.3\": 0.0177,\n    \"17.4\": 0.04046\n  },\n  G: {\n    \"8\": 0,\n    \"3.2\": 0,\n    \"4.0-4.1\": 0,\n    \"4.2-4.3\": 0.00248,\n    \"5.0-5.1\": 0.00248,\n    \"6.0-6.1\": 0.00619,\n    \"7.0-7.1\": 0.00991,\n    \"8.1-8.4\": 0.00248,\n    \"9.0-9.2\": 0.00619,\n    \"9.3\": 0.03097,\n    \"10.0-10.2\": 0.00619,\n    \"10.3\": 0.04955,\n    \"11.0-11.2\": 0.04212,\n    \"11.3-11.4\": 0.01239,\n    \"12.0-12.1\": 0.00867,\n    \"12.2-12.5\": 0.20191,\n    \"13.0-13.1\": 0.00372,\n    \"13.2\": 0.04088,\n    \"13.3\": 0.00991,\n    \"13.4-13.7\": 0.0384,\n    \"14.0-14.4\": 0.07556,\n    \"14.5-14.8\": 0.1152,\n    \"15.0-15.1\": 0.05326,\n    \"15.2-15.3\": 0.0607,\n    \"15.4\": 0.06937,\n    \"15.5\": 0.08795,\n    \"15.6-15.8\": 0.76799,\n    \"16.0\": 0.17961,\n    \"16.1\": 0.37408,\n    \"16.2\": 0.17961,\n    \"16.3\": 0.31711,\n    \"16.4\": 0.06565,\n    \"16.5\": 0.13749,\n    \"16.6-16.7\": 1.08633,\n    \"17.0\": 0.13006,\n    \"17.1\": 0.24031,\n    \"17.2\": 0.31958,\n    \"17.3\": 2.33122,\n    \"17.4\": 5.26196,\n    \"17.5\": 0.04831\n  },\n  P: {\n    \"4\": 0.12159,\n    \"20\": 0.0608,\n    \"21\": 0.0304,\n    \"22\": 0.10133,\n    \"23\": 0.32425,\n    \"24\": 0.96261,\n    \"5.0-5.4\": 0.02027,\n    \"6.2-6.4\": 0.05066,\n    \"7.2-7.4\": 0.34451,\n    _: \"8.2 9.2 10.1 12.0 15.0 18.0\",\n    \"11.1-11.2\": 0.05066,\n    \"13.0\": 0.01013,\n    \"14.0\": 0.01013,\n    \"16.0\": 0.31411,\n    \"17.0\": 0.01013,\n    \"19.0\": 0.04053\n  },\n  I: {\n    \"0\": 0.01488,\n    \"3\": 0,\n    \"4\": 0,\n    \"2.1\": 0,\n    \"2.2\": 0,\n    \"2.3\": 0,\n    \"4.1\": 0,\n    \"4.2-4.3\": 0.00001,\n    \"4.4\": 0,\n    \"4.4.3-4.4.4\": 0.00004\n  },\n  A: {\n    \"11\": 0.00759,\n    _: \"6 7 8 9 10 5.5\"\n  },\n  K: {\n    \"0\": 1.66063,\n    _: \"10 11 12 11.1 11.5 12.1\"\n  },\n  J: {\n    _: \"7 10\"\n  },\n  N: {\n    _: \"10 11\"\n  },\n  S: {\n    \"2.5\": 0.03736,\n    _: \"3.0-3.1\"\n  },\n  Q: {\n    _: \"14.9\"\n  },\n  O: {\n    \"0\": 0.0523\n  },\n  H: {\n    \"0\": 0.11\n  },\n  L: {\n    \"0\": 61.02145\n  },\n  R: {\n    _: \"0\"\n  },\n  M: {\n    \"0\": 0.08965\n  }\n};","map":{"version":3,"names":["module","exports","C","_","D","F","B","E","G","P","I","A","K","J","N","S","Q","O","H","L","R","M"],"sources":["C:/Users/chest/OneDrive/Documentos/GitHub/HackUPC/frontend/node_modules/caniuse-lite/data/regions/GA.js"],