{"ast":null,"code":"module.exports = {\n  C: {\n    \"4\": 0.00317,\n    \"48\": 0.00317,\n    \"52\": 0.02534,\n    \"56\": 0.00317,\n    \"59\": 0.00317,\n    \"67\": 0.00317,\n    \"68\": 0.00317,\n    \"78\": 0.02218,\n    \"81\": 0.00317,\n    \"83\": 0.00317,\n    \"88\": 0.0095,\n    \"91\": 0.00317,\n    \"95\": 0.00634,\n    \"99\": 0.00317,\n    \"100\": 0.0095,\n    \"101\": 0.00317,\n    \"102\": 0.0095,\n    \"103\": 0.00317,\n    \"105\": 0.00317,\n    \"106\": 0.00317,\n    \"107\": 0.00634,\n    \"108\": 0.00317,\n    \"109\": 0.04118,\n    \"110\": 0.00317,\n    \"111\": 0.00317,\n    \"112\": 0.00317,\n    \"113\": 0.0095,\n    \"114\": 0.00317,\n    \"115\": 0.28829,\n    \"116\": 0.00317,\n    \"117\": 0.00317,\n    \"118\": 0.01584,\n    \"119\": 0.00634,\n    \"120\": 0.01267,\n    \"121\": 0.01267,\n    \"122\": 0.01584,\n    \"123\": 0.04435,\n    \"124\": 1.05178,\n    \"125\": 0.60826,\n    \"126\": 0.00317,\n    _: \"2 3 5 6 7 8 9 10 11 12 13 14 15 16 17 18 19 20 21 22 23 24 25 26 27 28 29 30 31 32 33 34 35 36 37 38 39 40 41 42 43 44 45 46 47 49 50 51 53 54 55 57 58 60 61 62 63 64 65 66 69 70 71 72 73 74 75 76 77 79 80 82 84 85 86 87 89 90 92 93 94 96 97 98 104 127 128 3.5 3.6\"\n  },\n  D: {\n    \"38\": 0.00317,\n    \"46\": 0.00634,\n    \"49\": 0.02851,\n    \"63\": 0.00317,\n    \"65\": 0.00317,\n    \"66\": 0.01267,\n    \"67\": 0.00317,\n    \"68\": 0.00317,\n    \"70\": 0.00317,\n    \"73\": 0.00634,\n    \"75\": 0.01267,\n    \"76\": 0.00317,\n    \"77\": 0.00317,\n    \"78\": 0.00317,\n    \"79\": 0.03485,\n    \"80\": 0.00634,\n    \"81\": 0.00634,\n    \"83\": 0.00634,\n    \"84\": 0.0095,\n    \"85\": 0.00634,\n    \"86\": 0.00634,\n    \"87\": 0.04118,\n    \"88\": 0.0095,\n    \"89\": 0.00317,\n    \"90\": 0.00634,\n    \"91\": 0.0095,\n    \"92\": 0.00317,\n    \"93\": 0.02534,\n    \"94\": 0.01267,\n    \"95\": 0.00634,\n    \"96\": 0.00317,\n    \"97\": 0.00634,\n    \"98\": 0.00634,\n    \"99\": 0.01267,\n    \"100\": 0.0095,\n    \"101\": 0.00317,\n    \"102\": 0.0095,\n    \"103\": 0.0792,\n    \"104\": 0.0095,\n    \"105\": 0.01267,\n    \"106\": 0.01584,\n    \"107\": 0.04435,\n    \"108\": 0.0697,\n    \"109\": 1.08029,\n    \"110\": 0.01267,\n    \"111\": 0.01584,\n    \"112\": 0.03168,\n    \"113\": 0.01267,\n    \"114\": 0.03168,\n    \"115\": 0.12355,\n    \"116\": 0.13939,\n    \"117\": 0.02851,\n    \"118\": 0.02218,\n    \"119\": 0.06336,\n    \"120\": 0.13622,\n    \"121\": 0.19642,\n    \"122\": 0.99475,\n    \"123\": 12.01939,\n    \"124\": 5.38243,\n    \"125\": 0.01901,\n    _: \"4 5 6 7 8 9 10 11 12 13 14 15 16 17 18 19 20 21 22 23 24 25 26 27 28 29 30 31 32 33 34 35 36 37 39 40 41 42 43 44 45 47 48 50 51 52 53 54 55 56 57 58 59 60 61 62 64 69 71 72 74 126 127\"\n  },\n  F: {\n    \"46\": 0.00634,\n    \"69\": 0.00317,\n    \"95\": 0.02218,\n    \"102\": 0.00317,\n    \"106\": 0.00317,\n    \"107\": 0.792,\n    \"108\": 0.37699,\n    \"109\": 0.11722,\n    _: \"9 11 12 15 16 17 18 19 20 21 22 23 24 25 26 27 28 29 30 31 32 33 34 35 36 37 38 39 40 41 42 43 44 45 47 48 49 50 51 52 53 54 55 56 57 58 60 62 63 64 65 66 67 68 70 71 72 73 74 75 76 77 78 79 80 81 82 83 84 85 86 87 88 89 90 91 92 93 94 96 97 98 99 100 101 103 104 105 9.5-9.6 10.0-10.1 10.5 10.6 11.1 11.5 11.6 12.1\"\n  },\n  B: {\n    \"17\": 0.00317,\n    \"84\": 0.00634,\n    \"90\": 0.00317,\n    \"92\": 0.00317,\n    \"97\": 0.00317,\n    \"101\": 0.00317,\n    \"106\": 0.00317,\n    \"107\": 0.00317,\n    \"108\": 0.00317,\n    \"109\": 0.04435,\n    \"110\": 0.00634,\n    \"111\": 0.00317,\n    \"112\": 0.00317,\n    \"113\": 0.00317,\n    \"114\": 0.00634,\n    \"115\": 0.00317,\n    \"116\": 0.00634,\n    \"117\": 0.00317,\n    \"118\": 0.00317,\n    \"119\": 0.01267,\n    \"120\": 0.02218,\n    \"121\": 0.02218,\n    \"122\": 0.1679,\n    \"123\": 1.86912,\n    \"124\": 0.97574,\n    _: \"12 13 14 15 16 18 79 80 81 83 85 86 87 88 89 91 93 94 95 96 98 99 100 102 103 104 105\"\n  },\n  E: {\n    \"11\": 0.0095,\n    \"13\": 0.00634,\n    \"14\": 0.02851,\n    \"15\": 0.00634,\n    _: \"0 4 5 6 7 8 9 10 12 3.1 3.2 5.1 6.1 7.1 9.1 10.1\",\n    \"11.1\": 0.00317,\n    \"12.1\": 0.0095,\n    \"13.1\": 0.05386,\n    \"14.1\": 0.0697,\n    \"15.1\": 0.17107,\n    \"15.2-15.3\": 0.0095,\n    \"15.4\": 0.01901,\n    \"15.5\": 0.02534,\n    \"15.6\": 0.19958,\n    \"16.0\": 0.02534,\n    \"16.1\": 0.03485,\n    \"16.2\": 0.03802,\n    \"16.3\": 0.0792,\n    \"16.4\": 0.02534,\n    \"16.5\": 0.04752,\n    \"16.6\": 0.23126,\n    \"17.0\": 0.03485,\n    \"17.1\": 0.0697,\n    \"17.2\": 0.10771,\n    \"17.3\": 0.27878,\n    \"17.4\": 0.77616,\n    \"17.5\": 0.00317\n  },\n  G: {\n    \"8\": 0,\n    \"3.2\": 0,\n    \"4.0-4.1\": 0,\n    \"4.2-4.3\": 0.00239,\n    \"5.0-5.1\": 0.00239,\n    \"6.0-6.1\": 0.00597,\n    \"7.0-7.1\": 0.00955,\n    \"8.1-8.4\": 0.00239,\n    \"9.0-9.2\": 0.00597,\n    \"9.3\": 0.02986,\n    \"10.0-10.2\": 0.00597,\n    \"10.3\": 0.04777,\n    \"11.0-11.2\": 0.0406,\n    \"11.3-11.4\": 0.01194,\n    \"12.0-12.1\": 0.00836,\n    \"12.2-12.5\": 0.19466,\n    \"13.0-13.1\": 0.00358,\n    \"13.2\": 0.03941,\n    \"13.3\": 0.00955,\n    \"13.4-13.7\": 0.03702,\n    \"14.0-14.4\": 0.07285,\n    \"14.5-14.8\": 0.11106,\n    \"15.0-15.1\": 0.05135,\n    \"15.2-15.3\": 0.05852,\n    \"15.4\": 0.06688,\n    \"15.5\": 0.08479,\n    \"15.6-15.8\": 0.74042,\n    \"16.0\": 0.17316,\n    \"16.1\": 0.36066,\n    \"16.2\": 0.17316,\n    \"16.3\": 0.30572,\n    \"16.4\": 0.06329,\n    \"16.5\": 0.13256,\n    \"16.6-16.7\": 1.04734,\n    \"17.0\": 0.12539,\n    \"17.1\": 0.23168,\n    \"17.2\": 0.30811,\n    \"17.3\": 2.24755,\n    \"17.4\": 5.0731,\n    \"17.5\": 0.04658\n  },\n  P: {\n    \"4\": 0.04193,\n    \"20\": 0.03145,\n    \"21\": 0.0629,\n    \"22\": 0.0629,\n    \"23\": 0.30401,\n    \"24\": 2.40065,\n    _: \"5.0-5.4 6.2-6.4 7.2-7.4 8.2 9.2 10.1 12.0 15.0\",\n    \"11.1-11.2\": 0.01048,\n    \"13.0\": 0.01048,\n    \"14.0\": 0.01048,\n    \"16.0\": 0.01048,\n    \"17.0\": 0.01048,\n    \"18.0\": 0.01048,\n    \"19.0\": 0.03145\n  },\n  I: {\n    \"0\": 0.03402,\n    \"3\": 0,\n    \"4\": 0,\n    \"2.1\": 0,\n    \"2.2\": 0,\n    \"2.3\": 0,\n    \"4.1\": 0.00001,\n    \"4.2-4.3\": 0.00002,\n    \"4.4\": 0,\n    \"4.4.3-4.4.4\": 0.00009\n  },\n  A: {\n    \"8\": 0.0033,\n    \"11\": 0.0759,\n    _: \"6 7 9 10 5.5\"\n  },\n  K: {\n    \"0\": 0.32794,\n    _: \"10 11 12 11.1 11.5 12.1\"\n  },\n  J: {\n    _: \"7 10\"\n  },\n  N: {\n    _: \"10 11\"\n  },\n  S: {\n    _: \"2.5 3.0-3.1\"\n  },\n  Q: {\n    _: \"14.9\"\n  },\n  O: {\n    \"0\": 0.0205\n  },\n  H: {\n    \"0\": 0\n  },\n  L: {\n    \"0\": 53.49277\n  },\n  R: {\n    _: \"0\"\n  },\n  M: {\n    \"0\": 0.38942\n  }\n};","map":{"version":3,"names":["module","exports","C","_","D","F","B","E","G","P","I","A","K","J","N","S","Q","O","H","L","R","M"],"sources":["C:/Users/chest/OneDrive/Documentos/GitHub/HackUPC/frontend/node_modules/caniuse-lite/data/regions/ES.js"],