{"ast":null,"code":"module.exports = {\n  C: {\n    \"47\": 0.00307,\n    \"52\": 0.03376,\n    \"68\": 0.00307,\n    \"78\": 0.01228,\n    \"88\": 0.00921,\n    \"91\": 0.00307,\n    \"102\": 0.00921,\n    \"103\": 0.00307,\n    \"104\": 0.00921,\n    \"105\": 0.00307,\n    \"106\": 0.00307,\n    \"107\": 0.00307,\n    \"108\": 0.00307,\n    \"109\": 0.00307,\n    \"110\": 0.00307,\n    \"111\": 0.00307,\n    \"112\": 0.00307,\n    \"113\": 0.00614,\n    \"114\": 0.00307,\n    \"115\": 0.49718,\n    \"116\": 0.00307,\n    \"117\": 0.00307,\n    \"118\": 0.00307,\n    \"119\": 0.00614,\n    \"120\": 0.00614,\n    \"121\": 0.01535,\n    \"122\": 0.01841,\n    \"123\": 0.07366,\n    \"124\": 1.94882,\n    \"125\": 1.07722,\n    \"126\": 0.00614,\n    _: \"2 3 4 5 6 7 8 9 10 11 12 13 14 15 16 17 18 19 20 21 22 23 24 25 26 27 28 29 30 31 32 33 34 35 36 37 38 39 40 41 42 43 44 45 46 48 49 50 51 53 54 55 56 57 58 59 60 61 62 63 64 65 66 67 69 70 71 72 73 74 75 76 77 79 80 81 82 83 84 85 86 87 89 90 92 93 94 95 96 97 98 99 100 101 127 128 3.5 3.6\"\n  },\n  D: {\n    \"41\": 0.00307,\n    \"49\": 0.00614,\n    \"74\": 0.00307,\n    \"76\": 0.00614,\n    \"79\": 0.356,\n    \"80\": 0.00307,\n    \"81\": 0.00307,\n    \"87\": 0.01535,\n    \"88\": 0.00614,\n    \"89\": 0.02148,\n    \"90\": 0.00614,\n    \"91\": 0.00307,\n    \"92\": 0.00307,\n    \"93\": 0.00307,\n    \"94\": 0.00614,\n    \"95\": 0.00614,\n    \"97\": 0.00307,\n    \"98\": 0.00614,\n    \"99\": 0.08286,\n    \"100\": 0.00307,\n    \"102\": 0.03683,\n    \"103\": 0.01228,\n    \"104\": 1.63578,\n    \"105\": 0.00614,\n    \"106\": 0.00921,\n    \"107\": 0.01228,\n    \"108\": 0.01841,\n    \"109\": 0.7427,\n    \"110\": 0.00921,\n    \"111\": 0.0399,\n    \"112\": 0.01228,\n    \"113\": 0.00614,\n    \"114\": 0.01228,\n    \"115\": 0.00921,\n    \"116\": 0.03069,\n    \"117\": 0.01228,\n    \"118\": 0.02148,\n    \"119\": 0.03069,\n    \"120\": 0.07366,\n    \"121\": 0.10435,\n    \"122\": 0.50025,\n    \"123\": 8.81417,\n    \"124\": 3.42194,\n    \"125\": 0.00921,\n    _: \"4 5 6 7 8 9 10 11 12 13 14 15 16 17 18 19 20 21 22 23 24 25 26 27 28 29 30 31 32 33 34 35 36 37 38 39 40 42 43 44 45 46 47 48 50 51 52 53 54 55 56 57 58 59 60 61 62 63 64 65 66 67 68 69 70 71 72 73 75 77 78 83 84 85 86 96 101 126 127\"\n  },\n  F: {\n    \"36\": 0.00307,\n    \"72\": 0.00307,\n    \"79\": 0.00307,\n    \"85\": 0.00307,\n    \"87\": 0.00307,\n    \"94\": 0.00307,\n    \"95\": 0.11969,\n    \"97\": 0.00307,\n    \"99\": 0.00307,\n    \"102\": 0.00614,\n    \"105\": 0.00307,\n    \"106\": 0.00921,\n    \"107\": 3.81784,\n    \"108\": 1.16929,\n    \"109\": 0.49411,\n    _: \"9 11 12 15 16 17 18 19 20 21 22 23 24 25 26 27 28 29 30 31 32 33 34 35 37 38 39 40 41 42 43 44 45 46 47 48 49 50 51 52 53 54 55 56 57 58 60 62 63 64 65 66 67 68 69 70 71 73 74 75 76 77 78 80 81 82 83 84 86 88 89 90 91 92 93 96 98 100 101 103 104 9.5-9.6 10.0-10.1 10.5 10.6 11.1 11.5 11.6 12.1\"\n  },\n  B: {\n    \"16\": 0.00307,\n    \"92\": 0.00307,\n    \"104\": 0.00307,\n    \"107\": 0.00307,\n    \"108\": 0.00307,\n    \"109\": 0.06138,\n    \"110\": 0.00921,\n    \"113\": 0.00307,\n    \"114\": 0.00307,\n    \"115\": 0.00307,\n    \"116\": 0.00307,\n    \"117\": 0.00307,\n    \"118\": 0.00307,\n    \"119\": 0.00307,\n    \"120\": 0.01228,\n    \"121\": 0.01841,\n    \"122\": 0.09514,\n    \"123\": 1.52222,\n    \"124\": 0.73042,\n    _: \"12 13 14 15 17 18 79 80 81 83 84 85 86 87 88 89 90 91 93 94 95 96 97 98 99 100 101 102 103 105 106 111 112\"\n  },\n  E: {\n    \"13\": 0.00307,\n    \"14\": 0.00307,\n    \"15\": 0.00307,\n    _: \"0 4 5 6 7 8 9 10 11 12 3.1 3.2 5.1 6.1 7.1 9.1 10.1 11.1\",\n    \"12.1\": 0.00307,\n    \"13.1\": 0.00614,\n    \"14.1\": 0.02148,\n    \"15.1\": 0.00307,\n    \"15.2-15.3\": 0.00307,\n    \"15.4\": 0.00307,\n    \"15.5\": 0.00614,\n    \"15.6\": 0.03376,\n    \"16.0\": 0.01228,\n    \"16.1\": 0.01228,\n    \"16.2\": 0.00921,\n    \"16.3\": 0.01841,\n    \"16.4\": 0.00614,\n    \"16.5\": 0.01228,\n    \"16.6\": 0.06138,\n    \"17.0\": 0.01535,\n    \"17.1\": 0.02455,\n    \"17.2\": 0.05217,\n    \"17.3\": 0.08286,\n    \"17.4\": 0.25166,\n    \"17.5\": 0.00307\n  },\n  G: {\n    \"8\": 0,\n    \"3.2\": 0,\n    \"4.0-4.1\": 0,\n    \"4.2-4.3\": 0.00149,\n    \"5.0-5.1\": 0.00149,\n    \"6.0-6.1\": 0.00373,\n    \"7.0-7.1\": 0.00597,\n    \"8.1-8.4\": 0.00149,\n    \"9.0-9.2\": 0.00373,\n    \"9.3\": 0.01865,\n    \"10.0-10.2\": 0.00373,\n    \"10.3\": 0.02984,\n    \"11.0-11.2\": 0.02536,\n    \"11.3-11.4\": 0.00746,\n    \"12.0-12.1\": 0.00522,\n    \"12.2-12.5\": 0.12158,\n    \"13.0-13.1\": 0.00224,\n    \"13.2\": 0.02461,\n    \"13.3\": 0.00597,\n    \"13.4-13.7\": 0.02312,\n    \"14.0-14.4\": 0.0455,\n    \"14.5-14.8\": 0.06937,\n    \"15.0-15.1\": 0.03207,\n    \"15.2-15.3\": 0.03655,\n    \"15.4\": 0.04177,\n    \"15.5\": 0.05296,\n    \"15.6-15.8\": 0.46245,\n    \"16.0\": 0.10815,\n    \"16.1\": 0.22526,\n    \"16.2\": 0.10815,\n    \"16.3\": 0.19095,\n    \"16.4\": 0.03953,\n    \"16.5\": 0.08279,\n    \"16.6-16.7\": 0.65414,\n    \"17.0\": 0.07832,\n    \"17.1\": 0.1447,\n    \"17.2\": 0.19244,\n    \"17.3\": 1.40375,\n    \"17.4\": 3.16851,\n    \"17.5\": 0.02909\n  },\n  P: {\n    \"20\": 0.0306,\n    \"21\": 0.0408,\n    \"22\": 0.0714,\n    \"23\": 0.28559,\n    \"24\": 2.31531,\n    _: \"4 5.0-5.4 6.2-6.4 7.2-7.4 8.2 9.2 10.1 12.0\",\n    \"11.1-11.2\": 0.0102,\n    \"13.0\": 0.0102,\n    \"14.0\": 0.0204,\n    \"15.0\": 0.0102,\n    \"16.0\": 0.0204,\n    \"17.0\": 0.0102,\n    \"18.0\": 0.0204,\n    \"19.0\": 0.0306\n  },\n  I: {\n    \"0\": 0.02071,\n    \"3\": 0,\n    \"4\": 0,\n    \"2.1\": 0,\n    \"2.2\": 0,\n    \"2.3\": 0,\n    \"4.1\": 0,\n    \"4.2-4.3\": 0.00001,\n    \"4.4\": 0,\n    \"4.4.3-4.4.4\": 0.00005\n  },\n  A: {\n    \"8\": 0.00691,\n    \"11\": 0.02072,\n    _: \"6 7 9 10 5.5\"\n  },\n  K: {\n    \"0\": 2.71041,\n    _: \"10 11 12 11.1 11.5 12.1\"\n  },\n  J: {\n    _: \"7 10\"\n  },\n  N: {\n    _: \"10 11\"\n  },\n  S: {\n    _: \"2.5 3.0-3.1\"\n  },\n  Q: {\n    _: \"14.9\"\n  },\n  O: {\n    \"0\": 0.0208\n  },\n  H: {\n    \"0\": 0\n  },\n  L: {\n    \"0\": 56.86349\n  },\n  R: {\n    _: \"0\"\n  },\n  M: {\n    \"0\": 0.55456\n  }\n};","map":{"version":3,"names":["module","exports","C","_","D","F","B","E","G","P","I","A","K","J","N","S","Q","O","H","L","R","M"],"sources":["C:/Users/chest/OneDrive/Documentos/GitHub/HackUPC/frontend/node_modules/caniuse-lite/data/regions/PL.js"],