{"ast":null,"code":"module.exports = {\n  C: {\n    \"72\": 0.00302,\n    \"78\": 0.00302,\n    \"84\": 0.00302,\n    \"98\": 0.00302,\n    \"103\": 0.00302,\n    \"109\": 0.00905,\n    \"110\": 0.00604,\n    \"111\": 0.00302,\n    \"112\": 0.00302,\n    \"113\": 0.01509,\n    \"115\": 0.03018,\n    \"117\": 0.01509,\n    \"118\": 0.00604,\n    \"119\": 0.01811,\n    \"120\": 0.00302,\n    \"121\": 0.01207,\n    \"122\": 0.01811,\n    \"123\": 0.06338,\n    \"124\": 0.58247,\n    \"125\": 0.21126,\n    \"126\": 0.00302,\n    _: \"2 3 4 5 6 7 8 9 10 11 12 13 14 15 16 17 18 19 20 21 22 23 24 25 26 27 28 29 30 31 32 33 34 35 36 37 38 39 40 41 42 43 44 45 46 47 48 49 50 51 52 53 54 55 56 57 58 59 60 61 62 63 64 65 66 67 68 69 70 71 73 74 75 76 77 79 80 81 82 83 85 86 87 88 89 90 91 92 93 94 95 96 97 99 100 101 102 104 105 106 107 108 114 116 127 128 3.5 3.6\"\n  },\n  D: {\n    \"26\": 0.00302,\n    \"38\": 0.00604,\n    \"43\": 0.01207,\n    \"49\": 0.01811,\n    \"55\": 0.00302,\n    \"62\": 0.00302,\n    \"63\": 0.00302,\n    \"64\": 0.00302,\n    \"65\": 0.00604,\n    \"67\": 0.00302,\n    \"68\": 0.00905,\n    \"69\": 0.01509,\n    \"70\": 0.0332,\n    \"71\": 0.00302,\n    \"74\": 0.00905,\n    \"76\": 0.00302,\n    \"77\": 0.00302,\n    \"78\": 0.00302,\n    \"79\": 0.00604,\n    \"80\": 0.00604,\n    \"81\": 0.02414,\n    \"83\": 0.00905,\n    \"84\": 0.00604,\n    \"86\": 0.00302,\n    \"87\": 0.02113,\n    \"88\": 0.14185,\n    \"89\": 0.00302,\n    \"90\": 0.01811,\n    \"91\": 0.00604,\n    \"92\": 0.00302,\n    \"93\": 0.01207,\n    \"94\": 0.00604,\n    \"95\": 0.00302,\n    \"98\": 0.00302,\n    \"99\": 0.12676,\n    \"102\": 0.01509,\n    \"103\": 0.03622,\n    \"104\": 0.00302,\n    \"105\": 0.04225,\n    \"106\": 0.01207,\n    \"107\": 0.02414,\n    \"108\": 0.00905,\n    \"109\": 0.74846,\n    \"110\": 0.00905,\n    \"111\": 0.03622,\n    \"112\": 0.01207,\n    \"113\": 0.04829,\n    \"114\": 0.01509,\n    \"115\": 0.00905,\n    \"116\": 0.05734,\n    \"117\": 0.03923,\n    \"118\": 0.01207,\n    \"119\": 0.29878,\n    \"120\": 0.16599,\n    \"121\": 0.09658,\n    \"122\": 0.33198,\n    \"123\": 5.5169,\n    \"124\": 1.84702,\n    \"125\": 0.00604,\n    _: \"4 5 6 7 8 9 10 11 12 13 14 15 16 17 18 19 20 21 22 23 24 25 27 28 29 30 31 32 33 34 35 36 37 39 40 41 42 44 45 46 47 48 50 51 52 53 54 56 57 58 59 60 61 66 72 73 75 85 96 97 100 101 126 127\"\n  },\n  F: {\n    \"78\": 0.00302,\n    \"80\": 0.00302,\n    \"81\": 0.02414,\n    \"83\": 0.00604,\n    \"86\": 0.00302,\n    \"92\": 0.00604,\n    \"95\": 0.00302,\n    \"106\": 0.00604,\n    \"107\": 0.12676,\n    \"108\": 0.25653,\n    \"109\": 0.17806,\n    _: \"9 11 12 15 16 17 18 19 20 21 22 23 24 25 26 27 28 29 30 31 32 33 34 35 36 37 38 39 40 41 42 43 44 45 46 47 48 49 50 51 52 53 54 55 56 57 58 60 62 63 64 65 66 67 68 69 70 71 72 73 74 75 76 77 79 82 84 85 87 88 89 90 91 93 94 96 97 98 99 100 101 102 103 104 105 9.5-9.6 10.0-10.1 10.5 10.6 11.1 11.5 11.6 12.1\"\n  },\n  B: {\n    \"12\": 0.02414,\n    \"13\": 0.01207,\n    \"14\": 0.00302,\n    \"15\": 0.00302,\n    \"16\": 0.02414,\n    \"17\": 0.00302,\n    \"18\": 0.05131,\n    \"80\": 0.00302,\n    \"81\": 0.00302,\n    \"83\": 0.00302,\n    \"84\": 0.02716,\n    \"85\": 0.00302,\n    \"88\": 0.00302,\n    \"89\": 0.0332,\n    \"90\": 0.03923,\n    \"92\": 0.07243,\n    \"98\": 0.00302,\n    \"100\": 0.05432,\n    \"104\": 0.00302,\n    \"106\": 0.00604,\n    \"107\": 0.00905,\n    \"109\": 0.02716,\n    \"110\": 0.00604,\n    \"111\": 0.00604,\n    \"112\": 0.01207,\n    \"113\": 0.01207,\n    \"114\": 0.02113,\n    \"115\": 0.05432,\n    \"116\": 0.02414,\n    \"117\": 0.02716,\n    \"118\": 0.02716,\n    \"119\": 0.04829,\n    \"120\": 0.1177,\n    \"121\": 0.05432,\n    \"122\": 0.42856,\n    \"123\": 2.31481,\n    \"124\": 0.94162,\n    _: \"79 86 87 91 93 94 95 96 97 99 101 102 103 105 108\"\n  },\n  E: {\n    \"13\": 0.00302,\n    \"15\": 0.00604,\n    _: \"0 4 5 6 7 8 9 10 11 12 14 3.1 3.2 5.1 6.1 7.1 9.1 10.1 11.1 12.1 15.1 16.2 16.4 17.5\",\n    \"13.1\": 0.00604,\n    \"14.1\": 0.00604,\n    \"15.2-15.3\": 0.00302,\n    \"15.4\": 0.00604,\n    \"15.5\": 0.00302,\n    \"15.6\": 0.01811,\n    \"16.0\": 0.00302,\n    \"16.1\": 0.00302,\n    \"16.3\": 0.00604,\n    \"16.5\": 0.00604,\n    \"16.6\": 0.0332,\n    \"17.0\": 0.00302,\n    \"17.1\": 0.00302,\n    \"17.2\": 0.03622,\n    \"17.3\": 0.01207,\n    \"17.4\": 0.16599\n  },\n  G: {\n    \"8\": 0,\n    \"3.2\": 0,\n    \"4.0-4.1\": 0,\n    \"4.2-4.3\": 0.00038,\n    \"5.0-5.1\": 0.00038,\n    \"6.0-6.1\": 0.00095,\n    \"7.0-7.1\": 0.00151,\n    \"8.1-8.4\": 0.00038,\n    \"9.0-9.2\": 0.00095,\n    \"9.3\": 0.00473,\n    \"10.0-10.2\": 0.00095,\n    \"10.3\": 0.00757,\n    \"11.0-11.2\": 0.00643,\n    \"11.3-11.4\": 0.00189,\n    \"12.0-12.1\": 0.00132,\n    \"12.2-12.5\": 0.03084,\n    \"13.0-13.1\": 0.00057,\n    \"13.2\": 0.00624,\n    \"13.3\": 0.00151,\n    \"13.4-13.7\": 0.00587,\n    \"14.0-14.4\": 0.01154,\n    \"14.5-14.8\": 0.0176,\n    \"15.0-15.1\": 0.00814,\n    \"15.2-15.3\": 0.00927,\n    \"15.4\": 0.0106,\n    \"15.5\": 0.01343,\n    \"15.6-15.8\": 0.11731,\n    \"16.0\": 0.02744,\n    \"16.1\": 0.05714,\n    \"16.2\": 0.02744,\n    \"16.3\": 0.04844,\n    \"16.4\": 0.01003,\n    \"16.5\": 0.021,\n    \"16.6-16.7\": 0.16594,\n    \"17.0\": 0.01987,\n    \"17.1\": 0.03671,\n    \"17.2\": 0.04882,\n    \"17.3\": 0.3561,\n    \"17.4\": 0.80377,\n    \"17.5\": 0.00738\n  },\n  P: {\n    \"4\": 0.0307,\n    \"20\": 0.05117,\n    \"21\": 0.3275,\n    \"22\": 0.3275,\n    \"23\": 0.80852,\n    \"24\": 1.69891,\n    _: \"5.0-5.4 8.2 10.1\",\n    \"6.2-6.4\": 0.01023,\n    \"7.2-7.4\": 0.17398,\n    \"9.2\": 0.01023,\n    \"11.1-11.2\": 0.02047,\n    \"12.0\": 0.01023,\n    \"13.0\": 0.08187,\n    \"14.0\": 0.04094,\n    \"15.0\": 0.02047,\n    \"16.0\": 0.08187,\n    \"17.0\": 0.02047,\n    \"18.0\": 0.04094,\n    \"19.0\": 0.22516\n  },\n  I: {\n    \"0\": 0.20165,\n    \"3\": 0,\n    \"4\": 0.00002,\n    \"2.1\": 0,\n    \"2.2\": 0,\n    \"2.3\": 0,\n    \"4.1\": 0.00004,\n    \"4.2-4.3\": 0.00012,\n    \"4.4\": 0,\n    \"4.4.3-4.4.4\": 0.00051\n  },\n  A: {\n    \"10\": 0.00951,\n    \"11\": 0.05387,\n    _: \"6 7 8 9 5.5\"\n  },\n  K: {\n    \"0\": 1.46397,\n    _: \"10 11 12 11.1 11.5 12.1\"\n  },\n  J: {\n    _: \"7 10\"\n  },\n  N: {\n    _: \"10 11\"\n  },\n  S: {\n    \"2.5\": 0.01396,\n    _: \"3.0-3.1\"\n  },\n  Q: {\n    \"14.9\": 0.02095\n  },\n  O: {\n    \"0\": 0.80991\n  },\n  H: {\n    \"0\": 0.1\n  },\n  L: {\n    \"0\": 74.25179\n  },\n  R: {\n    _: \"0\"\n  },\n  M: {\n    \"0\": 0.09077\n  }\n};","map":{"version":3,"names":["module","exports","C","_","D","F","B","E","G","P","I","A","K","J","N","S","Q","O","H","L","R","M"],"sources":["C:/Users/chest/OneDrive/Documentos/GitHub/HackUPC/frontend/node_modules/caniuse-lite/data/regions/PG.js"],