{"ast":null,"code":"module.exports = {\n  C: {\n    \"48\": 0.00451,\n    \"67\": 0.02706,\n    \"68\": 0.03608,\n    \"72\": 0.02706,\n    \"75\": 0.16687,\n    \"78\": 0.13079,\n    \"82\": 0.01804,\n    \"91\": 0.0902,\n    \"94\": 0.00902,\n    \"99\": 0.00902,\n    \"102\": 0.01804,\n    \"103\": 0.01353,\n    \"104\": 0.02706,\n    \"105\": 0.01353,\n    \"106\": 0.00451,\n    \"115\": 0.5863,\n    \"117\": 0.00451,\n    \"119\": 0.00451,\n    \"120\": 0.03157,\n    \"121\": 0.02255,\n    \"122\": 0.01804,\n    \"123\": 0.0902,\n    \"124\": 2.71502,\n    \"125\": 1.47477,\n    _: \"2 3 4 5 6 7 8 9 10 11 12 13 14 15 16 17 18 19 20 21 22 23 24 25 26 27 28 29 30 31 32 33 34 35 36 37 38 39 40 41 42 43 44 45 46 47 49 50 51 52 53 54 55 56 57 58 59 60 61 62 63 64 65 66 69 70 71 73 74 76 77 79 80 81 83 84 85 86 87 88 89 90 92 93 95 96 97 98 100 101 107 108 109 110 111 112 113 114 116 118 126 127 128 3.5 3.6\"\n  },\n  D: {\n    \"26\": 0.00451,\n    \"41\": 0.01804,\n    \"49\": 0.00451,\n    \"57\": 0.00451,\n    \"65\": 0.00451,\n    \"67\": 0.00902,\n    \"70\": 0.00902,\n    \"71\": 0.03157,\n    \"74\": 0.00451,\n    \"76\": 0.03608,\n    \"78\": 0.00451,\n    \"79\": 0.1804,\n    \"80\": 0.00902,\n    \"81\": 0.17589,\n    \"83\": 0.00451,\n    \"84\": 0.01353,\n    \"85\": 0.41943,\n    \"86\": 0.01353,\n    \"87\": 0.46002,\n    \"88\": 0.00451,\n    \"91\": 0.02255,\n    \"92\": 0.00902,\n    \"94\": 0.00902,\n    \"95\": 0.20295,\n    \"96\": 0.02255,\n    \"98\": 0.0451,\n    \"99\": 0.00451,\n    \"103\": 0.10824,\n    \"105\": 0.02255,\n    \"106\": 0.02706,\n    \"107\": 0.00902,\n    \"108\": 0.20295,\n    \"109\": 0.70356,\n    \"110\": 0.00902,\n    \"111\": 0.11275,\n    \"112\": 0.03608,\n    \"113\": 0.00451,\n    \"114\": 0.01804,\n    \"115\": 0.01353,\n    \"116\": 0.22099,\n    \"117\": 0.01804,\n    \"118\": 0.00451,\n    \"119\": 0.06314,\n    \"120\": 0.13079,\n    \"121\": 0.28413,\n    \"122\": 0.71258,\n    \"123\": 8.88921,\n    \"124\": 3.68016,\n    \"125\": 0.00451,\n    _: \"4 5 6 7 8 9 10 11 12 13 14 15 16 17 18 19 20 21 22 23 24 25 27 28 29 30 31 32 33 34 35 36 37 38 39 40 42 43 44 45 46 47 48 50 51 52 53 54 55 56 58 59 60 61 62 63 64 66 68 69 72 73 75 77 89 90 93 97 100 101 102 104 126 127\"\n  },\n  F: {\n    \"28\": 0.00902,\n    \"65\": 0.02706,\n    \"91\": 0.00902,\n    \"94\": 0.05863,\n    \"106\": 0.00451,\n    \"107\": 0.37433,\n    \"108\": 3.83801,\n    \"109\": 0.0451,\n    _: \"9 11 12 15 16 17 18 19 20 21 22 23 24 25 26 27 29 30 31 32 33 34 35 36 37 38 39 40 41 42 43 44 45 46 47 48 49 50 51 52 53 54 55 56 57 58 60 62 63 64 66 67 68 69 70 71 72 73 74 75 76 77 78 79 80 81 82 83 84 85 86 87 88 89 90 92 93 95 96 97 98 99 100 101 102 103 104 105 9.5-9.6 10.0-10.1 10.5 10.6 11.1 11.5 11.6 12.1\"\n  },\n  B: {\n    \"18\": 0.04059,\n    \"86\": 0.00902,\n    \"90\": 0.00451,\n    \"92\": 0.02706,\n    \"100\": 0.00902,\n    \"101\": 0.00451,\n    \"104\": 0.00451,\n    \"105\": 0.00451,\n    \"106\": 0.03157,\n    \"109\": 0.01804,\n    \"110\": 0.00902,\n    \"112\": 0.00902,\n    \"116\": 0.00451,\n    \"120\": 0.00451,\n    \"121\": 0.0451,\n    \"122\": 0.15334,\n    \"123\": 2.87738,\n    \"124\": 1.52889,\n    _: \"12 13 14 15 16 17 79 80 81 83 84 85 87 88 89 91 93 94 95 96 97 98 99 102 103 107 108 111 113 114 115 117 118 119\"\n  },\n  E: {\n    \"13\": 0.00902,\n    \"14\": 0.06765,\n    \"15\": 0.01804,\n    _: \"0 4 5 6 7 8 9 10 11 12 3.1 3.2 6.1 7.1 9.1 10.1 11.1\",\n    \"5.1\": 0.00451,\n    \"12.1\": 0.00451,\n    \"13.1\": 0.11275,\n    \"14.1\": 0.16687,\n    \"15.1\": 0.02706,\n    \"15.2-15.3\": 0.05412,\n    \"15.4\": 0.04961,\n    \"15.5\": 0.31119,\n    \"15.6\": 0.41943,\n    \"16.0\": 0.07667,\n    \"16.1\": 0.2706,\n    \"16.2\": 0.09471,\n    \"16.3\": 0.26609,\n    \"16.4\": 0.23452,\n    \"16.5\": 0.19844,\n    \"16.6\": 1.27633,\n    \"17.0\": 0.14432,\n    \"17.1\": 0.26158,\n    \"17.2\": 0.61336,\n    \"17.3\": 1.01024,\n    \"17.4\": 4.06802,\n    \"17.5\": 0.01353\n  },\n  G: {\n    \"8\": 0,\n    \"3.2\": 0,\n    \"4.0-4.1\": 0,\n    \"4.2-4.3\": 0.00434,\n    \"5.0-5.1\": 0.00434,\n    \"6.0-6.1\": 0.01084,\n    \"7.0-7.1\": 0.01735,\n    \"8.1-8.4\": 0.00434,\n    \"9.0-9.2\": 0.01084,\n    \"9.3\": 0.05421,\n    \"10.0-10.2\": 0.01084,\n    \"10.3\": 0.08674,\n    \"11.0-11.2\": 0.07373,\n    \"11.3-11.4\": 0.02169,\n    \"12.0-12.1\": 0.01518,\n    \"12.2-12.5\": 0.35347,\n    \"13.0-13.1\": 0.00651,\n    \"13.2\": 0.07156,\n    \"13.3\": 0.01735,\n    \"13.4-13.7\": 0.06723,\n    \"14.0-14.4\": 0.13228,\n    \"14.5-14.8\": 0.20168,\n    \"15.0-15.1\": 0.09325,\n    \"15.2-15.3\": 0.10626,\n    \"15.4\": 0.12144,\n    \"15.5\": 0.15397,\n    \"15.6-15.8\": 1.3445,\n    \"16.0\": 0.31444,\n    \"16.1\": 0.6549,\n    \"16.2\": 0.31444,\n    \"16.3\": 0.55515,\n    \"16.4\": 0.11493,\n    \"16.5\": 0.24071,\n    \"16.6-16.7\": 1.90182,\n    \"17.0\": 0.2277,\n    \"17.1\": 0.4207,\n    \"17.2\": 0.55949,\n    \"17.3\": 4.08121,\n    \"17.4\": 9.212,\n    \"17.5\": 0.08457\n  },\n  P: {\n    \"4\": 0.05361,\n    \"20\": 0.01072,\n    \"21\": 0.07506,\n    \"22\": 0.05361,\n    \"23\": 0.72915,\n    \"24\": 3.42059,\n    \"5.0-5.4\": 0.02145,\n    \"6.2-6.4\": 0.01072,\n    \"7.2-7.4\": 0.03217,\n    _: \"8.2 9.2 10.1 11.1-11.2 12.0 13.0 14.0 15.0 16.0 18.0\",\n    \"17.0\": 0.01072,\n    \"19.0\": 0.04289\n  },\n  I: {\n    \"0\": 0.04374,\n    \"3\": 0,\n    \"4\": 0,\n    \"2.1\": 0,\n    \"2.2\": 0,\n    \"2.3\": 0,\n    \"4.1\": 0.00001,\n    \"4.2-4.3\": 0.00003,\n    \"4.4\": 0,\n    \"4.4.3-4.4.4\": 0.00011\n  },\n  A: {\n    \"8\": 0.00902,\n    \"11\": 0.00451,\n    _: \"6 7 9 10 5.5\"\n  },\n  K: {\n    \"0\": 0.18764,\n    _: \"10 11 12 11.1 11.5 12.1\"\n  },\n  J: {\n    _: \"7 10\"\n  },\n  N: {\n    _: \"10 11\"\n  },\n  S: {\n    \"2.5\": 0.02196,\n    _: \"3.0-3.1\"\n  },\n  Q: {\n    _: \"14.9\"\n  },\n  O: {\n    \"0\": 0.02745\n  },\n  H: {\n    \"0\": 0.01\n  },\n  L: {\n    \"0\": 30.73836\n  },\n  R: {\n    _: \"0\"\n  },\n  M: {\n    \"0\": 0.46116\n  }\n};","map":{"version":3,"names":["module","exports","C","_","D","F","B","E","G","P","I","A","K","J","N","S","Q","O","H","L","R","M"],"sources":["C:/Users/chest/OneDrive/Documentos/GitHub/HackUPC/frontend/node_modules/caniuse-lite/data/regions/PF.js"],