{"ast":null,"code":"module.exports = {\n  C: {\n    \"43\": 0.00363,\n    \"48\": 0.00363,\n    \"52\": 0.0907,\n    \"56\": 0.00726,\n    \"63\": 0.00726,\n    \"64\": 0.00363,\n    \"68\": 0.00363,\n    \"78\": 0.00363,\n    \"88\": 0.01451,\n    \"95\": 0.00363,\n    \"99\": 0.00363,\n    \"102\": 0.00363,\n    \"103\": 0.01451,\n    \"108\": 0.01814,\n    \"109\": 0.00363,\n    \"110\": 0.00363,\n    \"111\": 0.00363,\n    \"114\": 0.00363,\n    \"115\": 0.7909,\n    \"118\": 0.00363,\n    \"119\": 0.0254,\n    \"120\": 0.00363,\n    \"121\": 0.00726,\n    \"122\": 0.0254,\n    \"123\": 0.05805,\n    \"124\": 1.09203,\n    \"125\": 0.6095,\n    \"126\": 0.00363,\n    _: \"2 3 4 5 6 7 8 9 10 11 12 13 14 15 16 17 18 19 20 21 22 23 24 25 26 27 28 29 30 31 32 33 34 35 36 37 38 39 40 41 42 44 45 46 47 49 50 51 53 54 55 57 58 59 60 61 62 65 66 67 69 70 71 72 73 74 75 76 77 79 80 81 82 83 84 85 86 87 89 90 91 92 93 94 96 97 98 100 101 104 105 106 107 112 113 116 117 127 128 3.5 3.6\"\n  },\n  D: {\n    \"38\": 0.00726,\n    \"39\": 0.00363,\n    \"43\": 0.00363,\n    \"44\": 0.00363,\n    \"45\": 0.00363,\n    \"46\": 0.00363,\n    \"47\": 0.00363,\n    \"49\": 0.03265,\n    \"50\": 0.00363,\n    \"51\": 0.00363,\n    \"53\": 0.00726,\n    \"55\": 0.00726,\n    \"63\": 0.00363,\n    \"64\": 0.00726,\n    \"65\": 0.00726,\n    \"68\": 0.00726,\n    \"69\": 0.00363,\n    \"70\": 0.00363,\n    \"71\": 0.00363,\n    \"72\": 0.03265,\n    \"73\": 0.00363,\n    \"76\": 0.01088,\n    \"77\": 0.00363,\n    \"78\": 0.01451,\n    \"79\": 0.49341,\n    \"80\": 0.00363,\n    \"81\": 0.02177,\n    \"83\": 0.01088,\n    \"84\": 0.01814,\n    \"85\": 0.01451,\n    \"86\": 0.00726,\n    \"87\": 0.26847,\n    \"88\": 0.01814,\n    \"89\": 0.00363,\n    \"90\": 0.00726,\n    \"91\": 0.00726,\n    \"92\": 0.00363,\n    \"93\": 0.02177,\n    \"94\": 0.0907,\n    \"95\": 0.01814,\n    \"96\": 0.01088,\n    \"97\": 0.01088,\n    \"98\": 0.00726,\n    \"99\": 0.0254,\n    \"100\": 0.04354,\n    \"101\": 0.00363,\n    \"102\": 0.00363,\n    \"103\": 0.02902,\n    \"104\": 0.02902,\n    \"105\": 0.01088,\n    \"106\": 0.01814,\n    \"107\": 0.03991,\n    \"108\": 0.03265,\n    \"109\": 3.71144,\n    \"110\": 0.00363,\n    \"111\": 0.02902,\n    \"112\": 0.01088,\n    \"113\": 0.00363,\n    \"114\": 0.01451,\n    \"115\": 0.01451,\n    \"116\": 0.12335,\n    \"117\": 0.01451,\n    \"118\": 0.01088,\n    \"119\": 0.07256,\n    \"120\": 0.10158,\n    \"121\": 0.17777,\n    \"122\": 0.76551,\n    \"123\": 14.05124,\n    \"124\": 6.00434,\n    \"125\": 0.01451,\n    _: \"4 5 6 7 8 9 10 11 12 13 14 15 16 17 18 19 20 21 22 23 24 25 26 27 28 29 30 31 32 33 34 35 36 37 40 41 42 48 52 54 56 57 58 59 60 61 62 66 67 74 75 126 127\"\n  },\n  F: {\n    \"28\": 0.01451,\n    \"36\": 0.00363,\n    \"46\": 0.0254,\n    \"79\": 0.00363,\n    \"95\": 0.10884,\n    \"106\": 0.00726,\n    \"107\": 0.69658,\n    \"108\": 0.48978,\n    \"109\": 0.19954,\n    _: \"9 11 12 15 16 17 18 19 20 21 22 23 24 25 26 27 29 30 31 32 33 34 35 37 38 39 40 41 42 43 44 45 47 48 49 50 51 52 53 54 55 56 57 58 60 62 63 64 65 66 67 68 69 70 71 72 73 74 75 76 77 78 80 81 82 83 84 85 86 87 88 89 90 91 92 93 94 96 97 98 99 100 101 102 103 104 105 9.5-9.6 10.0-10.1 10.5 10.6 11.1 11.5 11.6 12.1\"\n  },\n  B: {\n    \"12\": 0.00363,\n    \"18\": 0.00363,\n    \"85\": 0.01451,\n    \"89\": 0.00363,\n    \"92\": 0.01088,\n    \"107\": 0.00363,\n    \"108\": 0.01451,\n    \"109\": 0.07256,\n    \"113\": 0.00363,\n    \"114\": 0.00363,\n    \"118\": 0.00363,\n    \"119\": 0.02177,\n    \"120\": 0.03628,\n    \"121\": 0.01814,\n    \"122\": 0.12335,\n    \"123\": 1.66525,\n    \"124\": 0.8163,\n    _: \"13 14 15 16 17 79 80 81 83 84 86 87 88 90 91 93 94 95 96 97 98 99 100 101 102 103 104 105 106 110 111 112 115 116 117\"\n  },\n  E: {\n    \"9\": 0.00726,\n    \"14\": 0.01451,\n    _: \"0 4 5 6 7 8 10 11 12 13 15 3.1 3.2 5.1 6.1 7.1 9.1 10.1 11.1\",\n    \"12.1\": 0.00363,\n    \"13.1\": 0.01814,\n    \"14.1\": 0.02177,\n    \"15.1\": 0.00726,\n    \"15.2-15.3\": 0.00363,\n    \"15.4\": 0.00363,\n    \"15.5\": 0.0254,\n    \"15.6\": 0.12335,\n    \"16.0\": 0.01088,\n    \"16.1\": 0.00726,\n    \"16.2\": 0.01088,\n    \"16.3\": 0.0254,\n    \"16.4\": 0.01088,\n    \"16.5\": 0.02177,\n    \"16.6\": 0.09796,\n    \"17.0\": 0.00726,\n    \"17.1\": 0.02902,\n    \"17.2\": 0.05079,\n    \"17.3\": 0.10158,\n    \"17.4\": 0.6095,\n    \"17.5\": 0.00363\n  },\n  G: {\n    \"8\": 0,\n    \"3.2\": 0,\n    \"4.0-4.1\": 0,\n    \"4.2-4.3\": 0.0017,\n    \"5.0-5.1\": 0.0017,\n    \"6.0-6.1\": 0.00426,\n    \"7.0-7.1\": 0.00682,\n    \"8.1-8.4\": 0.0017,\n    \"9.0-9.2\": 0.00426,\n    \"9.3\": 0.0213,\n    \"10.0-10.2\": 0.00426,\n    \"10.3\": 0.03408,\n    \"11.0-11.2\": 0.02897,\n    \"11.3-11.4\": 0.00852,\n    \"12.0-12.1\": 0.00596,\n    \"12.2-12.5\": 0.13887,\n    \"13.0-13.1\": 0.00256,\n    \"13.2\": 0.02811,\n    \"13.3\": 0.00682,\n    \"13.4-13.7\": 0.02641,\n    \"14.0-14.4\": 0.05197,\n    \"14.5-14.8\": 0.07923,\n    \"15.0-15.1\": 0.03663,\n    \"15.2-15.3\": 0.04174,\n    \"15.4\": 0.04771,\n    \"15.5\": 0.06049,\n    \"15.6-15.8\": 0.5282,\n    \"16.0\": 0.12353,\n    \"16.1\": 0.25728,\n    \"16.2\": 0.12353,\n    \"16.3\": 0.2181,\n    \"16.4\": 0.04515,\n    \"16.5\": 0.09456,\n    \"16.6-16.7\": 0.74715,\n    \"17.0\": 0.08945,\n    \"17.1\": 0.16528,\n    \"17.2\": 0.2198,\n    \"17.3\": 1.60334,\n    \"17.4\": 3.61903,\n    \"17.5\": 0.03323\n  },\n  P: {\n    \"4\": 0.89185,\n    \"20\": 0.041,\n    \"21\": 0.08201,\n    \"22\": 0.06151,\n    \"23\": 0.24603,\n    \"24\": 2.9831,\n    \"5.0-5.4\": 0.06151,\n    \"6.2-6.4\": 0.12301,\n    \"7.2-7.4\": 0.03075,\n    _: \"8.2 9.2 10.1 12.0 15.0\",\n    \"11.1-11.2\": 0.0205,\n    \"13.0\": 0.01025,\n    \"14.0\": 0.01025,\n    \"16.0\": 0.0205,\n    \"17.0\": 0.0205,\n    \"18.0\": 0.0205,\n    \"19.0\": 0.03075\n  },\n  I: {\n    \"0\": 0.22211,\n    \"3\": 0,\n    \"4\": 0.00002,\n    \"2.1\": 0,\n    \"2.2\": 0,\n    \"2.3\": 0,\n    \"4.1\": 0.00004,\n    \"4.2-4.3\": 0.00013,\n    \"4.4\": 0,\n    \"4.4.3-4.4.4\": 0.00056\n  },\n  A: {\n    \"7\": 0.00363,\n    \"8\": 0.01814,\n    \"9\": 0.00363,\n    \"10\": 0.00363,\n    \"11\": 0.03628,\n    _: \"6 5.5\"\n  },\n  K: {\n    \"0\": 0.24214,\n    _: \"10 11 12 11.1 11.5 12.1\"\n  },\n  J: {\n    _: \"7 10\"\n  },\n  N: {\n    _: \"10 11\"\n  },\n  S: {\n    _: \"2.5 3.0-3.1\"\n  },\n  Q: {\n    _: \"14.9\"\n  },\n  O: {\n    \"0\": 0.01274\n  },\n  H: {\n    \"0\": 0\n  },\n  L: {\n    \"0\": 50.4253\n  },\n  R: {\n    _: \"0\"\n  },\n  M: {\n    \"0\": 0.17842\n  }\n};","map":{"version":3,"names":["module","exports","C","_","D","F","B","E","G","P","I","A","K","J","N","S","Q","O","H","L","R","M"],"sources":["C:/Users/chest/OneDrive/Documentos/GitHub/HackUPC/frontend/node_modules/caniuse-lite/data/regions/BA.js"],