{"ast":null,"code":"module.exports = {\n  C: {\n    \"34\": 0.002,\n    \"52\": 0.002,\n    \"66\": 0.002,\n    \"68\": 0.002,\n    \"78\": 0.002,\n    \"82\": 0.002,\n    \"108\": 0.002,\n    \"110\": 0.002,\n    \"115\": 0.05991,\n    \"120\": 0.00999,\n    \"121\": 0.002,\n    \"122\": 0.00399,\n    \"123\": 0.00999,\n    \"124\": 0.25162,\n    \"125\": 0.15177,\n    \"126\": 0.002,\n    _: \"2 3 4 5 6 7 8 9 10 11 12 13 14 15 16 17 18 19 20 21 22 23 24 25 26 27 28 29 30 31 32 33 35 36 37 38 39 40 41 42 43 44 45 46 47 48 49 50 51 53 54 55 56 57 58 59 60 61 62 63 64 65 67 69 70 71 72 73 74 75 76 77 79 80 81 83 84 85 86 87 88 89 90 91 92 93 94 95 96 97 98 99 100 101 102 103 104 105 106 107 109 111 112 113 114 116 117 118 119 127 128 3.5 3.6\"\n  },\n  D: {\n    \"11\": 0.00399,\n    \"34\": 0.002,\n    \"38\": 0.00399,\n    \"41\": 0.00399,\n    \"43\": 0.002,\n    \"47\": 0.002,\n    \"48\": 0.002,\n    \"49\": 0.002,\n    \"51\": 0.002,\n    \"56\": 0.00399,\n    \"58\": 0.00999,\n    \"63\": 0.002,\n    \"64\": 0.002,\n    \"65\": 0.002,\n    \"66\": 0.002,\n    \"67\": 0.002,\n    \"68\": 0.002,\n    \"69\": 0.002,\n    \"70\": 0.002,\n    \"72\": 0.00799,\n    \"73\": 0.002,\n    \"74\": 0.002,\n    \"75\": 0.00399,\n    \"76\": 0.002,\n    \"78\": 0.00399,\n    \"79\": 0.02396,\n    \"80\": 0.00799,\n    \"81\": 0.002,\n    \"83\": 0.00799,\n    \"85\": 0.00399,\n    \"86\": 0.00799,\n    \"87\": 0.02396,\n    \"88\": 0.00599,\n    \"89\": 0.002,\n    \"90\": 0.00399,\n    \"91\": 0.00399,\n    \"92\": 0.002,\n    \"93\": 0.01198,\n    \"94\": 0.00599,\n    \"95\": 0.00599,\n    \"96\": 0.002,\n    \"97\": 0.00399,\n    \"98\": 0.00999,\n    \"99\": 0.02396,\n    \"100\": 0.002,\n    \"101\": 0.00399,\n    \"102\": 0.00799,\n    \"103\": 0.03794,\n    \"104\": 0.00399,\n    \"105\": 0.00799,\n    \"106\": 0.00799,\n    \"107\": 0.01398,\n    \"108\": 0.01797,\n    \"109\": 0.665,\n    \"110\": 0.01997,\n    \"111\": 0.01797,\n    \"112\": 0.01598,\n    \"113\": 0.00599,\n    \"114\": 0.01398,\n    \"115\": 0.01997,\n    \"116\": 0.04593,\n    \"117\": 0.01797,\n    \"118\": 0.02197,\n    \"119\": 0.03994,\n    \"120\": 0.09186,\n    \"121\": 0.13779,\n    \"122\": 0.43335,\n    \"123\": 7.17522,\n    \"124\": 4.25161,\n    \"125\": 0.02197,\n    \"126\": 0.002,\n    _: \"4 5 6 7 8 9 10 12 13 14 15 16 17 18 19 20 21 22 23 24 25 26 27 28 29 30 31 32 33 35 36 37 39 40 42 44 45 46 50 52 53 54 55 57 59 60 61 62 71 77 84 127\"\n  },\n  F: {\n    \"28\": 0.002,\n    \"36\": 0.002,\n    \"46\": 0.002,\n    \"79\": 0.002,\n    \"82\": 0.00399,\n    \"83\": 0.002,\n    \"95\": 0.002,\n    \"106\": 0.002,\n    \"107\": 0.21767,\n    \"108\": 0.07189,\n    \"109\": 0.01198,\n    _: \"9 11 12 15 16 17 18 19 20 21 22 23 24 25 26 27 29 30 31 32 33 34 35 37 38 39 40 41 42 43 44 45 47 48 49 50 51 52 53 54 55 56 57 58 60 62 63 64 65 66 67 68 69 70 71 72 73 74 75 76 77 78 80 81 84 85 86 87 88 89 90 91 92 93 94 96 97 98 99 100 101 102 103 104 105 9.5-9.6 10.0-10.1 10.5 10.6 11.1 11.5 11.6 12.1\"\n  },\n  B: {\n    \"12\": 0.002,\n    \"15\": 0.002,\n    \"16\": 0.002,\n    \"18\": 0.00399,\n    \"92\": 0.00799,\n    \"100\": 0.002,\n    \"105\": 0.002,\n    \"107\": 0.002,\n    \"108\": 0.002,\n    \"109\": 0.01198,\n    \"111\": 0.002,\n    \"113\": 0.002,\n    \"114\": 0.00399,\n    \"115\": 0.002,\n    \"116\": 0.002,\n    \"117\": 0.00799,\n    \"118\": 0.00999,\n    \"119\": 0.00999,\n    \"120\": 0.02197,\n    \"121\": 0.03195,\n    \"122\": 0.16375,\n    \"123\": 1.37394,\n    \"124\": 0.82876,\n    _: \"13 14 17 79 80 81 83 84 85 86 87 88 89 90 91 93 94 95 96 97 98 99 101 102 103 104 106 110 112\"\n  },\n  E: {\n    \"13\": 0.002,\n    \"14\": 0.01797,\n    \"15\": 0.00399,\n    _: \"0 4 5 6 7 8 9 10 11 12 3.1 3.2 6.1 7.1 9.1 10.1\",\n    \"5.1\": 0.002,\n    \"11.1\": 0.002,\n    \"12.1\": 0.002,\n    \"13.1\": 0.00999,\n    \"14.1\": 0.04194,\n    \"15.1\": 0.01198,\n    \"15.2-15.3\": 0.00599,\n    \"15.4\": 0.01797,\n    \"15.5\": 0.02396,\n    \"15.6\": 0.14578,\n    \"16.0\": 0.01598,\n    \"16.1\": 0.05592,\n    \"16.2\": 0.03395,\n    \"16.3\": 0.08387,\n    \"16.4\": 0.02796,\n    \"16.5\": 0.04393,\n    \"16.6\": 0.22766,\n    \"17.0\": 0.02996,\n    \"17.1\": 0.05791,\n    \"17.2\": 0.10784,\n    \"17.3\": 0.33749,\n    \"17.4\": 0.71293,\n    \"17.5\": 0.00599\n  },\n  G: {\n    \"8\": 0,\n    \"3.2\": 0,\n    \"4.0-4.1\": 0,\n    \"4.2-4.3\": 0.00508,\n    \"5.0-5.1\": 0.00508,\n    \"6.0-6.1\": 0.0127,\n    \"7.0-7.1\": 0.02032,\n    \"8.1-8.4\": 0.00508,\n    \"9.0-9.2\": 0.0127,\n    \"9.3\": 0.0635,\n    \"10.0-10.2\": 0.0127,\n    \"10.3\": 0.10161,\n    \"11.0-11.2\": 0.08637,\n    \"11.3-11.4\": 0.0254,\n    \"12.0-12.1\": 0.01778,\n    \"12.2-12.5\": 0.41404,\n    \"13.0-13.1\": 0.00762,\n    \"13.2\": 0.08383,\n    \"13.3\": 0.02032,\n    \"13.4-13.7\": 0.07874,\n    \"14.0-14.4\": 0.15495,\n    \"14.5-14.8\": 0.23623,\n    \"15.0-15.1\": 0.10923,\n    \"15.2-15.3\": 0.12447,\n    \"15.4\": 0.14225,\n    \"15.5\": 0.18035,\n    \"15.6-15.8\": 1.57489,\n    \"16.0\": 0.36832,\n    \"16.1\": 0.76713,\n    \"16.2\": 0.36832,\n    \"16.3\": 0.65028,\n    \"16.4\": 0.13463,\n    \"16.5\": 0.28196,\n    \"16.6-16.7\": 2.22771,\n    \"17.0\": 0.26672,\n    \"17.1\": 0.49279,\n    \"17.2\": 0.65536,\n    \"17.3\": 4.78057,\n    \"17.4\": 10.79057,\n    \"17.5\": 0.09907\n  },\n  P: {\n    \"4\": 0.02036,\n    \"20\": 0.01018,\n    \"21\": 0.05091,\n    \"22\": 0.07127,\n    \"23\": 0.21382,\n    \"24\": 1.344,\n    \"5.0-5.4\": 0.01018,\n    _: \"6.2-6.4 8.2 9.2 10.1 12.0 15.0\",\n    \"7.2-7.4\": 0.03055,\n    \"11.1-11.2\": 0.01018,\n    \"13.0\": 0.01018,\n    \"14.0\": 0.01018,\n    \"16.0\": 0.02036,\n    \"17.0\": 0.01018,\n    \"18.0\": 0.01018,\n    \"19.0\": 0.03055\n  },\n  I: {\n    \"0\": 0.06376,\n    \"3\": 0,\n    \"4\": 0.00001,\n    \"2.1\": 0,\n    \"2.2\": 0,\n    \"2.3\": 0,\n    \"4.1\": 0.00001,\n    \"4.2-4.3\": 0.00004,\n    \"4.4\": 0,\n    \"4.4.3-4.4.4\": 0.00016\n  },\n  A: {\n    \"8\": 0.00571,\n    \"10\": 0.00285,\n    \"11\": 0.03138,\n    _: \"6 7 9 5.5\"\n  },\n  K: {\n    \"0\": 0.50419,\n    _: \"10 11 12 11.1 11.5 12.1\"\n  },\n  J: {\n    _: \"7 10\"\n  },\n  N: {\n    _: \"10 11\"\n  },\n  S: {\n    _: \"2.5 3.0-3.1\"\n  },\n  Q: {\n    \"14.9\": 0.008\n  },\n  O: {\n    \"0\": 1.40853\n  },\n  H: {\n    \"0\": 0\n  },\n  L: {\n    \"0\": 51.53931\n  },\n  R: {\n    _: \"0\"\n  },\n  M: {\n    \"0\": 0.08003\n  }\n};","map":{"version":3,"names":["module","exports","C","_","D","F","B","E","G","P","I","A","K","J","N","S","Q","O","H","L","R","M"],"sources":["C:/Users/chest/OneDrive/Documentos/GitHub/HackUPC/frontend/node_modules/caniuse-lite/data/regions/SA.js"],