{"ast":null,"code":"module.exports = {\n  C: {\n    \"72\": 0.00388,\n    \"78\": 0.01165,\n    \"90\": 0.0233,\n    \"91\": 0.00777,\n    \"102\": 0.05826,\n    \"114\": 0.00388,\n    \"115\": 0.40782,\n    \"119\": 0.00388,\n    \"120\": 0.01942,\n    \"122\": 0.0233,\n    \"123\": 0.12817,\n    \"124\": 1.80606,\n    \"125\": 1.22734,\n    _: \"2 3 4 5 6 7 8 9 10 11 12 13 14 15 16 17 18 19 20 21 22 23 24 25 26 27 28 29 30 31 32 33 34 35 36 37 38 39 40 41 42 43 44 45 46 47 48 49 50 51 52 53 54 55 56 57 58 59 60 61 62 63 64 65 66 67 68 69 70 71 73 74 75 76 77 79 80 81 82 83 84 85 86 87 88 89 92 93 94 95 96 97 98 99 100 101 103 104 105 106 107 108 109 110 111 112 113 116 117 118 121 126 127 128 3.5 3.6\"\n  },\n  D: {\n    \"35\": 0.06214,\n    \"50\": 0.01554,\n    \"56\": 0.01942,\n    \"67\": 0.01165,\n    \"69\": 0.00388,\n    \"79\": 0.04661,\n    \"81\": 0.0233,\n    \"83\": 0.00388,\n    \"86\": 0.00388,\n    \"87\": 0.00388,\n    \"89\": 0.00388,\n    \"92\": 0.00388,\n    \"93\": 0.01165,\n    \"94\": 0.01165,\n    \"96\": 0.00388,\n    \"99\": 0.00388,\n    \"103\": 0.03884,\n    \"106\": 0.06991,\n    \"108\": 0.01165,\n    \"109\": 0.24858,\n    \"110\": 0.00388,\n    \"111\": 0.04272,\n    \"114\": 0.01165,\n    \"115\": 0.04272,\n    \"116\": 0.08156,\n    \"117\": 0.01165,\n    \"118\": 0.01942,\n    \"119\": 0.03496,\n    \"120\": 0.08156,\n    \"121\": 0.17478,\n    \"122\": 0.6564,\n    \"123\": 11.96272,\n    \"124\": 4.89772,\n    \"125\": 0.01942,\n    _: \"4 5 6 7 8 9 10 11 12 13 14 15 16 17 18 19 20 21 22 23 24 25 26 27 28 29 30 31 32 33 34 36 37 38 39 40 41 42 43 44 45 46 47 48 49 51 52 53 54 55 57 58 59 60 61 62 63 64 65 66 68 70 71 72 73 74 75 76 77 78 80 84 85 88 90 91 95 97 98 100 101 102 104 105 107 112 113 126 127\"\n  },\n  F: {\n    \"36\": 0.00777,\n    \"96\": 0.00388,\n    \"99\": 0.00388,\n    \"107\": 0.39617,\n    \"108\": 0.24858,\n    \"109\": 0.05826,\n    _: \"9 11 12 15 16 17 18 19 20 21 22 23 24 25 26 27 28 29 30 31 32 33 34 35 37 38 39 40 41 42 43 44 45 46 47 48 49 50 51 52 53 54 55 56 57 58 60 62 63 64 65 66 67 68 69 70 71 72 73 74 75 76 77 78 79 80 81 82 83 84 85 86 87 88 89 90 91 92 93 94 95 97 98 100 101 102 103 104 105 106 9.5-9.6 10.0-10.1 10.5 10.6 11.1 11.5 11.6 12.1\"\n  },\n  B: {\n    \"13\": 0.01165,\n    \"18\": 0.00388,\n    \"92\": 0.00388,\n    \"105\": 0.17866,\n    \"109\": 0.01942,\n    \"115\": 0.00388,\n    \"116\": 0.00777,\n    \"117\": 0.01165,\n    \"119\": 0.03107,\n    \"120\": 0.01942,\n    \"121\": 0.03884,\n    \"122\": 0.53988,\n    \"123\": 4.3462,\n    \"124\": 3.07224,\n    _: \"12 14 15 16 17 79 80 81 83 84 85 86 87 88 89 90 91 93 94 95 96 97 98 99 100 101 102 103 104 106 107 108 110 111 112 113 114 118\"\n  },\n  E: {\n    \"14\": 0.00388,\n    _: \"0 4 5 6 7 8 9 10 11 12 13 15 3.1 3.2 5.1 6.1 7.1 9.1 11.1 17.5\",\n    \"10.1\": 0.00388,\n    \"12.1\": 0.04272,\n    \"13.1\": 0.03107,\n    \"14.1\": 0.08156,\n    \"15.1\": 0.01165,\n    \"15.2-15.3\": 0.00388,\n    \"15.4\": 0.00388,\n    \"15.5\": 0.01165,\n    \"15.6\": 0.11264,\n    \"16.0\": 0.00777,\n    \"16.1\": 0.03107,\n    \"16.2\": 0.00777,\n    \"16.3\": 0.03496,\n    \"16.4\": 0.03107,\n    \"16.5\": 0.05438,\n    \"16.6\": 0.45831,\n    \"17.0\": 0.0233,\n    \"17.1\": 0.0233,\n    \"17.2\": 0.25246,\n    \"17.3\": 0.24081,\n    \"17.4\": 1.20792\n  },\n  G: {\n    \"8\": 0,\n    \"3.2\": 0,\n    \"4.0-4.1\": 0,\n    \"4.2-4.3\": 0.00217,\n    \"5.0-5.1\": 0.00217,\n    \"6.0-6.1\": 0.00544,\n    \"7.0-7.1\": 0.0087,\n    \"8.1-8.4\": 0.00217,\n    \"9.0-9.2\": 0.00544,\n    \"9.3\": 0.02718,\n    \"10.0-10.2\": 0.00544,\n    \"10.3\": 0.04349,\n    \"11.0-11.2\": 0.03697,\n    \"11.3-11.4\": 0.01087,\n    \"12.0-12.1\": 0.00761,\n    \"12.2-12.5\": 0.17722,\n    \"13.0-13.1\": 0.00326,\n    \"13.2\": 0.03588,\n    \"13.3\": 0.0087,\n    \"13.4-13.7\": 0.0337,\n    \"14.0-14.4\": 0.06632,\n    \"14.5-14.8\": 0.10111,\n    \"15.0-15.1\": 0.04675,\n    \"15.2-15.3\": 0.05328,\n    \"15.4\": 0.06089,\n    \"15.5\": 0.07719,\n    \"15.6-15.8\": 0.67409,\n    \"16.0\": 0.15765,\n    \"16.1\": 0.32835,\n    \"16.2\": 0.15765,\n    \"16.3\": 0.27834,\n    \"16.4\": 0.05762,\n    \"16.5\": 0.12068,\n    \"16.6-16.7\": 0.95352,\n    \"17.0\": 0.11416,\n    \"17.1\": 0.21093,\n    \"17.2\": 0.28051,\n    \"17.3\": 2.0462,\n    \"17.4\": 4.61863,\n    \"17.5\": 0.0424\n  },\n  P: {\n    \"4\": 0.04147,\n    \"20\": 0.02073,\n    \"21\": 0.05184,\n    \"22\": 0.0933,\n    \"23\": 0.34212,\n    \"24\": 2.2082,\n    _: \"5.0-5.4 6.2-6.4 8.2 9.2 10.1 12.0 13.0 14.0 15.0 17.0\",\n    \"7.2-7.4\": 0.15551,\n    \"11.1-11.2\": 0.01037,\n    \"16.0\": 0.05184,\n    \"18.0\": 0.02073,\n    \"19.0\": 0.0622\n  },\n  I: {\n    \"0\": 0.03654,\n    \"3\": 0,\n    \"4\": 0,\n    \"2.1\": 0,\n    \"2.2\": 0,\n    \"2.3\": 0,\n    \"4.1\": 0.00001,\n    \"4.2-4.3\": 0.00002,\n    \"4.4\": 0,\n    \"4.4.3-4.4.4\": 0.00009\n  },\n  A: {\n    _: \"6 7 8 9 10 11 5.5\"\n  },\n  K: {\n    \"0\": 0.88114,\n    _: \"10 11 12 11.1 11.5 12.1\"\n  },\n  J: {\n    _: \"7 10\"\n  },\n  N: {\n    _: \"10 11\"\n  },\n  S: {\n    _: \"2.5 3.0-3.1\"\n  },\n  Q: {\n    _: \"14.9\"\n  },\n  O: {\n    \"0\": 0.05504\n  },\n  H: {\n    \"0\": 0.03\n  },\n  L: {\n    \"0\": 50.09846\n  },\n  R: {\n    _: \"0\"\n  },\n  M: {\n    \"0\": 0.17122\n  }\n};","map":{"version":3,"names":["module","exports","C","_","D","F","B","E","G","P","I","A","K","J","N","S","Q","O","H","L","R","M"],"sources":["C:/Users/chest/OneDrive/Documentos/GitHub/HackUPC/frontend/node_modules/caniuse-lite/data/regions/YT.js"],