{"ast":null,"code":"module.exports = {\n  C: {\n    \"44\": 0.00369,\n    \"51\": 0.00369,\n    \"52\": 0.07745,\n    \"65\": 0.02582,\n    \"68\": 0.00369,\n    \"72\": 0.00369,\n    \"76\": 0.00369,\n    \"78\": 0.00738,\n    \"82\": 0.00369,\n    \"84\": 0.00369,\n    \"89\": 0.00369,\n    \"91\": 0.00369,\n    \"94\": 0.00369,\n    \"97\": 0.00369,\n    \"99\": 0.00369,\n    \"102\": 0.00738,\n    \"103\": 0.00738,\n    \"104\": 0.00369,\n    \"105\": 0.00369,\n    \"106\": 0.00738,\n    \"107\": 0.00738,\n    \"108\": 0.00369,\n    \"109\": 0.00369,\n    \"110\": 0.00738,\n    \"111\": 0.00738,\n    \"113\": 0.00369,\n    \"115\": 0.42043,\n    \"117\": 0.00369,\n    \"118\": 0.00369,\n    \"119\": 0.01106,\n    \"120\": 0.00369,\n    \"121\": 0.01106,\n    \"122\": 0.01475,\n    \"123\": 0.05901,\n    \"124\": 1.00682,\n    \"125\": 0.53107,\n    \"126\": 0.01475,\n    _: \"2 3 4 5 6 7 8 9 10 11 12 13 14 15 16 17 18 19 20 21 22 23 24 25 26 27 28 29 30 31 32 33 34 35 36 37 38 39 40 41 42 43 45 46 47 48 49 50 53 54 55 56 57 58 59 60 61 62 63 64 66 67 69 70 71 73 74 75 77 79 80 81 83 85 86 87 88 90 92 93 95 96 98 100 101 112 114 116 127 128 3.5 3.6\"\n  },\n  D: {\n    \"11\": 0.00369,\n    \"38\": 0.00369,\n    \"41\": 0.00369,\n    \"43\": 0.00369,\n    \"46\": 0.00369,\n    \"47\": 0.00369,\n    \"48\": 0.00369,\n    \"49\": 0.03319,\n    \"50\": 0.00369,\n    \"55\": 0.00369,\n    \"56\": 0.02213,\n    \"58\": 0.11433,\n    \"62\": 0.00369,\n    \"63\": 0.00369,\n    \"64\": 0.00369,\n    \"65\": 0.01106,\n    \"66\": 0.00738,\n    \"67\": 0.04057,\n    \"68\": 0.01106,\n    \"69\": 0.01844,\n    \"70\": 0.01106,\n    \"72\": 0.02213,\n    \"73\": 0.02582,\n    \"74\": 0.00369,\n    \"75\": 0.01106,\n    \"76\": 0.00369,\n    \"77\": 0.00738,\n    \"78\": 0.00369,\n    \"79\": 0.05901,\n    \"80\": 0.00738,\n    \"81\": 0.01106,\n    \"83\": 0.05532,\n    \"84\": 0.00369,\n    \"85\": 0.02582,\n    \"86\": 0.02213,\n    \"87\": 0.05163,\n    \"88\": 0.01475,\n    \"89\": 0.00738,\n    \"90\": 0.00369,\n    \"91\": 0.01106,\n    \"92\": 0.00738,\n    \"93\": 0.00738,\n    \"94\": 0.01106,\n    \"95\": 0.01106,\n    \"96\": 0.04426,\n    \"97\": 0.00738,\n    \"98\": 0.01475,\n    \"99\": 0.01106,\n    \"100\": 0.00738,\n    \"101\": 0.01844,\n    \"102\": 0.02213,\n    \"103\": 0.0627,\n    \"104\": 0.02582,\n    \"105\": 0.03688,\n    \"106\": 0.04794,\n    \"107\": 0.0627,\n    \"108\": 0.07007,\n    \"109\": 2.63323,\n    \"110\": 0.08482,\n    \"111\": 0.04426,\n    \"112\": 0.05163,\n    \"113\": 0.01475,\n    \"114\": 0.02582,\n    \"115\": 0.02213,\n    \"116\": 0.17702,\n    \"117\": 0.02582,\n    \"118\": 0.02582,\n    \"119\": 0.12539,\n    \"120\": 0.21022,\n    \"121\": 0.25816,\n    \"122\": 0.83718,\n    \"123\": 13.54234,\n    \"124\": 6.67159,\n    \"125\": 0.03688,\n    \"126\": 0.00369,\n    _: \"4 5 6 7 8 9 10 12 13 14 15 16 17 18 19 20 21 22 23 24 25 26 27 28 29 30 31 32 33 34 35 36 37 39 40 42 44 45 51 52 53 54 57 59 60 61 71 127\"\n  },\n  F: {\n    \"28\": 0.00369,\n    \"40\": 0.00738,\n    \"46\": 0.00369,\n    \"79\": 0.00369,\n    \"85\": 0.00738,\n    \"86\": 0.00369,\n    \"89\": 0.00738,\n    \"92\": 0.00738,\n    \"93\": 0.00369,\n    \"94\": 0.00369,\n    \"95\": 0.06638,\n    \"102\": 0.01475,\n    \"105\": 0.00369,\n    \"106\": 0.00738,\n    \"107\": 0.88512,\n    \"108\": 0.96626,\n    \"109\": 0.32454,\n    _: \"9 11 12 15 16 17 18 19 20 21 22 23 24 25 26 27 29 30 31 32 33 34 35 36 37 38 39 41 42 43 44 45 47 48 49 50 51 52 53 54 55 56 57 58 60 62 63 64 65 66 67 68 69 70 71 72 73 74 75 76 77 78 80 81 82 83 84 87 88 90 91 96 97 98 99 100 101 103 104 9.5-9.6 10.0-10.1 10.5 10.6 11.1 11.5 11.6 12.1\"\n  },\n  B: {\n    \"12\": 0.00369,\n    \"18\": 0.01106,\n    \"92\": 0.03319,\n    \"100\": 0.00369,\n    \"106\": 0.00738,\n    \"107\": 0.01106,\n    \"108\": 0.00738,\n    \"109\": 0.05532,\n    \"110\": 0.00738,\n    \"111\": 0.00369,\n    \"114\": 0.00369,\n    \"116\": 0.00369,\n    \"117\": 0.00369,\n    \"118\": 0.00369,\n    \"119\": 0.00738,\n    \"120\": 0.02582,\n    \"121\": 0.0295,\n    \"122\": 0.15858,\n    \"123\": 1.94726,\n    \"124\": 1.17278,\n    _: \"13 14 15 16 17 79 80 81 83 84 85 86 87 88 89 90 91 93 94 95 96 97 98 99 101 102 103 104 105 112 113 115\"\n  },\n  E: {\n    \"9\": 0.00369,\n    \"14\": 0.06638,\n    \"15\": 0.00369,\n    _: \"0 4 5 6 7 8 10 11 12 13 3.1 3.2 6.1 9.1 10.1 11.1 17.5\",\n    \"5.1\": 0.00369,\n    \"7.1\": 0.00369,\n    \"12.1\": 0.00369,\n    \"13.1\": 0.02582,\n    \"14.1\": 0.05901,\n    \"15.1\": 0.02582,\n    \"15.2-15.3\": 0.01475,\n    \"15.4\": 0.00738,\n    \"15.5\": 0.00738,\n    \"15.6\": 0.13646,\n    \"16.0\": 0.00738,\n    \"16.1\": 0.01844,\n    \"16.2\": 0.01844,\n    \"16.3\": 0.0295,\n    \"16.4\": 0.01475,\n    \"16.5\": 0.01844,\n    \"16.6\": 0.10695,\n    \"17.0\": 0.01475,\n    \"17.1\": 0.03688,\n    \"17.2\": 0.05163,\n    \"17.3\": 0.08851,\n    \"17.4\": 0.23234\n  },\n  G: {\n    \"8\": 0,\n    \"3.2\": 0,\n    \"4.0-4.1\": 0,\n    \"4.2-4.3\": 0.0016,\n    \"5.0-5.1\": 0.0016,\n    \"6.0-6.1\": 0.004,\n    \"7.0-7.1\": 0.00641,\n    \"8.1-8.4\": 0.0016,\n    \"9.0-9.2\": 0.004,\n    \"9.3\": 0.02002,\n    \"10.0-10.2\": 0.004,\n    \"10.3\": 0.03203,\n    \"11.0-11.2\": 0.02723,\n    \"11.3-11.4\": 0.00801,\n    \"12.0-12.1\": 0.00561,\n    \"12.2-12.5\": 0.13054,\n    \"13.0-13.1\": 0.0024,\n    \"13.2\": 0.02643,\n    \"13.3\": 0.00641,\n    \"13.4-13.7\": 0.02483,\n    \"14.0-14.4\": 0.04885,\n    \"14.5-14.8\": 0.07448,\n    \"15.0-15.1\": 0.03444,\n    \"15.2-15.3\": 0.03924,\n    \"15.4\": 0.04485,\n    \"15.5\": 0.05686,\n    \"15.6-15.8\": 0.49654,\n    \"16.0\": 0.11613,\n    \"16.1\": 0.24186,\n    \"16.2\": 0.11613,\n    \"16.3\": 0.20502,\n    \"16.4\": 0.04245,\n    \"16.5\": 0.0889,\n    \"16.6-16.7\": 0.70236,\n    \"17.0\": 0.08409,\n    \"17.1\": 0.15537,\n    \"17.2\": 0.20662,\n    \"17.3\": 1.50723,\n    \"17.4\": 3.40208,\n    \"17.5\": 0.03123\n  },\n  P: {\n    \"4\": 0.38382,\n    \"20\": 0.04149,\n    \"21\": 0.10373,\n    \"22\": 0.08299,\n    \"23\": 0.33195,\n    \"24\": 1.76349,\n    \"5.0-5.4\": 0.02075,\n    \"6.2-6.4\": 0.05187,\n    \"7.2-7.4\": 0.26971,\n    \"8.2\": 0.02075,\n    \"9.2\": 0.01037,\n    _: \"10.1\",\n    \"11.1-11.2\": 0.03112,\n    \"12.0\": 0.01037,\n    \"13.0\": 0.05187,\n    \"14.0\": 0.01037,\n    \"15.0\": 0.01037,\n    \"16.0\": 0.02075,\n    \"17.0\": 0.04149,\n    \"18.0\": 0.02075,\n    \"19.0\": 0.07261\n  },\n  I: {\n    \"0\": 0.44624,\n    \"3\": 0,\n    \"4\": 0.00004,\n    \"2.1\": 0,\n    \"2.2\": 0,\n    \"2.3\": 0,\n    \"4.1\": 0.00009,\n    \"4.2-4.3\": 0.00027,\n    \"4.4\": 0,\n    \"4.4.3-4.4.4\": 0.00112\n  },\n  A: {\n    \"8\": 0.02309,\n    \"9\": 0.0077,\n    \"10\": 0.00385,\n    \"11\": 0.14239,\n    _: \"6 7 5.5\"\n  },\n  K: {\n    \"0\": 0.46857,\n    _: \"10 11 12 11.1 11.5 12.1\"\n  },\n  J: {\n    _: \"7 10\"\n  },\n  N: {\n    _: \"10 11\"\n  },\n  S: {\n    \"2.5\": 0.00631,\n    _: \"3.0-3.1\"\n  },\n  Q: {\n    _: \"14.9\"\n  },\n  O: {\n    \"0\": 0.15778\n  },\n  H: {\n    \"0\": 0.03\n  },\n  L: {\n    \"0\": 51.38612\n  },\n  R: {\n    _: \"0\"\n  },\n  M: {\n    \"0\": 0.18302\n  }\n};","map":{"version":3,"names":["module","exports","C","_","D","F","B","E","G","P","I","A","K","J","N","S","Q","O","H","L","R","M"],"sources":["C:/Users/chest/OneDrive/Documentos/GitHub/HackUPC/frontend/node_modules/caniuse-lite/data/regions/MA.js"],