{"ast":null,"code":"module.exports = {\n  C: {\n    \"36\": 0.00208,\n    \"45\": 0.00208,\n    \"47\": 0.00208,\n    \"48\": 0.00208,\n    \"50\": 0.00208,\n    \"52\": 0.01039,\n    \"56\": 0.00208,\n    \"58\": 0.00208,\n    \"59\": 0.00208,\n    \"68\": 0.00208,\n    \"72\": 0.00416,\n    \"78\": 0.00208,\n    \"88\": 0.00208,\n    \"91\": 0.00623,\n    \"93\": 0.00416,\n    \"102\": 0.00623,\n    \"103\": 0.00208,\n    \"109\": 0.00208,\n    \"110\": 0.00208,\n    \"111\": 0.00208,\n    \"112\": 0.00208,\n    \"113\": 0.00208,\n    \"115\": 0.29923,\n    \"116\": 0.00208,\n    \"118\": 0.00208,\n    \"119\": 0.00416,\n    \"120\": 0.00208,\n    \"121\": 0.00416,\n    \"122\": 0.01247,\n    \"123\": 0.0374,\n    \"124\": 0.77094,\n    \"125\": 0.41976,\n    \"126\": 0.02909,\n    _: \"2 3 4 5 6 7 8 9 10 11 12 13 14 15 16 17 18 19 20 21 22 23 24 25 26 27 28 29 30 31 32 33 34 35 37 38 39 40 41 42 43 44 46 49 51 53 54 55 57 60 61 62 63 64 65 66 67 69 70 71 73 74 75 76 77 79 80 81 82 83 84 85 86 87 89 90 92 94 95 96 97 98 99 100 101 104 105 106 107 108 114 117 127 128 3.5 3.6\"\n  },\n  D: {\n    \"19\": 0.01247,\n    \"39\": 0.00208,\n    \"43\": 0.00208,\n    \"49\": 0.00208,\n    \"50\": 0.00208,\n    \"53\": 0.00208,\n    \"55\": 0.00208,\n    \"56\": 0.00208,\n    \"58\": 0.00208,\n    \"59\": 0.00831,\n    \"63\": 0.00623,\n    \"64\": 0.01247,\n    \"65\": 0.00208,\n    \"67\": 0.00208,\n    \"68\": 0.00831,\n    \"69\": 0.00623,\n    \"70\": 0.00623,\n    \"71\": 0.00208,\n    \"72\": 0.01039,\n    \"73\": 0.00208,\n    \"74\": 0.00416,\n    \"75\": 0.00208,\n    \"76\": 0.00208,\n    \"77\": 0.00831,\n    \"78\": 0.00208,\n    \"79\": 0.00623,\n    \"80\": 0.01247,\n    \"81\": 0.00623,\n    \"83\": 0.00623,\n    \"84\": 0.00208,\n    \"85\": 0.00208,\n    \"86\": 0.00208,\n    \"87\": 0.01662,\n    \"88\": 0.02286,\n    \"89\": 0.00208,\n    \"90\": 0.00208,\n    \"91\": 0.00416,\n    \"92\": 0.00416,\n    \"93\": 0.02078,\n    \"94\": 0.01247,\n    \"95\": 0.02286,\n    \"96\": 0.00208,\n    \"98\": 0.00416,\n    \"99\": 0.00623,\n    \"100\": 0.00623,\n    \"101\": 0.00208,\n    \"102\": 0.01455,\n    \"103\": 0.03117,\n    \"104\": 0.00831,\n    \"105\": 0.01039,\n    \"106\": 0.03533,\n    \"107\": 0.01455,\n    \"108\": 0.02286,\n    \"109\": 1.00783,\n    \"110\": 0.00416,\n    \"111\": 0.00416,\n    \"112\": 0.00623,\n    \"113\": 0.01039,\n    \"114\": 0.02494,\n    \"115\": 0.00831,\n    \"116\": 0.05611,\n    \"117\": 0.01039,\n    \"118\": 0.01247,\n    \"119\": 0.04572,\n    \"120\": 0.08935,\n    \"121\": 0.11845,\n    \"122\": 0.40313,\n    \"123\": 5.51086,\n    \"124\": 2.00319,\n    \"125\": 0.02078,\n    _: \"4 5 6 7 8 9 10 11 12 13 14 15 16 17 18 20 21 22 23 24 25 26 27 28 29 30 31 32 33 34 35 36 37 38 40 41 42 44 45 46 47 48 51 52 54 57 60 61 62 66 97 126 127\"\n  },\n  F: {\n    \"46\": 0.00416,\n    \"79\": 0.00416,\n    \"81\": 0.01039,\n    \"82\": 0.00208,\n    \"86\": 0.00208,\n    \"90\": 0.00208,\n    \"95\": 0.02494,\n    \"102\": 0.00416,\n    \"106\": 0.00416,\n    \"107\": 0.05818,\n    \"108\": 0.25975,\n    \"109\": 0.11637,\n    _: \"9 11 12 15 16 17 18 19 20 21 22 23 24 25 26 27 28 29 30 31 32 33 34 35 36 37 38 39 40 41 42 43 44 45 47 48 49 50 51 52 53 54 55 56 57 58 60 62 63 64 65 66 67 68 69 70 71 72 73 74 75 76 77 78 80 83 84 85 87 88 89 91 92 93 94 96 97 98 99 100 101 103 104 105 9.5-9.6 10.0-10.1 10.5 10.6 11.1 11.5 11.6 12.1\"\n  },\n  B: {\n    \"12\": 0.01455,\n    \"13\": 0.00831,\n    \"14\": 0.00416,\n    \"15\": 0.00623,\n    \"16\": 0.00623,\n    \"17\": 0.00416,\n    \"18\": 0.06234,\n    \"84\": 0.00416,\n    \"89\": 0.00208,\n    \"90\": 0.01039,\n    \"92\": 0.02909,\n    \"100\": 0.00831,\n    \"109\": 0.02494,\n    \"111\": 0.00208,\n    \"112\": 0.00208,\n    \"113\": 0.00208,\n    \"114\": 0.00831,\n    \"115\": 0.00208,\n    \"116\": 0.00831,\n    \"117\": 0.00623,\n    \"118\": 0.00416,\n    \"119\": 0.01247,\n    \"120\": 0.02286,\n    \"121\": 0.0187,\n    \"122\": 0.15585,\n    \"123\": 1.08887,\n    \"124\": 0.36573,\n    _: \"79 80 81 83 85 86 87 88 91 93 94 95 96 97 98 99 101 102 103 104 105 106 107 108 110\"\n  },\n  E: {\n    \"12\": 0.00416,\n    \"14\": 0.00416,\n    _: \"0 4 5 6 7 8 9 10 11 13 15 3.1 3.2 5.1 6.1 7.1 9.1 15.1 15.4 16.0 17.5\",\n    \"10.1\": 0.00208,\n    \"11.1\": 0.00208,\n    \"12.1\": 0.00416,\n    \"13.1\": 0.01247,\n    \"14.1\": 0.01247,\n    \"15.2-15.3\": 0.00208,\n    \"15.5\": 0.00623,\n    \"15.6\": 0.08728,\n    \"16.1\": 0.00623,\n    \"16.2\": 0.00208,\n    \"16.3\": 0.00416,\n    \"16.4\": 0.01039,\n    \"16.5\": 0.01455,\n    \"16.6\": 0.03117,\n    \"17.0\": 0.00208,\n    \"17.1\": 0.02494,\n    \"17.2\": 0.01039,\n    \"17.3\": 0.03533,\n    \"17.4\": 0.07273\n  },\n  G: {\n    \"8\": 0,\n    \"3.2\": 0,\n    \"4.0-4.1\": 0,\n    \"4.2-4.3\": 0.00069,\n    \"5.0-5.1\": 0.00069,\n    \"6.0-6.1\": 0.00173,\n    \"7.0-7.1\": 0.00276,\n    \"8.1-8.4\": 0.00069,\n    \"9.0-9.2\": 0.00173,\n    \"9.3\": 0.00863,\n    \"10.0-10.2\": 0.00173,\n    \"10.3\": 0.01381,\n    \"11.0-11.2\": 0.01174,\n    \"11.3-11.4\": 0.00345,\n    \"12.0-12.1\": 0.00242,\n    \"12.2-12.5\": 0.05629,\n    \"13.0-13.1\": 0.00104,\n    \"13.2\": 0.0114,\n    \"13.3\": 0.00276,\n    \"13.4-13.7\": 0.01071,\n    \"14.0-14.4\": 0.02107,\n    \"14.5-14.8\": 0.03212,\n    \"15.0-15.1\": 0.01485,\n    \"15.2-15.3\": 0.01692,\n    \"15.4\": 0.01934,\n    \"15.5\": 0.02452,\n    \"15.6-15.8\": 0.21412,\n    \"16.0\": 0.05008,\n    \"16.1\": 0.1043,\n    \"16.2\": 0.05008,\n    \"16.3\": 0.08841,\n    \"16.4\": 0.0183,\n    \"16.5\": 0.03833,\n    \"16.6-16.7\": 0.30288,\n    \"17.0\": 0.03626,\n    \"17.1\": 0.067,\n    \"17.2\": 0.0891,\n    \"17.3\": 0.64996,\n    \"17.4\": 1.46707,\n    \"17.5\": 0.01347\n  },\n  P: {\n    \"4\": 0.09193,\n    \"20\": 0.02043,\n    \"21\": 0.06128,\n    \"22\": 0.11235,\n    \"23\": 0.22471,\n    \"24\": 0.56177,\n    \"5.0-5.4\": 0.02043,\n    \"6.2-6.4\": 0.01021,\n    \"7.2-7.4\": 0.08171,\n    _: \"8.2 10.1 12.0\",\n    \"9.2\": 0.11235,\n    \"11.1-11.2\": 0.04086,\n    \"13.0\": 0.01021,\n    \"14.0\": 0.01021,\n    \"15.0\": 0.01021,\n    \"16.0\": 0.03064,\n    \"17.0\": 0.01021,\n    \"18.0\": 0.01021,\n    \"19.0\": 0.11235\n  },\n  I: {\n    \"0\": 0.03944,\n    \"3\": 0,\n    \"4\": 0,\n    \"2.1\": 0,\n    \"2.2\": 0,\n    \"2.3\": 0,\n    \"4.1\": 0.00001,\n    \"4.2-4.3\": 0.00002,\n    \"4.4\": 0,\n    \"4.4.3-4.4.4\": 0.0001\n  },\n  A: {\n    \"10\": 0.00246,\n    \"11\": 0.02456,\n    _: \"6 7 8 9 5.5\"\n  },\n  K: {\n    \"0\": 6.35593,\n    _: \"10 11 12 11.1 11.5 12.1\"\n  },\n  J: {\n    _: \"7 10\"\n  },\n  N: {\n    _: \"10 11\"\n  },\n  S: {\n    \"2.5\": 0.22179,\n    _: \"3.0-3.1\"\n  },\n  Q: {\n    \"14.9\": 0.00792\n  },\n  O: {\n    \"0\": 0.27724\n  },\n  H: {\n    \"0\": 12.1\n  },\n  L: {\n    \"0\": 61.20461\n  },\n  R: {\n    _: \"0\"\n  },\n  M: {\n    \"0\": 0.11089\n  }\n};","map":{"version":3,"names":["module","exports","C","_","D","F","B","E","G","P","I","A","K","J","N","S","Q","O","H","L","R","M"],"sources":["C:/Users/chest/OneDrive/Documentos/GitHub/HackUPC/frontend/node_modules/caniuse-lite/data/regions/UG.js"],