{"ast":null,"code":"module.exports = {\n  C: {\n    \"34\": 0.01263,\n    \"52\": 0.00316,\n    \"59\": 0.00316,\n    \"94\": 0.00316,\n    \"113\": 0.00316,\n    \"115\": 0.24948,\n    \"119\": 0.00316,\n    \"120\": 0.00316,\n    \"121\": 0.00632,\n    \"122\": 0.01895,\n    \"123\": 0.02526,\n    \"124\": 0.86529,\n    \"125\": 0.5337,\n    \"126\": 0.00947,\n    _: \"2 3 4 5 6 7 8 9 10 11 12 13 14 15 16 17 18 19 20 21 22 23 24 25 26 27 28 29 30 31 32 33 35 36 37 38 39 40 41 42 43 44 45 46 47 48 49 50 51 53 54 55 56 57 58 60 61 62 63 64 65 66 67 68 69 70 71 72 73 74 75 76 77 78 79 80 81 82 83 84 85 86 87 88 89 90 91 92 93 95 96 97 98 99 100 101 102 103 104 105 106 107 108 109 110 111 112 114 116 117 118 127 128 3.5 3.6\"\n  },\n  D: {\n    \"49\": 0.00947,\n    \"65\": 0.00632,\n    \"69\": 0.00632,\n    \"70\": 0.01579,\n    \"71\": 0.00316,\n    \"74\": 0.00632,\n    \"77\": 0.00316,\n    \"78\": 0.01263,\n    \"79\": 0.00316,\n    \"83\": 0.00316,\n    \"85\": 0.00316,\n    \"86\": 0.00316,\n    \"87\": 0.00316,\n    \"88\": 0.07263,\n    \"89\": 0.00316,\n    \"91\": 0.00316,\n    \"93\": 0.01263,\n    \"94\": 0.00632,\n    \"95\": 0.08842,\n    \"99\": 0.00632,\n    \"100\": 0.01579,\n    \"102\": 0.01579,\n    \"103\": 0.02526,\n    \"104\": 0.00947,\n    \"105\": 0.04105,\n    \"106\": 0.26211,\n    \"107\": 0.00316,\n    \"108\": 0.00632,\n    \"109\": 1.90112,\n    \"110\": 0.00316,\n    \"111\": 0.01579,\n    \"112\": 0.01579,\n    \"113\": 0.00316,\n    \"114\": 0.01263,\n    \"115\": 0.0979,\n    \"116\": 0.04421,\n    \"117\": 0.00947,\n    \"118\": 0.02842,\n    \"119\": 0.02526,\n    \"120\": 0.12,\n    \"121\": 0.12,\n    \"122\": 0.67265,\n    \"123\": 9.73611,\n    \"124\": 3.77381,\n    \"125\": 0.01895,\n    _: \"4 5 6 7 8 9 10 11 12 13 14 15 16 17 18 19 20 21 22 23 24 25 26 27 28 29 30 31 32 33 34 35 36 37 38 39 40 41 42 43 44 45 46 47 48 50 51 52 53 54 55 56 57 58 59 60 61 62 63 64 66 67 68 72 73 75 76 80 81 84 90 92 96 97 98 101 126 127\"\n  },\n  F: {\n    \"79\": 0.00316,\n    \"95\": 0.03158,\n    \"107\": 0.15158,\n    \"108\": 0.39159,\n    \"109\": 0.08527,\n    _: \"9 11 12 15 16 17 18 19 20 21 22 23 24 25 26 27 28 29 30 31 32 33 34 35 36 37 38 39 40 41 42 43 44 45 46 47 48 49 50 51 52 53 54 55 56 57 58 60 62 63 64 65 66 67 68 69 70 71 72 73 74 75 76 77 78 80 81 82 83 84 85 86 87 88 89 90 91 92 93 94 96 97 98 99 100 101 102 103 104 105 106 9.5-9.6 10.0-10.1 10.5 10.6 11.1 11.5 11.6 12.1\"\n  },\n  B: {\n    \"12\": 0.01263,\n    \"13\": 0.00947,\n    \"14\": 0.00632,\n    \"15\": 0.00632,\n    \"16\": 0.01263,\n    \"17\": 0.00316,\n    \"18\": 0.02211,\n    \"83\": 0.00316,\n    \"84\": 0.00632,\n    \"89\": 0.00316,\n    \"90\": 0.00316,\n    \"92\": 0.04737,\n    \"100\": 0.01895,\n    \"106\": 0.00632,\n    \"108\": 0.0379,\n    \"109\": 0.13895,\n    \"112\": 0.00316,\n    \"113\": 0.00316,\n    \"114\": 0.00632,\n    \"115\": 0.01579,\n    \"116\": 0.00632,\n    \"117\": 0.01263,\n    \"118\": 0.00947,\n    \"119\": 0.01895,\n    \"120\": 0.13579,\n    \"121\": 0.04105,\n    \"122\": 0.28106,\n    \"123\": 3.31274,\n    \"124\": 1.85059,\n    _: \"79 80 81 85 86 87 88 91 93 94 95 96 97 98 99 101 102 103 104 105 107 110 111\"\n  },\n  E: {\n    \"14\": 0.00632,\n    _: \"0 4 5 6 7 8 9 10 11 12 13 15 3.1 3.2 5.1 6.1 7.1 9.1 10.1 12.1 15.1\",\n    \"11.1\": 0.00316,\n    \"13.1\": 0.01263,\n    \"14.1\": 0.01579,\n    \"15.2-15.3\": 0.02526,\n    \"15.4\": 0.00316,\n    \"15.5\": 0.01579,\n    \"15.6\": 0.32527,\n    \"16.0\": 0.01263,\n    \"16.1\": 0.01895,\n    \"16.2\": 0.00947,\n    \"16.3\": 0.02211,\n    \"16.4\": 0.01263,\n    \"16.5\": 0.02526,\n    \"16.6\": 0.10737,\n    \"17.0\": 0.01579,\n    \"17.1\": 0.03474,\n    \"17.2\": 0.06632,\n    \"17.3\": 0.10737,\n    \"17.4\": 0.29054,\n    \"17.5\": 0.00316\n  },\n  G: {\n    \"8\": 0,\n    \"3.2\": 0,\n    \"4.0-4.1\": 0,\n    \"4.2-4.3\": 0.00161,\n    \"5.0-5.1\": 0.00161,\n    \"6.0-6.1\": 0.00403,\n    \"7.0-7.1\": 0.00645,\n    \"8.1-8.4\": 0.00161,\n    \"9.0-9.2\": 0.00403,\n    \"9.3\": 0.02015,\n    \"10.0-10.2\": 0.00403,\n    \"10.3\": 0.03224,\n    \"11.0-11.2\": 0.0274,\n    \"11.3-11.4\": 0.00806,\n    \"12.0-12.1\": 0.00564,\n    \"12.2-12.5\": 0.13138,\n    \"13.0-13.1\": 0.00242,\n    \"13.2\": 0.0266,\n    \"13.3\": 0.00645,\n    \"13.4-13.7\": 0.02499,\n    \"14.0-14.4\": 0.04917,\n    \"14.5-14.8\": 0.07496,\n    \"15.0-15.1\": 0.03466,\n    \"15.2-15.3\": 0.03949,\n    \"15.4\": 0.04514,\n    \"15.5\": 0.05723,\n    \"15.6-15.8\": 0.49971,\n    \"16.0\": 0.11687,\n    \"16.1\": 0.24341,\n    \"16.2\": 0.11687,\n    \"16.3\": 0.20633,\n    \"16.4\": 0.04272,\n    \"16.5\": 0.08946,\n    \"16.6-16.7\": 0.70685,\n    \"17.0\": 0.08463,\n    \"17.1\": 0.15636,\n    \"17.2\": 0.20794,\n    \"17.3\": 1.51687,\n    \"17.4\": 3.42384,\n    \"17.5\": 0.03143\n  },\n  P: {\n    \"4\": 0.32682,\n    \"20\": 0.01021,\n    \"21\": 0.08171,\n    \"22\": 0.04085,\n    \"23\": 0.21448,\n    \"24\": 1.82815,\n    \"5.0-5.4\": 0.02043,\n    \"6.2-6.4\": 0.01021,\n    \"7.2-7.4\": 0.51066,\n    _: \"8.2 9.2 11.1-11.2 12.0\",\n    \"10.1\": 0.08171,\n    \"13.0\": 0.03064,\n    \"14.0\": 0.04085,\n    \"15.0\": 0.01021,\n    \"16.0\": 0.01021,\n    \"17.0\": 0.04085,\n    \"18.0\": 0.01021,\n    \"19.0\": 0.17362\n  },\n  I: {\n    \"0\": 0.02044,\n    \"3\": 0,\n    \"4\": 0,\n    \"2.1\": 0,\n    \"2.2\": 0,\n    \"2.3\": 0,\n    \"4.1\": 0,\n    \"4.2-4.3\": 0.00001,\n    \"4.4\": 0,\n    \"4.4.3-4.4.4\": 0.00005\n  },\n  A: {\n    \"11\": 0.10737,\n    _: \"6 7 8 9 10 5.5\"\n  },\n  K: {\n    \"0\": 1.87155,\n    _: \"10 11 12 11.1 11.5 12.1\"\n  },\n  J: {\n    _: \"7 10\"\n  },\n  N: {\n    _: \"10 11\"\n  },\n  S: {\n    _: \"2.5 3.0-3.1\"\n  },\n  Q: {\n    \"14.9\": 0.04789\n  },\n  O: {\n    \"0\": 0.38999\n  },\n  H: {\n    \"0\": 0.14\n  },\n  L: {\n    \"0\": 58.30564\n  },\n  R: {\n    _: \"0\"\n  },\n  M: {\n    \"0\": 0.36947\n  }\n};","map":{"version":3,"names":["module","exports","C","_","D","F","B","E","G","P","I","A","K","J","N","S","Q","O","H","L","R","M"],"sources":["C:/Users/chest/OneDrive/Documentos/GitHub/HackUPC/frontend/node_modules/caniuse-lite/data/regions/NA.js"],