{"ast":null,"code":"module.exports = {\n  C: {\n    \"2\": 0.00143,\n    \"4\": 0.00143,\n    \"31\": 0.00143,\n    \"35\": 0.00143,\n    \"37\": 0.00143,\n    \"38\": 0.00143,\n    \"39\": 0.00143,\n    \"40\": 0.00285,\n    \"41\": 0.00143,\n    \"52\": 0.00428,\n    \"87\": 0.00143,\n    \"89\": 0.00143,\n    \"99\": 0.00143,\n    \"102\": 0.00285,\n    \"103\": 0.00571,\n    \"104\": 0.00285,\n    \"105\": 0.00285,\n    \"108\": 0.00285,\n    \"115\": 0.0742,\n    \"117\": 0.00143,\n    \"119\": 0.00571,\n    \"120\": 0.00143,\n    \"121\": 0.00143,\n    \"122\": 0.00143,\n    \"123\": 0.01855,\n    \"124\": 0.24402,\n    \"125\": 0.17409,\n    \"126\": 0.00143,\n    _: \"3 5 6 7 8 9 10 11 12 13 14 15 16 17 18 19 20 21 22 23 24 25 26 27 28 29 30 32 33 34 36 42 43 44 45 46 47 48 49 50 51 53 54 55 56 57 58 59 60 61 62 63 64 65 66 67 68 69 70 71 72 73 74 75 76 77 78 79 80 81 82 83 84 85 86 88 90 91 92 93 94 95 96 97 98 100 101 106 107 109 110 111 112 113 114 116 118 127 128 3.5\",\n    \"3.6\": 0.00285\n  },\n  D: {\n    \"11\": 0.00143,\n    \"21\": 0.00143,\n    \"31\": 0.00143,\n    \"34\": 0.00143,\n    \"36\": 0.00143,\n    \"37\": 0.00143,\n    \"38\": 0.00285,\n    \"39\": 0.00143,\n    \"40\": 0.00143,\n    \"41\": 0.00856,\n    \"42\": 0.00285,\n    \"43\": 0.00428,\n    \"44\": 0.00428,\n    \"45\": 0.00428,\n    \"46\": 0.00571,\n    \"47\": 0.00285,\n    \"49\": 0.10703,\n    \"51\": 0.00999,\n    \"55\": 0.00143,\n    \"56\": 0.00143,\n    \"63\": 0.00143,\n    \"65\": 0.00143,\n    \"68\": 0.00143,\n    \"69\": 0.00143,\n    \"70\": 0.00428,\n    \"71\": 0.00285,\n    \"73\": 0.00428,\n    \"74\": 0.00143,\n    \"75\": 0.00714,\n    \"79\": 0.03568,\n    \"80\": 0.00285,\n    \"81\": 0.00143,\n    \"83\": 0.01712,\n    \"85\": 0.00143,\n    \"86\": 0.00999,\n    \"87\": 0.01855,\n    \"88\": 0.00143,\n    \"89\": 0.00143,\n    \"90\": 0.00143,\n    \"91\": 0.00856,\n    \"93\": 0.00143,\n    \"94\": 0.00143,\n    \"95\": 0.00143,\n    \"97\": 0.00143,\n    \"98\": 0.00714,\n    \"99\": 0.00428,\n    \"100\": 0.00285,\n    \"102\": 0.00143,\n    \"103\": 0.01427,\n    \"104\": 0.01427,\n    \"105\": 0.00428,\n    \"106\": 0.00571,\n    \"107\": 0.00428,\n    \"108\": 0.00571,\n    \"109\": 0.89473,\n    \"110\": 0.00285,\n    \"111\": 0.00714,\n    \"112\": 0.00714,\n    \"113\": 0.00143,\n    \"114\": 0.00571,\n    \"115\": 0.00428,\n    \"116\": 0.07849,\n    \"117\": 0.00714,\n    \"118\": 0.00428,\n    \"119\": 0.0157,\n    \"120\": 1.01602,\n    \"121\": 0.06707,\n    \"122\": 0.22261,\n    \"123\": 3.80866,\n    \"124\": 1.70384,\n    \"125\": 0.00571,\n    _: \"4 5 6 7 8 9 10 12 13 14 15 16 17 18 19 20 22 23 24 25 26 27 28 29 30 32 33 35 48 50 52 53 54 57 58 59 60 61 62 64 66 67 72 76 77 78 84 92 96 101 126 127\"\n  },\n  F: {\n    \"28\": 0.00143,\n    \"31\": 0.00143,\n    \"46\": 0.00143,\n    \"69\": 0.00285,\n    \"79\": 0.00143,\n    \"93\": 0.00285,\n    \"94\": 0.00143,\n    \"95\": 0.0157,\n    \"106\": 0.00143,\n    \"107\": 0.13699,\n    \"108\": 0.09418,\n    \"109\": 0.03996,\n    _: \"9 11 12 15 16 17 18 19 20 21 22 23 24 25 26 27 29 30 32 33 34 35 36 37 38 39 40 41 42 43 44 45 47 48 49 50 51 52 53 54 55 56 57 58 60 62 63 64 65 66 67 68 70 71 72 73 74 75 76 77 78 80 81 82 83 84 85 86 87 88 89 90 91 92 96 97 98 99 100 101 102 103 104 105 9.5-9.6 10.0-10.1 10.5 10.6 11.1 11.5 11.6\",\n    \"12.1\": 0.00143\n  },\n  B: {\n    \"12\": 0.00143,\n    \"18\": 0.00143,\n    \"89\": 0.01142,\n    \"92\": 0.00571,\n    \"103\": 0.00285,\n    \"105\": 0.00143,\n    \"107\": 0.00143,\n    \"108\": 0.00143,\n    \"109\": 0.00428,\n    \"112\": 0.00143,\n    \"113\": 0.00143,\n    \"119\": 0.00285,\n    \"120\": 0.01142,\n    \"121\": 0.01284,\n    \"122\": 0.03139,\n    \"123\": 0.39528,\n    \"124\": 0.18836,\n    _: \"13 14 15 16 17 79 80 81 83 84 85 86 87 88 90 91 93 94 95 96 97 98 99 100 101 102 104 106 110 111 114 115 116 117 118\"\n  },\n  E: {\n    \"7\": 0.00143,\n    \"8\": 0.00143,\n    \"9\": 0.01855,\n    \"14\": 0.00856,\n    _: \"0 4 5 6 10 11 12 13 15 3.1 3.2 6.1 7.1 9.1 10.1\",\n    \"5.1\": 0.00143,\n    \"11.1\": 0.00143,\n    \"12.1\": 0.00143,\n    \"13.1\": 0.00856,\n    \"14.1\": 0.01712,\n    \"15.1\": 0.02141,\n    \"15.2-15.3\": 0.00428,\n    \"15.4\": 0.00856,\n    \"15.5\": 0.02997,\n    \"15.6\": 0.31251,\n    \"16.0\": 0.00571,\n    \"16.1\": 0.03282,\n    \"16.2\": 0.02569,\n    \"16.3\": 0.10988,\n    \"16.4\": 0.0528,\n    \"16.5\": 0.04852,\n    \"16.6\": 0.2854,\n    \"17.0\": 0.02997,\n    \"17.1\": 0.09133,\n    \"17.2\": 0.19265,\n    \"17.3\": 0.32393,\n    \"17.4\": 2.06915,\n    \"17.5\": 0.01142\n  },\n  G: {\n    \"8\": 0,\n    \"3.2\": 0,\n    \"4.0-4.1\": 0,\n    \"4.2-4.3\": 0.0112,\n    \"5.0-5.1\": 0.0112,\n    \"6.0-6.1\": 0.02799,\n    \"7.0-7.1\": 0.04479,\n    \"8.1-8.4\": 0.0112,\n    \"9.0-9.2\": 0.02799,\n    \"9.3\": 0.13997,\n    \"10.0-10.2\": 0.02799,\n    \"10.3\": 0.22395,\n    \"11.0-11.2\": 0.19036,\n    \"11.3-11.4\": 0.05599,\n    \"12.0-12.1\": 0.03919,\n    \"12.2-12.5\": 0.91261,\n    \"13.0-13.1\": 0.0168,\n    \"13.2\": 0.18476,\n    \"13.3\": 0.04479,\n    \"13.4-13.7\": 0.17356,\n    \"14.0-14.4\": 0.34153,\n    \"14.5-14.8\": 0.52069,\n    \"15.0-15.1\": 0.24075,\n    \"15.2-15.3\": 0.27434,\n    \"15.4\": 0.31353,\n    \"15.5\": 0.39752,\n    \"15.6-15.8\": 3.47127,\n    \"16.0\": 0.81183,\n    \"16.1\": 1.69084,\n    \"16.2\": 0.81183,\n    \"16.3\": 1.4333,\n    \"16.4\": 0.29674,\n    \"16.5\": 0.62147,\n    \"16.6-16.7\": 4.91017,\n    \"17.0\": 0.58788,\n    \"17.1\": 1.08617,\n    \"17.2\": 1.4445,\n    \"17.3\": 10.53698,\n    \"17.4\": 23.7838,\n    \"17.5\": 0.21835\n  },\n  P: {\n    \"4\": 0.09098,\n    \"20\": 0.02022,\n    \"21\": 0.07076,\n    \"22\": 0.05054,\n    \"23\": 0.18196,\n    \"24\": 1.7589,\n    _: \"5.0-5.4 8.2 10.1 12.0 15.0\",\n    \"6.2-6.4\": 0.02022,\n    \"7.2-7.4\": 0.09098,\n    \"9.2\": 0.01011,\n    \"11.1-11.2\": 0.01011,\n    \"13.0\": 0.02022,\n    \"14.0\": 0.03033,\n    \"16.0\": 0.01011,\n    \"17.0\": 0.04043,\n    \"18.0\": 0.01011,\n    \"19.0\": 0.02022\n  },\n  I: {\n    \"0\": 0.09393,\n    \"3\": 0,\n    \"4\": 0.00001,\n    \"2.1\": 0,\n    \"2.2\": 0,\n    \"2.3\": 0,\n    \"4.1\": 0.00002,\n    \"4.2-4.3\": 0.00006,\n    \"4.4\": 0,\n    \"4.4.3-4.4.4\": 0.00024\n  },\n  A: {\n    \"6\": 0.00143,\n    \"7\": 0.00285,\n    \"8\": 0.02854,\n    \"9\": 0.00428,\n    \"10\": 0.00571,\n    \"11\": 0.02426,\n    _: \"5.5\"\n  },\n  K: {\n    \"0\": 0.11146,\n    _: \"10 11 12 11.1 11.5 12.1\"\n  },\n  J: {\n    _: \"7 10\"\n  },\n  N: {\n    _: \"10 11\"\n  },\n  S: {\n    \"2.5\": 0.00857,\n    _: \"3.0-3.1\"\n  },\n  Q: {\n    _: \"14.9\"\n  },\n  O: {\n    \"0\": 0.02572\n  },\n  H: {\n    \"0\": 0\n  },\n  L: {\n    \"0\": 27.24598\n  },\n  R: {\n    _: \"0\"\n  },\n  M: {\n    \"0\": 0.12004\n  }\n};","map":{"version":3,"names":["module","exports","C","_","D","F","B","E","G","P","I","A","K","J","N","S","Q","O","H","L","R","M"],"sources":["C:/Users/chest/OneDrive/Documentos/GitHub/HackUPC/frontend/node_modules/caniuse-lite/data/regions/AL.js"],