{"ast":null,"code":"module.exports = {\n  C: {\n    \"44\": 0.00291,\n    \"47\": 0.00291,\n    \"52\": 0.00874,\n    \"56\": 0.00291,\n    \"68\": 0.00291,\n    \"72\": 0.00291,\n    \"75\": 0.00291,\n    \"78\": 0.00291,\n    \"88\": 0.00291,\n    \"91\": 0.00291,\n    \"99\": 0.00291,\n    \"102\": 0.00291,\n    \"103\": 0.00874,\n    \"105\": 0.00583,\n    \"106\": 0.00874,\n    \"107\": 0.00874,\n    \"108\": 0.01165,\n    \"109\": 0.00583,\n    \"110\": 0.00874,\n    \"111\": 0.00874,\n    \"112\": 0.00291,\n    \"115\": 0.16604,\n    \"119\": 0.00291,\n    \"121\": 0.00291,\n    \"122\": 0.00583,\n    \"123\": 0.01457,\n    \"124\": 0.29421,\n    \"125\": 0.19808,\n    \"126\": 0.00291,\n    _: \"2 3 4 5 6 7 8 9 10 11 12 13 14 15 16 17 18 19 20 21 22 23 24 25 26 27 28 29 30 31 32 33 34 35 36 37 38 39 40 41 42 43 45 46 48 49 50 51 53 54 55 57 58 59 60 61 62 63 64 65 66 67 69 70 71 73 74 76 77 79 80 81 82 83 84 85 86 87 89 90 92 93 94 95 96 97 98 100 101 104 113 114 116 117 118 120 127 128 3.5 3.6\"\n  },\n  D: {\n    \"38\": 0.01165,\n    \"41\": 0.00583,\n    \"43\": 0.00583,\n    \"47\": 0.00291,\n    \"48\": 0.00291,\n    \"49\": 0.00874,\n    \"50\": 0.00291,\n    \"55\": 0.00291,\n    \"56\": 0.02039,\n    \"58\": 0.00291,\n    \"62\": 0.00291,\n    \"63\": 0.00291,\n    \"64\": 0.00583,\n    \"65\": 0.01457,\n    \"66\": 0.00874,\n    \"67\": 0.00291,\n    \"68\": 0.02622,\n    \"69\": 0.01165,\n    \"70\": 0.00874,\n    \"71\": 0.00874,\n    \"72\": 0.01457,\n    \"73\": 0.01748,\n    \"74\": 0.02622,\n    \"75\": 0.02039,\n    \"76\": 0.01748,\n    \"77\": 0.01165,\n    \"78\": 0.01165,\n    \"79\": 0.02039,\n    \"80\": 0.0233,\n    \"81\": 0.01748,\n    \"83\": 0.0233,\n    \"84\": 0.01165,\n    \"85\": 0.34956,\n    \"86\": 0.0233,\n    \"87\": 0.03496,\n    \"88\": 0.01457,\n    \"89\": 0.0233,\n    \"90\": 0.01457,\n    \"91\": 0.01748,\n    \"92\": 0.00874,\n    \"93\": 0.03204,\n    \"94\": 0.00291,\n    \"95\": 0.02039,\n    \"96\": 0.00583,\n    \"97\": 0.00583,\n    \"98\": 0.01165,\n    \"99\": 0.00874,\n    \"100\": 0.00291,\n    \"101\": 0.00583,\n    \"102\": 0.02913,\n    \"103\": 0.12526,\n    \"104\": 0.02622,\n    \"105\": 0.02913,\n    \"106\": 0.08739,\n    \"107\": 0.11943,\n    \"108\": 0.11069,\n    \"109\": 3.26256,\n    \"110\": 0.05535,\n    \"111\": 0.067,\n    \"112\": 0.05826,\n    \"113\": 0.00874,\n    \"114\": 0.0233,\n    \"115\": 0.01165,\n    \"116\": 0.04952,\n    \"117\": 0.0233,\n    \"118\": 0.01457,\n    \"119\": 0.06117,\n    \"120\": 0.11652,\n    \"121\": 0.17187,\n    \"122\": 0.41073,\n    \"123\": 10.85675,\n    \"124\": 5.27253,\n    \"125\": 0.0437,\n    \"126\": 0.00291,\n    _: \"4 5 6 7 8 9 10 11 12 13 14 15 16 17 18 19 20 21 22 23 24 25 26 27 28 29 30 31 32 33 34 35 36 37 39 40 42 44 45 46 51 52 53 54 57 59 60 61 127\"\n  },\n  F: {\n    \"28\": 0.00583,\n    \"36\": 0.00583,\n    \"37\": 0.00583,\n    \"46\": 0.00291,\n    \"53\": 0.00291,\n    \"54\": 0.00291,\n    \"55\": 0.00291,\n    \"79\": 0.00874,\n    \"82\": 0.00291,\n    \"85\": 0.00291,\n    \"91\": 0.00291,\n    \"92\": 0.00291,\n    \"93\": 0.00583,\n    \"94\": 0.00583,\n    \"95\": 0.06991,\n    \"106\": 0.00291,\n    \"107\": 0.19517,\n    \"108\": 0.25926,\n    \"109\": 0.13691,\n    _: \"9 11 12 15 16 17 18 19 20 21 22 23 24 25 26 27 29 30 31 32 33 34 35 38 39 40 41 42 43 44 45 47 48 49 50 51 52 56 57 58 60 62 63 64 65 66 67 68 69 70 71 72 73 74 75 76 77 78 80 81 83 84 86 87 88 89 90 96 97 98 99 100 101 102 103 104 105 9.5-9.6 10.0-10.1 10.5 10.6 11.1 11.5 11.6 12.1\"\n  },\n  B: {\n    \"12\": 0.02622,\n    \"13\": 0.00291,\n    \"14\": 0.00291,\n    \"15\": 0.00583,\n    \"16\": 0.00874,\n    \"17\": 0.00291,\n    \"18\": 0.01748,\n    \"80\": 0.00291,\n    \"81\": 0.00291,\n    \"83\": 0.00291,\n    \"84\": 0.00583,\n    \"85\": 0.00291,\n    \"86\": 0.00291,\n    \"87\": 0.00291,\n    \"88\": 0.00291,\n    \"89\": 0.00583,\n    \"90\": 0.00583,\n    \"92\": 0.02622,\n    \"100\": 0.00291,\n    \"103\": 0.00291,\n    \"105\": 0.00583,\n    \"106\": 0.00583,\n    \"107\": 0.01457,\n    \"108\": 0.01165,\n    \"109\": 0.03204,\n    \"110\": 0.00874,\n    \"111\": 0.00874,\n    \"112\": 0.00291,\n    \"113\": 0.00291,\n    \"114\": 0.00291,\n    \"115\": 0.00291,\n    \"117\": 0.00583,\n    \"118\": 0.00583,\n    \"119\": 0.00583,\n    \"120\": 0.01457,\n    \"121\": 0.00874,\n    \"122\": 0.07283,\n    \"123\": 0.7836,\n    \"124\": 0.41073,\n    _: \"79 91 93 94 95 96 97 98 99 101 102 104 116\"\n  },\n  E: {\n    \"14\": 0.00874,\n    _: \"0 4 5 6 7 8 9 10 11 12 13 15 3.1 3.2 5.1 6.1 7.1 10.1 11.1\",\n    \"9.1\": 0.0437,\n    \"12.1\": 0.00291,\n    \"13.1\": 0.00583,\n    \"14.1\": 0.01457,\n    \"15.1\": 0.00291,\n    \"15.2-15.3\": 0.00291,\n    \"15.4\": 0.00291,\n    \"15.5\": 0.00583,\n    \"15.6\": 0.03204,\n    \"16.0\": 0.00874,\n    \"16.1\": 0.03787,\n    \"16.2\": 0.00874,\n    \"16.3\": 0.01457,\n    \"16.4\": 0.00291,\n    \"16.5\": 0.00583,\n    \"16.6\": 0.04661,\n    \"17.0\": 0.00583,\n    \"17.1\": 0.01165,\n    \"17.2\": 0.02039,\n    \"17.3\": 0.03496,\n    \"17.4\": 0.0903,\n    \"17.5\": 0.00291\n  },\n  G: {\n    \"8\": 0,\n    \"3.2\": 0,\n    \"4.0-4.1\": 0,\n    \"4.2-4.3\": 0.0006,\n    \"5.0-5.1\": 0.0006,\n    \"6.0-6.1\": 0.00149,\n    \"7.0-7.1\": 0.00238,\n    \"8.1-8.4\": 0.0006,\n    \"9.0-9.2\": 0.00149,\n    \"9.3\": 0.00744,\n    \"10.0-10.2\": 0.00149,\n    \"10.3\": 0.01191,\n    \"11.0-11.2\": 0.01012,\n    \"11.3-11.4\": 0.00298,\n    \"12.0-12.1\": 0.00208,\n    \"12.2-12.5\": 0.04852,\n    \"13.0-13.1\": 0.00089,\n    \"13.2\": 0.00982,\n    \"13.3\": 0.00238,\n    \"13.4-13.7\": 0.00923,\n    \"14.0-14.4\": 0.01816,\n    \"14.5-14.8\": 0.02768,\n    \"15.0-15.1\": 0.0128,\n    \"15.2-15.3\": 0.01459,\n    \"15.4\": 0.01667,\n    \"15.5\": 0.02113,\n    \"15.6-15.8\": 0.18455,\n    \"16.0\": 0.04316,\n    \"16.1\": 0.08989,\n    \"16.2\": 0.04316,\n    \"16.3\": 0.0762,\n    \"16.4\": 0.01578,\n    \"16.5\": 0.03304,\n    \"16.6-16.7\": 0.26104,\n    \"17.0\": 0.03125,\n    \"17.1\": 0.05774,\n    \"17.2\": 0.07679,\n    \"17.3\": 0.56018,\n    \"17.4\": 1.26443,\n    \"17.5\": 0.01161\n  },\n  P: {\n    \"4\": 0.17917,\n    \"20\": 0.02108,\n    \"21\": 0.02108,\n    \"22\": 0.01054,\n    \"23\": 0.0527,\n    \"24\": 0.40051,\n    \"5.0-5.4\": 0.01054,\n    \"6.2-6.4\": 0.01054,\n    \"7.2-7.4\": 0.02108,\n    _: \"8.2 10.1 11.1-11.2 12.0 14.0 15.0 16.0\",\n    \"9.2\": 0.01054,\n    \"13.0\": 0.01054,\n    \"17.0\": 0.03162,\n    \"18.0\": 0.01054,\n    \"19.0\": 0.01054\n  },\n  I: {\n    \"0\": 0.04235,\n    \"3\": 0,\n    \"4\": 0,\n    \"2.1\": 0,\n    \"2.2\": 0,\n    \"2.3\": 0,\n    \"4.1\": 0.00001,\n    \"4.2-4.3\": 0.00003,\n    \"4.4\": 0,\n    \"4.4.3-4.4.4\": 0.00011\n  },\n  A: {\n    \"8\": 0.01818,\n    \"9\": 0.00606,\n    \"10\": 0.00303,\n    \"11\": 0.12421,\n    _: \"6 7 5.5\"\n  },\n  K: {\n    \"0\": 2.48763,\n    _: \"10 11 12 11.1 11.5 12.1\"\n  },\n  J: {\n    _: \"7 10\"\n  },\n  N: {\n    _: \"10 11\"\n  },\n  S: {\n    \"2.5\": 0.07087,\n    _: \"3.0-3.1\"\n  },\n  Q: {\n    _: \"14.9\"\n  },\n  O: {\n    \"0\": 3.51515\n  },\n  H: {\n    \"0\": 0.17\n  },\n  L: {\n    \"0\": 62.8921\n  },\n  R: {\n    _: \"0\"\n  },\n  M: {\n    \"0\": 0.63783\n  }\n};","map":{"version":3,"names":["module","exports","C","_","D","F","B","E","G","P","I","A","K","J","N","S","Q","O","H","L","R","M"],"sources":["C:/Users/chest/OneDrive/Documentos/GitHub/HackUPC/frontend/node_modules/caniuse-lite/data/regions/PK.js"],