{"ast":null,"code":"module.exports = {\n  C: {\n    \"50\": 0.02657,\n    \"52\": 0.11157,\n    \"53\": 0.03188,\n    \"56\": 0.03188,\n    \"68\": 0.00531,\n    \"75\": 0.00531,\n    \"78\": 0.01594,\n    \"80\": 0.00531,\n    \"81\": 0.00531,\n    \"82\": 0.00531,\n    \"83\": 0.01063,\n    \"84\": 0.00531,\n    \"88\": 0.01063,\n    \"91\": 0.00531,\n    \"96\": 0.00531,\n    \"97\": 0.00531,\n    \"99\": 0.00531,\n    \"100\": 0.0797,\n    \"102\": 0.01063,\n    \"103\": 0.01594,\n    \"104\": 0.00531,\n    \"105\": 0.01063,\n    \"106\": 0.00531,\n    \"107\": 0.01594,\n    \"108\": 0.00531,\n    \"109\": 0.00531,\n    \"110\": 0.00531,\n    \"111\": 0.00531,\n    \"112\": 0.00531,\n    \"113\": 0.02125,\n    \"114\": 0.01063,\n    \"115\": 0.79164,\n    \"116\": 0.00531,\n    \"117\": 0.01063,\n    \"118\": 0.01063,\n    \"119\": 0.01594,\n    \"120\": 0.02657,\n    \"121\": 0.03719,\n    \"122\": 0.03188,\n    \"123\": 0.13814,\n    \"124\": 3.9635,\n    \"125\": 2.21552,\n    \"126\": 0.00531,\n    _: \"2 3 4 5 6 7 8 9 10 11 12 13 14 15 16 17 18 19 20 21 22 23 24 25 26 27 28 29 30 31 32 33 34 35 36 37 38 39 40 41 42 43 44 45 46 47 48 49 51 54 55 57 58 59 60 61 62 63 64 65 66 67 69 70 71 72 73 74 76 77 79 85 86 87 89 90 92 93 94 95 98 101 127 128 3.5 3.6\"\n  },\n  D: {\n    \"34\": 0.00531,\n    \"38\": 0.00531,\n    \"41\": 0.01063,\n    \"49\": 0.02125,\n    \"51\": 0.00531,\n    \"56\": 0.00531,\n    \"68\": 0.00531,\n    \"69\": 0.00531,\n    \"74\": 0.02125,\n    \"79\": 0.0425,\n    \"80\": 0.00531,\n    \"81\": 0.01063,\n    \"83\": 0.00531,\n    \"84\": 0.01063,\n    \"85\": 0.03719,\n    \"86\": 0.00531,\n    \"87\": 0.0425,\n    \"88\": 0.00531,\n    \"89\": 0.01594,\n    \"90\": 0.01063,\n    \"91\": 0.01594,\n    \"92\": 0.00531,\n    \"93\": 0.01063,\n    \"94\": 0.0425,\n    \"95\": 0.00531,\n    \"96\": 0.01063,\n    \"97\": 0.00531,\n    \"98\": 0.00531,\n    \"99\": 0.01063,\n    \"100\": 0.00531,\n    \"102\": 0.26565,\n    \"103\": 0.0425,\n    \"104\": 0.02657,\n    \"105\": 0.01063,\n    \"106\": 0.02125,\n    \"107\": 0.01594,\n    \"108\": 0.02125,\n    \"109\": 1.3495,\n    \"110\": 0.01063,\n    \"111\": 0.01594,\n    \"112\": 0.02125,\n    \"113\": 0.0797,\n    \"114\": 0.12751,\n    \"115\": 0.02657,\n    \"116\": 0.08501,\n    \"117\": 0.09563,\n    \"118\": 0.03188,\n    \"119\": 0.05844,\n    \"120\": 1.06791,\n    \"121\": 0.35066,\n    \"122\": 1.30169,\n    \"123\": 17.42664,\n    \"124\": 6.72095,\n    \"125\": 0.01594,\n    _: \"4 5 6 7 8 9 10 11 12 13 14 15 16 17 18 19 20 21 22 23 24 25 26 27 28 29 30 31 32 33 35 36 37 39 40 42 43 44 45 46 47 48 50 52 53 54 55 57 58 59 60 61 62 63 64 65 66 67 70 71 72 73 75 76 77 78 101 126 127\"\n  },\n  F: {\n    \"36\": 0.00531,\n    \"46\": 0.00531,\n    \"69\": 0.00531,\n    \"70\": 0.00531,\n    \"75\": 0.00531,\n    \"79\": 0.00531,\n    \"84\": 0.00531,\n    \"85\": 0.01594,\n    \"95\": 0.14876,\n    \"105\": 0.00531,\n    \"106\": 0.01063,\n    \"107\": 1.40795,\n    \"108\": 1.2273,\n    \"109\": 0.79695,\n    _: \"9 11 12 15 16 17 18 19 20 21 22 23 24 25 26 27 28 29 30 31 32 33 34 35 37 38 39 40 41 42 43 44 45 47 48 49 50 51 52 53 54 55 56 57 58 60 62 63 64 65 66 67 68 71 72 73 74 76 77 78 80 81 82 83 86 87 88 89 90 91 92 93 94 96 97 98 99 100 101 102 103 104 9.5-9.6 10.0-10.1 10.5 10.6 11.1 11.5 11.6 12.1\"\n  },\n  B: {\n    \"16\": 0.00531,\n    \"17\": 0.00531,\n    \"18\": 0.00531,\n    \"85\": 0.00531,\n    \"92\": 0.01063,\n    \"96\": 0.00531,\n    \"105\": 0.00531,\n    \"107\": 0.00531,\n    \"108\": 0.00531,\n    \"109\": 0.10095,\n    \"111\": 0.01063,\n    \"112\": 0.00531,\n    \"113\": 0.01063,\n    \"114\": 0.03719,\n    \"116\": 0.00531,\n    \"117\": 0.00531,\n    \"118\": 0.07438,\n    \"119\": 0.01063,\n    \"120\": 0.07438,\n    \"121\": 0.08501,\n    \"122\": 0.34003,\n    \"123\": 4.97297,\n    \"124\": 2.38554,\n    _: \"12 13 14 15 79 80 81 83 84 86 87 88 89 90 91 93 94 95 97 98 99 100 101 102 103 104 106 110 115\"\n  },\n  E: {\n    \"9\": 0.00531,\n    \"13\": 0.00531,\n    \"14\": 0.01594,\n    _: \"0 4 5 6 7 8 10 11 12 15 3.1 3.2 5.1 6.1 7.1 9.1 10.1 11.1\",\n    \"12.1\": 0.00531,\n    \"13.1\": 0.05313,\n    \"14.1\": 0.03719,\n    \"15.1\": 0.01063,\n    \"15.2-15.3\": 0.01063,\n    \"15.4\": 0.01594,\n    \"15.5\": 0.01594,\n    \"15.6\": 0.17002,\n    \"16.0\": 0.02125,\n    \"16.1\": 0.04782,\n    \"16.2\": 0.0425,\n    \"16.3\": 0.05844,\n    \"16.4\": 0.02125,\n    \"16.5\": 0.06907,\n    \"16.6\": 0.19127,\n    \"17.0\": 0.04782,\n    \"17.1\": 0.09032,\n    \"17.2\": 0.1222,\n    \"17.3\": 0.29753,\n    \"17.4\": 0.92446,\n    \"17.5\": 0.00531\n  },\n  G: {\n    \"8\": 0,\n    \"3.2\": 0,\n    \"4.0-4.1\": 0,\n    \"4.2-4.3\": 0.00192,\n    \"5.0-5.1\": 0.00192,\n    \"6.0-6.1\": 0.00479,\n    \"7.0-7.1\": 0.00767,\n    \"8.1-8.4\": 0.00192,\n    \"9.0-9.2\": 0.00479,\n    \"9.3\": 0.02396,\n    \"10.0-10.2\": 0.00479,\n    \"10.3\": 0.03834,\n    \"11.0-11.2\": 0.03259,\n    \"11.3-11.4\": 0.00958,\n    \"12.0-12.1\": 0.00671,\n    \"12.2-12.5\": 0.15623,\n    \"13.0-13.1\": 0.00288,\n    \"13.2\": 0.03163,\n    \"13.3\": 0.00767,\n    \"13.4-13.7\": 0.02971,\n    \"14.0-14.4\": 0.05847,\n    \"14.5-14.8\": 0.08914,\n    \"15.0-15.1\": 0.04122,\n    \"15.2-15.3\": 0.04697,\n    \"15.4\": 0.05368,\n    \"15.5\": 0.06805,\n    \"15.6-15.8\": 0.59426,\n    \"16.0\": 0.13898,\n    \"16.1\": 0.28946,\n    \"16.2\": 0.13898,\n    \"16.3\": 0.24537,\n    \"16.4\": 0.0508,\n    \"16.5\": 0.10639,\n    \"16.6-16.7\": 0.8406,\n    \"17.0\": 0.10064,\n    \"17.1\": 0.18595,\n    \"17.2\": 0.24729,\n    \"17.3\": 1.80388,\n    \"17.4\": 4.07167,\n    \"17.5\": 0.03738\n  },\n  P: {\n    \"4\": 0.05214,\n    \"20\": 0.02086,\n    \"21\": 0.04171,\n    \"22\": 0.04171,\n    \"23\": 0.19813,\n    \"24\": 2.15853,\n    _: \"5.0-5.4 6.2-6.4 7.2-7.4 8.2 9.2 10.1 11.1-11.2 12.0 14.0 15.0 16.0\",\n    \"13.0\": 0.01043,\n    \"17.0\": 0.01043,\n    \"18.0\": 0.01043,\n    \"19.0\": 0.01043\n  },\n  I: {\n    \"0\": 0.12136,\n    \"3\": 0,\n    \"4\": 0.00001,\n    \"2.1\": 0,\n    \"2.2\": 0,\n    \"2.3\": 0,\n    \"4.1\": 0.00002,\n    \"4.2-4.3\": 0.00007,\n    \"4.4\": 0,\n    \"4.4.3-4.4.4\": 0.0003\n  },\n  A: {\n    \"8\": 0.01096,\n    \"10\": 0.07123,\n    \"11\": 0.09314,\n    _: \"6 7 9 5.5\"\n  },\n  K: {\n    \"0\": 0.68368,\n    _: \"10 11 12 11.1 11.5 12.1\"\n  },\n  J: {\n    _: \"7 10\"\n  },\n  N: {\n    _: \"10 11\"\n  },\n  S: {\n    _: \"2.5 3.0-3.1\"\n  },\n  Q: {\n    _: \"14.9\"\n  },\n  O: {\n    \"0\": 0.10311\n  },\n  H: {\n    \"0\": 0.01\n  },\n  L: {\n    \"0\": 33.76537\n  },\n  R: {\n    _: \"0\"\n  },\n  M: {\n    \"0\": 0.41246\n  }\n};","map":{"version":3,"names":["module","exports","C","_","D","F","B","E","G","P","I","A","K","J","N","S","Q","O","H","L","R","M"],"sources":["C:/Users/chest/OneDrive/Documentos/GitHub/HackUPC/frontend/node_modules/caniuse-lite/data/regions/CZ.js"],