{"ast":null,"code":"module.exports = {\n  C: {\n    \"4\": 0.05307,\n    \"11\": 0.00663,\n    \"69\": 0.00332,\n    \"78\": 0.00332,\n    \"98\": 0.04312,\n    \"103\": 0.00332,\n    \"114\": 0.01327,\n    \"115\": 0.16253,\n    \"116\": 0.00995,\n    \"117\": 0.00995,\n    \"118\": 0.00663,\n    \"121\": 0.01327,\n    \"122\": 0.01659,\n    \"123\": 0.04312,\n    \"124\": 0.84252,\n    \"125\": 0.42458,\n    \"126\": 0.00663,\n    _: \"2 3 5 6 7 8 9 10 12 13 14 15 16 17 18 19 20 21 22 23 24 25 26 27 28 29 30 31 32 33 34 35 36 37 38 39 40 41 42 43 44 45 46 47 48 49 50 51 52 53 54 55 56 57 58 59 60 61 62 63 64 65 66 67 68 70 71 72 73 74 75 76 77 79 80 81 82 83 84 85 86 87 88 89 90 91 92 93 94 95 96 97 99 100 101 102 104 105 106 107 108 109 110 111 112 113 119 120 127 128 3.5 3.6\"\n  },\n  D: {\n    \"11\": 0.00332,\n    \"31\": 0.00332,\n    \"38\": 0.00663,\n    \"47\": 0.00332,\n    \"49\": 0.00332,\n    \"56\": 0.00663,\n    \"64\": 0.00332,\n    \"65\": 0.00332,\n    \"68\": 0.00332,\n    \"69\": 0.01327,\n    \"70\": 0.00332,\n    \"73\": 0.00332,\n    \"74\": 0.00332,\n    \"75\": 0.00332,\n    \"76\": 0.00663,\n    \"77\": 0.00332,\n    \"78\": 0.00332,\n    \"79\": 0.11278,\n    \"81\": 0.00663,\n    \"83\": 0.02654,\n    \"85\": 0.00332,\n    \"86\": 0.00663,\n    \"87\": 0.07629,\n    \"88\": 0.03649,\n    \"91\": 0.84252,\n    \"92\": 0.00332,\n    \"93\": 0.00663,\n    \"94\": 0.00663,\n    \"96\": 0.01327,\n    \"97\": 0.00332,\n    \"98\": 0.00332,\n    \"99\": 0.02654,\n    \"100\": 0.00332,\n    \"101\": 0.05307,\n    \"102\": 0.00663,\n    \"103\": 0.08624,\n    \"104\": 0.00663,\n    \"105\": 0.00332,\n    \"106\": 0.00995,\n    \"107\": 0.00332,\n    \"108\": 0.01659,\n    \"109\": 2.01342,\n    \"110\": 0.00995,\n    \"111\": 0.00995,\n    \"112\": 0.00663,\n    \"113\": 0.00663,\n    \"114\": 0.06302,\n    \"115\": 0.01659,\n    \"116\": 0.06966,\n    \"117\": 0.01327,\n    \"118\": 0.00995,\n    \"119\": 0.04976,\n    \"120\": 0.20565,\n    \"121\": 0.15258,\n    \"122\": 0.8193,\n    \"123\": 12.35914,\n    \"124\": 4.84282,\n    \"125\": 0.00995,\n    \"126\": 0.00332,\n    _: \"4 5 6 7 8 9 10 12 13 14 15 16 17 18 19 20 21 22 23 24 25 26 27 28 29 30 32 33 34 35 36 37 39 40 41 42 43 44 45 46 48 50 51 52 53 54 55 57 58 59 60 61 62 63 66 67 71 72 80 84 89 90 95 127\"\n  },\n  F: {\n    \"28\": 0.00332,\n    \"39\": 0.00332,\n    \"74\": 0.00332,\n    \"81\": 0.00332,\n    \"86\": 0.00663,\n    \"95\": 0.0199,\n    \"106\": 0.00663,\n    \"107\": 0.98515,\n    \"108\": 0.3516,\n    \"109\": 0.10946,\n    _: \"9 11 12 15 16 17 18 19 20 21 22 23 24 25 26 27 29 30 31 32 33 34 35 36 37 38 40 41 42 43 44 45 46 47 48 49 50 51 52 53 54 55 56 57 58 60 62 63 64 65 66 67 68 69 70 71 72 73 75 76 77 78 79 80 82 83 84 85 87 88 89 90 91 92 93 94 96 97 98 99 100 101 102 103 104 105 9.5-9.6 10.0-10.1 10.5 10.6 11.1 11.5 11.6 12.1\"\n  },\n  B: {\n    \"18\": 0.00663,\n    \"84\": 0.00663,\n    \"92\": 0.03317,\n    \"100\": 0.00332,\n    \"109\": 0.05639,\n    \"111\": 0.06634,\n    \"112\": 0.00332,\n    \"114\": 0.01327,\n    \"115\": 0.00332,\n    \"117\": 0.00995,\n    \"118\": 0.00332,\n    \"119\": 0.02322,\n    \"120\": 0.0199,\n    \"121\": 0.02322,\n    \"122\": 0.17248,\n    \"123\": 2.4778,\n    \"124\": 1.11783,\n    _: \"12 13 14 15 16 17 79 80 81 83 85 86 87 88 89 90 91 93 94 95 96 97 98 99 101 102 103 104 105 106 107 108 110 113 116\"\n  },\n  E: {\n    \"14\": 0.02654,\n    _: \"0 4 5 6 7 8 9 10 11 12 13 15 3.1 3.2 6.1 7.1 9.1 10.1 11.1 12.1 15.2-15.3 17.5\",\n    \"5.1\": 0.00995,\n    \"13.1\": 0.00995,\n    \"14.1\": 0.03649,\n    \"15.1\": 0.00995,\n    \"15.4\": 0.00332,\n    \"15.5\": 0.00332,\n    \"15.6\": 0.04644,\n    \"16.0\": 0.00332,\n    \"16.1\": 0.01327,\n    \"16.2\": 0.00995,\n    \"16.3\": 0.01327,\n    \"16.4\": 0.00663,\n    \"16.5\": 0.27199,\n    \"16.6\": 0.09619,\n    \"17.0\": 0.00995,\n    \"17.1\": 0.04644,\n    \"17.2\": 0.03649,\n    \"17.3\": 0.10283,\n    \"17.4\": 0.26536\n  },\n  G: {\n    \"8\": 0,\n    \"3.2\": 0,\n    \"4.0-4.1\": 0,\n    \"4.2-4.3\": 0.00125,\n    \"5.0-5.1\": 0.00125,\n    \"6.0-6.1\": 0.00314,\n    \"7.0-7.1\": 0.00502,\n    \"8.1-8.4\": 0.00125,\n    \"9.0-9.2\": 0.00314,\n    \"9.3\": 0.01569,\n    \"10.0-10.2\": 0.00314,\n    \"10.3\": 0.0251,\n    \"11.0-11.2\": 0.02133,\n    \"11.3-11.4\": 0.00627,\n    \"12.0-12.1\": 0.00439,\n    \"12.2-12.5\": 0.10227,\n    \"13.0-13.1\": 0.00188,\n    \"13.2\": 0.02071,\n    \"13.3\": 0.00502,\n    \"13.4-13.7\": 0.01945,\n    \"14.0-14.4\": 0.03827,\n    \"14.5-14.8\": 0.05835,\n    \"15.0-15.1\": 0.02698,\n    \"15.2-15.3\": 0.03074,\n    \"15.4\": 0.03514,\n    \"15.5\": 0.04455,\n    \"15.6-15.8\": 0.38901,\n    \"16.0\": 0.09098,\n    \"16.1\": 0.18949,\n    \"16.2\": 0.09098,\n    \"16.3\": 0.16062,\n    \"16.4\": 0.03325,\n    \"16.5\": 0.06965,\n    \"16.6-16.7\": 0.55026,\n    \"17.0\": 0.06588,\n    \"17.1\": 0.12172,\n    \"17.2\": 0.16188,\n    \"17.3\": 1.18084,\n    \"17.4\": 2.66536,\n    \"17.5\": 0.02447\n  },\n  P: {\n    \"4\": 0.18695,\n    \"20\": 0.03116,\n    \"21\": 0.10386,\n    \"22\": 0.16618,\n    \"23\": 0.43621,\n    \"24\": 1.98372,\n    _: \"5.0-5.4 10.1 12.0\",\n    \"6.2-6.4\": 0.02077,\n    \"7.2-7.4\": 0.36351,\n    \"8.2\": 0.01039,\n    \"9.2\": 0.01039,\n    \"11.1-11.2\": 0.0727,\n    \"13.0\": 0.01039,\n    \"14.0\": 0.01039,\n    \"15.0\": 0.01039,\n    \"16.0\": 0.03116,\n    \"17.0\": 0.02077,\n    \"18.0\": 0.02077,\n    \"19.0\": 0.0727\n  },\n  I: {\n    \"0\": 0.09316,\n    \"3\": 0,\n    \"4\": 0.00001,\n    \"2.1\": 0,\n    \"2.2\": 0,\n    \"2.3\": 0,\n    \"4.1\": 0.00002,\n    \"4.2-4.3\": 0.00006,\n    \"4.4\": 0,\n    \"4.4.3-4.4.4\": 0.00023\n  },\n  A: {\n    \"11\": 0.03317,\n    _: \"6 7 8 9 10 5.5\"\n  },\n  K: {\n    \"0\": 0.62811,\n    _: \"10 11 12 11.1 11.5 12.1\"\n  },\n  J: {\n    _: \"7 10\"\n  },\n  N: {\n    _: \"10 11\"\n  },\n  S: {\n    \"2.5\": 0.00668,\n    _: \"3.0-3.1\"\n  },\n  Q: {\n    _: \"14.9\"\n  },\n  O: {\n    \"0\": 0.13364\n  },\n  H: {\n    \"0\": 0\n  },\n  L: {\n    \"0\": 58.12458\n  },\n  R: {\n    _: \"0\"\n  },\n  M: {\n    \"0\": 0.20714\n  }\n};","map":{"version":3,"names":["module","exports","C","_","D","F","B","E","G","P","I","A","K","J","N","S","Q","O","H","L","R","M"],"sources":["C:/Users/chest/OneDrive/Documentos/GitHub/HackUPC/frontend/node_modules/caniuse-lite/data/regions/NI.js"],