{"ast":null,"code":"module.exports = {\n  C: {\n    \"115\": 0.01105,\n    \"119\": 0.01105,\n    \"122\": 0.01105,\n    \"123\": 0.14368,\n    \"124\": 1.39255,\n    \"125\": 0.83443,\n    _: \"2 3 4 5 6 7 8 9 10 11 12 13 14 15 16 17 18 19 20 21 22 23 24 25 26 27 28 29 30 31 32 33 34 35 36 37 38 39 40 41 42 43 44 45 46 47 48 49 50 51 52 53 54 55 56 57 58 59 60 61 62 63 64 65 66 67 68 69 70 71 72 73 74 75 76 77 78 79 80 81 82 83 84 85 86 87 88 89 90 91 92 93 94 95 96 97 98 99 100 101 102 103 104 105 106 107 108 109 110 111 112 113 114 116 117 118 120 121 126 127 128 3.5 3.6\"\n  },\n  D: {\n    \"38\": 0.01105,\n    \"73\": 0.03316,\n    \"78\": 0.01105,\n    \"79\": 0.0221,\n    \"87\": 0.0221,\n    \"93\": 0.0221,\n    \"97\": 0.01105,\n    \"103\": 0.28735,\n    \"108\": 0.04421,\n    \"109\": 0.26525,\n    \"110\": 0.04421,\n    \"116\": 3.96767,\n    \"120\": 0.28735,\n    \"121\": 0.43655,\n    \"122\": 0.59128,\n    \"123\": 21.55693,\n    \"124\": 6.2057,\n    _: \"4 5 6 7 8 9 10 11 12 13 14 15 16 17 18 19 20 21 22 23 24 25 26 27 28 29 30 31 32 33 34 35 36 37 39 40 41 42 43 44 45 46 47 48 49 50 51 52 53 54 55 56 57 58 59 60 61 62 63 64 65 66 67 68 69 70 71 72 74 75 76 77 80 81 83 84 85 86 88 89 90 91 92 94 95 96 98 99 100 101 102 104 105 106 107 111 112 113 114 115 117 118 119 125 126 127\"\n  },\n  F: {\n    \"50\": 0.01105,\n    \"52\": 0.01105,\n    \"107\": 0.24314,\n    \"108\": 0.12157,\n    _: \"9 11 12 15 16 17 18 19 20 21 22 23 24 25 26 27 28 29 30 31 32 33 34 35 36 37 38 39 40 41 42 43 44 45 46 47 48 49 51 53 54 55 56 57 58 60 62 63 64 65 66 67 68 69 70 71 72 73 74 75 76 77 78 79 80 81 82 83 84 85 86 87 88 89 90 91 92 93 94 95 96 97 98 99 100 101 102 103 104 105 106 109 9.5-9.6 10.0-10.1 10.5 10.6 11.1 11.5 11.6 12.1\"\n  },\n  B: {\n    \"18\": 0.01105,\n    \"89\": 0.05526,\n    \"92\": 0.0221,\n    \"113\": 0.16578,\n    \"115\": 0.03316,\n    \"117\": 0.07736,\n    \"118\": 0.03316,\n    \"119\": 0.14368,\n    \"120\": 1.3594,\n    \"121\": 0.66865,\n    \"122\": 0.30946,\n    \"123\": 4.9734,\n    \"124\": 1.19362,\n    _: \"12 13 14 15 16 17 79 80 81 83 84 85 86 87 88 90 91 93 94 95 96 97 98 99 100 101 102 103 104 105 106 107 108 109 110 111 112 114 116\"\n  },\n  E: {\n    _: \"0 4 5 6 7 8 9 10 11 12 13 14 15 3.1 3.2 5.1 6.1 7.1 10.1 11.1 12.1 14.1 15.2-15.3 15.4 15.5 16.2 16.3 16.4 17.0 17.5\",\n    \"9.1\": 0.01105,\n    \"13.1\": 0.0221,\n    \"15.1\": 0.01105,\n    \"15.6\": 0.03316,\n    \"16.0\": 0.01105,\n    \"16.1\": 0.2763,\n    \"16.5\": 0.13262,\n    \"16.6\": 0.05526,\n    \"17.1\": 0.17683,\n    \"17.2\": 0.01105,\n    \"17.3\": 2.47565,\n    \"17.4\": 1.82911\n  },\n  G: {\n    \"8\": 0,\n    \"3.2\": 0,\n    \"4.0-4.1\": 0,\n    \"4.2-4.3\": 0.00191,\n    \"5.0-5.1\": 0.00191,\n    \"6.0-6.1\": 0.00478,\n    \"7.0-7.1\": 0.00765,\n    \"8.1-8.4\": 0.00191,\n    \"9.0-9.2\": 0.00478,\n    \"9.3\": 0.02389,\n    \"10.0-10.2\": 0.00478,\n    \"10.3\": 0.03823,\n    \"11.0-11.2\": 0.03249,\n    \"11.3-11.4\": 0.00956,\n    \"12.0-12.1\": 0.00669,\n    \"12.2-12.5\": 0.15577,\n    \"13.0-13.1\": 0.00287,\n    \"13.2\": 0.03154,\n    \"13.3\": 0.00765,\n    \"13.4-13.7\": 0.02963,\n    \"14.0-14.4\": 0.05829,\n    \"14.5-14.8\": 0.08888,\n    \"15.0-15.1\": 0.04109,\n    \"15.2-15.3\": 0.04683,\n    \"15.4\": 0.05352,\n    \"15.5\": 0.06785,\n    \"15.6-15.8\": 0.5925,\n    \"16.0\": 0.13857,\n    \"16.1\": 0.28861,\n    \"16.2\": 0.13857,\n    \"16.3\": 0.24465,\n    \"16.4\": 0.05065,\n    \"16.5\": 0.10608,\n    \"16.6-16.7\": 0.8381,\n    \"17.0\": 0.10034,\n    \"17.1\": 0.1854,\n    \"17.2\": 0.24656,\n    \"17.3\": 1.79853,\n    \"17.4\": 4.05959,\n    \"17.5\": 0.03727\n  },\n  P: {\n    \"21\": 0.03447,\n    \"22\": 0.02298,\n    \"23\": 0.04596,\n    \"24\": 0.80422,\n    _: \"4 20 5.0-5.4 6.2-6.4 8.2 9.2 10.1 11.1-11.2 12.0 13.0 14.0 15.0 16.0 17.0 18.0\",\n    \"7.2-7.4\": 0.01149,\n    \"19.0\": 0.01149\n  },\n  I: {\n    \"0\": 0.05347,\n    \"3\": 0,\n    \"4\": 0.00001,\n    \"2.1\": 0,\n    \"2.2\": 0,\n    \"2.3\": 0,\n    \"4.1\": 0.00001,\n    \"4.2-4.3\": 0.00003,\n    \"4.4\": 0,\n    \"4.4.3-4.4.4\": 0.00013\n  },\n  A: {\n    _: \"6 7 8 9 10 11 5.5\"\n  },\n  K: {\n    \"0\": 0.30423,\n    _: \"10 11 12 11.1 11.5 12.1\"\n  },\n  J: {\n    _: \"7 10\"\n  },\n  N: {\n    _: \"10 11\"\n  },\n  S: {\n    \"2.5\": 0.00895,\n    _: \"3.0-3.1\"\n  },\n  Q: {\n    _: \"14.9\"\n  },\n  O: {\n    \"0\": 0.1208\n  },\n  H: {\n    \"0\": 0\n  },\n  L: {\n    \"0\": 35.04508\n  },\n  R: {\n    _: \"0\"\n  },\n  M: {\n    \"0\": 1.45405\n  }\n};","map":{"version":3,"names":["module","exports","C","_","D","F","B","E","G","P","I","A","K","J","N","S","Q","O","H","L","R","M"],"sources":["C:/Users/chest/OneDrive/Documentos/GitHub/HackUPC/frontend/node_modules/caniuse-lite/data/regions/MH.js"],