{"ast":null,"code":"module.exports = {\n  C: {\n    \"38\": 0.00319,\n    \"52\": 0.00957,\n    \"66\": 0.00319,\n    \"67\": 0.01914,\n    \"68\": 0.00957,\n    \"80\": 0.00319,\n    \"81\": 0.00319,\n    \"84\": 0.00319,\n    \"88\": 0.00319,\n    \"96\": 0.00319,\n    \"99\": 0.00319,\n    \"101\": 0.00319,\n    \"103\": 0.00319,\n    \"106\": 0.00319,\n    \"108\": 0.00319,\n    \"110\": 0.00319,\n    \"113\": 0.00319,\n    \"115\": 0.14036,\n    \"116\": 0.00319,\n    \"118\": 0.02233,\n    \"119\": 0.00638,\n    \"121\": 0.00319,\n    \"122\": 0.00638,\n    \"123\": 0.02233,\n    \"124\": 0.33814,\n    \"125\": 0.16907,\n    \"126\": 0.00319,\n    _: \"2 3 4 5 6 7 8 9 10 11 12 13 14 15 16 17 18 19 20 21 22 23 24 25 26 27 28 29 30 31 32 33 34 35 36 37 39 40 41 42 43 44 45 46 47 48 49 50 51 53 54 55 56 57 58 59 60 61 62 63 64 65 69 70 71 72 73 74 75 76 77 78 79 82 83 85 86 87 89 90 91 92 93 94 95 97 98 100 102 104 105 107 109 111 112 114 117 120 127 128 3.5\",\n    \"3.6\": 0.00319\n  },\n  D: {\n    \"11\": 0.00319,\n    \"27\": 0.00319,\n    \"35\": 0.00957,\n    \"39\": 0.00319,\n    \"40\": 0.00319,\n    \"41\": 0.00319,\n    \"43\": 0.00319,\n    \"44\": 0.00319,\n    \"45\": 0.00319,\n    \"46\": 0.00319,\n    \"47\": 0.00319,\n    \"49\": 0.02233,\n    \"50\": 0.00319,\n    \"51\": 0.00319,\n    \"56\": 0.00638,\n    \"59\": 0.16269,\n    \"61\": 0.00319,\n    \"62\": 0.00319,\n    \"64\": 0.00319,\n    \"66\": 0.01914,\n    \"68\": 0.00638,\n    \"69\": 0.00638,\n    \"70\": 0.00319,\n    \"71\": 0.00319,\n    \"72\": 0.00319,\n    \"73\": 0.00319,\n    \"75\": 0.00319,\n    \"77\": 0.00319,\n    \"78\": 0.00319,\n    \"79\": 0.01595,\n    \"80\": 0.00957,\n    \"81\": 0.00319,\n    \"83\": 0.02871,\n    \"84\": 0.00638,\n    \"85\": 0.00957,\n    \"86\": 0.00957,\n    \"87\": 0.01276,\n    \"88\": 0.00319,\n    \"89\": 0.00957,\n    \"90\": 0.00319,\n    \"91\": 0.01595,\n    \"92\": 0.00319,\n    \"93\": 0.00638,\n    \"94\": 0.00319,\n    \"96\": 0.00319,\n    \"97\": 0.00957,\n    \"98\": 0.00638,\n    \"99\": 0.00957,\n    \"100\": 0.01595,\n    \"101\": 0.00319,\n    \"102\": 0.06061,\n    \"103\": 0.01914,\n    \"104\": 0.00957,\n    \"105\": 0.01914,\n    \"106\": 0.14993,\n    \"107\": 0.02233,\n    \"108\": 0.01595,\n    \"109\": 2.19153,\n    \"110\": 0.01914,\n    \"111\": 0.00957,\n    \"112\": 0.04466,\n    \"113\": 0.01276,\n    \"114\": 0.01276,\n    \"115\": 0.01914,\n    \"116\": 0.04147,\n    \"117\": 0.02552,\n    \"118\": 0.01914,\n    \"119\": 0.05742,\n    \"120\": 0.14355,\n    \"121\": 0.20735,\n    \"122\": 0.3509,\n    \"123\": 12.1858,\n    \"124\": 5.15823,\n    \"125\": 0.02871,\n    \"126\": 0.00319,\n    _: \"4 5 6 7 8 9 10 12 13 14 15 16 17 18 19 20 21 22 23 24 25 26 28 29 30 31 32 33 34 36 37 38 42 48 52 53 54 55 57 58 60 63 65 67 74 76 95 127\"\n  },\n  F: {\n    \"28\": 0.00319,\n    \"53\": 0.01276,\n    \"55\": 0.00638,\n    \"62\": 0.00319,\n    \"77\": 0.00319,\n    \"79\": 0.14674,\n    \"81\": 0.00319,\n    \"86\": 0.00319,\n    \"87\": 0.00319,\n    \"90\": 0.00319,\n    \"93\": 0.00319,\n    \"95\": 0.05423,\n    \"101\": 0.00638,\n    \"102\": 0.00957,\n    \"103\": 0.00319,\n    \"104\": 0.01276,\n    \"105\": 0.07656,\n    \"106\": 0.04466,\n    \"107\": 0.13079,\n    \"108\": 0.17545,\n    \"109\": 0.07656,\n    _: \"9 11 12 15 16 17 18 19 20 21 22 23 24 25 26 27 29 30 31 32 33 34 35 36 37 38 39 40 41 42 43 44 45 46 47 48 49 50 51 52 54 56 57 58 60 63 64 65 66 67 68 69 70 71 72 73 74 75 76 78 80 82 83 84 85 88 89 91 92 94 96 97 98 99 100 9.5-9.6 10.0-10.1 10.5 10.6 11.1 11.5\",\n    \"11.6\": 0.00319,\n    \"12.1\": 0.00638\n  },\n  B: {\n    \"12\": 0.00319,\n    \"14\": 0.00319,\n    \"15\": 0.00319,\n    \"16\": 0.00319,\n    \"17\": 0.01914,\n    \"18\": 0.02871,\n    \"84\": 0.00957,\n    \"89\": 0.00319,\n    \"90\": 0.00319,\n    \"92\": 0.02552,\n    \"100\": 0.00638,\n    \"108\": 0.00319,\n    \"109\": 0.01595,\n    \"110\": 0.00319,\n    \"111\": 0.00319,\n    \"112\": 0.00638,\n    \"114\": 0.00319,\n    \"115\": 0.00638,\n    \"116\": 0.00319,\n    \"117\": 0.00957,\n    \"118\": 0.00638,\n    \"119\": 0.01595,\n    \"120\": 0.02871,\n    \"121\": 0.04785,\n    \"122\": 0.13079,\n    \"123\": 1.49611,\n    \"124\": 0.70499,\n    _: \"13 79 80 81 83 85 86 87 88 91 93 94 95 96 97 98 99 101 102 103 104 105 106 107 113\"\n  },\n  E: {\n    \"9\": 0.00638,\n    \"14\": 0.00319,\n    _: \"0 4 5 6 7 8 10 11 12 13 15 3.1 3.2 6.1 7.1 10.1 12.1\",\n    \"5.1\": 0.35409,\n    \"9.1\": 0.00319,\n    \"11.1\": 0.00957,\n    \"13.1\": 0.00638,\n    \"14.1\": 0.02552,\n    \"15.1\": 0.00319,\n    \"15.2-15.3\": 0.00319,\n    \"15.4\": 0.02233,\n    \"15.5\": 0.00319,\n    \"15.6\": 0.04147,\n    \"16.0\": 0.00319,\n    \"16.1\": 0.02552,\n    \"16.2\": 0.04466,\n    \"16.3\": 0.01914,\n    \"16.4\": 0.00638,\n    \"16.5\": 0.00638,\n    \"16.6\": 0.04466,\n    \"17.0\": 0.00957,\n    \"17.1\": 0.0319,\n    \"17.2\": 0.03828,\n    \"17.3\": 0.06061,\n    \"17.4\": 0.17226,\n    \"17.5\": 0.00319\n  },\n  G: {\n    \"8\": 0,\n    \"3.2\": 0,\n    \"4.0-4.1\": 0,\n    \"4.2-4.3\": 0.00131,\n    \"5.0-5.1\": 0.00131,\n    \"6.0-6.1\": 0.00328,\n    \"7.0-7.1\": 0.00525,\n    \"8.1-8.4\": 0.00131,\n    \"9.0-9.2\": 0.00328,\n    \"9.3\": 0.01641,\n    \"10.0-10.2\": 0.00328,\n    \"10.3\": 0.02626,\n    \"11.0-11.2\": 0.02232,\n    \"11.3-11.4\": 0.00657,\n    \"12.0-12.1\": 0.0046,\n    \"12.2-12.5\": 0.10702,\n    \"13.0-13.1\": 0.00197,\n    \"13.2\": 0.02167,\n    \"13.3\": 0.00525,\n    \"13.4-13.7\": 0.02035,\n    \"14.0-14.4\": 0.04005,\n    \"14.5-14.8\": 0.06106,\n    \"15.0-15.1\": 0.02823,\n    \"15.2-15.3\": 0.03217,\n    \"15.4\": 0.03677,\n    \"15.5\": 0.04662,\n    \"15.6-15.8\": 0.40708,\n    \"16.0\": 0.0952,\n    \"16.1\": 0.19829,\n    \"16.2\": 0.0952,\n    \"16.3\": 0.16808,\n    \"16.4\": 0.0348,\n    \"16.5\": 0.07288,\n    \"16.6-16.7\": 0.57582,\n    \"17.0\": 0.06894,\n    \"17.1\": 0.12738,\n    \"17.2\": 0.1694,\n    \"17.3\": 1.23568,\n    \"17.4\": 2.78915,\n    \"17.5\": 0.02561\n  },\n  P: {\n    \"4\": 0.38237,\n    \"20\": 0.07044,\n    \"21\": 0.161,\n    \"22\": 0.23144,\n    \"23\": 0.61381,\n    \"24\": 1.74081,\n    \"5.0-5.4\": 0.01006,\n    \"6.2-6.4\": 0.07044,\n    \"7.2-7.4\": 0.26162,\n    _: \"8.2\",\n    \"9.2\": 0.02012,\n    \"10.1\": 0.01006,\n    \"11.1-11.2\": 0.04025,\n    \"12.0\": 0.02012,\n    \"13.0\": 0.02012,\n    \"14.0\": 0.02012,\n    \"15.0\": 0.01006,\n    \"16.0\": 0.05031,\n    \"17.0\": 0.06037,\n    \"18.0\": 0.03019,\n    \"19.0\": 0.07044\n  },\n  I: {\n    \"0\": 0.04748,\n    \"3\": 0,\n    \"4\": 0,\n    \"2.1\": 0,\n    \"2.2\": 0,\n    \"2.3\": 0,\n    \"4.1\": 0.00001,\n    \"4.2-4.3\": 0.00003,\n    \"4.4\": 0,\n    \"4.4.3-4.4.4\": 0.00012\n  },\n  A: {\n    \"7\": 0.00332,\n    \"8\": 0.02326,\n    \"9\": 0.00665,\n    \"10\": 0.00332,\n    \"11\": 0.10966,\n    _: \"6 5.5\"\n  },\n  K: {\n    \"0\": 0.42909,\n    _: \"10 11 12 11.1 11.5 12.1\"\n  },\n  J: {\n    _: \"7 10\"\n  },\n  N: {\n    _: \"10 11\"\n  },\n  S: {\n    _: \"2.5 3.0-3.1\"\n  },\n  Q: {\n    \"14.9\": 0.01362\n  },\n  O: {\n    \"0\": 1.86621\n  },\n  H: {\n    \"0\": 0\n  },\n  L: {\n    \"0\": 54.16911\n  },\n  R: {\n    _: \"0\"\n  },\n  M: {\n    \"0\": 0.12941\n  }\n};","map":{"version":3,"names":["module","exports","C","_","D","F","B","E","G","P","I","A","K","J","N","S","Q","O","H","L","R","M"],"sources":["C:/Users/chest/OneDrive/Documentos/GitHub/HackUPC/frontend/node_modules/caniuse-lite/data/regions/UZ.js"],