{"ast":null,"code":"module.exports = {\n  C: {\n    \"43\": 0.0012,\n    \"45\": 0.00241,\n    \"47\": 0.0012,\n    \"52\": 0.00241,\n    \"63\": 0.03609,\n    \"70\": 0.0012,\n    \"72\": 0.01925,\n    \"77\": 0.0012,\n    \"86\": 0.0012,\n    \"96\": 0.00481,\n    \"101\": 0.0012,\n    \"104\": 0.0385,\n    \"106\": 0.03248,\n    \"112\": 0.00241,\n    \"115\": 0.30677,\n    \"117\": 0.0012,\n    \"121\": 0.00481,\n    \"123\": 0.00962,\n    \"124\": 0.59909,\n    \"125\": 0.42466,\n    \"126\": 0.00241,\n    _: \"2 3 4 5 6 7 8 9 10 11 12 13 14 15 16 17 18 19 20 21 22 23 24 25 26 27 28 29 30 31 32 33 34 35 36 37 38 39 40 41 42 44 46 48 49 50 51 53 54 55 56 57 58 59 60 61 62 64 65 66 67 68 69 71 73 74 75 76 78 79 80 81 82 83 84 85 87 88 89 90 91 92 93 94 95 97 98 99 100 102 103 105 107 108 109 110 111 113 114 116 118 119 120 122 127 128 3.5 3.6\"\n  },\n  D: {\n    \"11\": 0.0397,\n    \"47\": 0.00481,\n    \"55\": 0.0012,\n    \"58\": 0.00602,\n    \"65\": 0.0012,\n    \"67\": 0.00481,\n    \"68\": 0.00722,\n    \"70\": 0.00361,\n    \"71\": 0.0012,\n    \"78\": 0.0012,\n    \"79\": 0.03489,\n    \"81\": 0.0012,\n    \"84\": 0.0012,\n    \"85\": 0.00241,\n    \"87\": 0.00481,\n    \"88\": 0.00241,\n    \"89\": 0.00241,\n    \"91\": 0.08541,\n    \"92\": 0.02165,\n    \"93\": 0.0012,\n    \"95\": 0.00962,\n    \"97\": 0.00842,\n    \"101\": 0.00241,\n    \"103\": 0.00361,\n    \"105\": 0.00241,\n    \"106\": 0.0012,\n    \"109\": 0.16,\n    \"111\": 0.01323,\n    \"113\": 0.06617,\n    \"114\": 0.00602,\n    \"115\": 0.00241,\n    \"116\": 0.01684,\n    \"117\": 0.00361,\n    \"118\": 0.0012,\n    \"119\": 0.02887,\n    \"120\": 0.07699,\n    \"121\": 0.02045,\n    \"122\": 0.08421,\n    \"123\": 1.28721,\n    \"124\": 0.58586,\n    _: \"4 5 6 7 8 9 10 12 13 14 15 16 17 18 19 20 21 22 23 24 25 26 27 28 29 30 31 32 33 34 35 36 37 38 39 40 41 42 43 44 45 46 48 49 50 51 52 53 54 56 57 59 60 61 62 63 64 66 69 72 73 74 75 76 77 80 83 86 90 94 96 98 99 100 102 104 107 108 110 112 125 126 127\"\n  },\n  F: {\n    \"37\": 0.00241,\n    \"40\": 0.0012,\n    \"74\": 0.0012,\n    \"79\": 0.00602,\n    \"82\": 0.2791,\n    \"83\": 0.0012,\n    \"95\": 0.03368,\n    \"104\": 0.00722,\n    \"106\": 0.0012,\n    \"107\": 0.00481,\n    \"108\": 0.25143,\n    \"109\": 0.06737,\n    _: \"9 11 12 15 16 17 18 19 20 21 22 23 24 25 26 27 28 29 30 31 32 33 34 35 36 38 39 41 42 43 44 45 46 47 48 49 50 51 52 53 54 55 56 57 58 60 62 63 64 65 66 67 68 69 70 71 72 73 75 76 77 78 80 81 84 85 86 87 88 89 90 91 92 93 94 96 97 98 99 100 101 102 103 105 9.5-9.6 10.0-10.1 10.5 10.6 11.1 11.5 11.6 12.1\"\n  },\n  B: {\n    \"12\": 0.00361,\n    \"13\": 0.00602,\n    \"14\": 0.0012,\n    \"16\": 0.0012,\n    \"17\": 0.01444,\n    \"18\": 0.01323,\n    \"84\": 0.01203,\n    \"89\": 0.0012,\n    \"90\": 0.01684,\n    \"92\": 0.01684,\n    \"99\": 0.0012,\n    \"108\": 0.0012,\n    \"109\": 0.04331,\n    \"111\": 0.00361,\n    \"112\": 0.00241,\n    \"114\": 0.0012,\n    \"116\": 0.00361,\n    \"117\": 0.00241,\n    \"118\": 0.01323,\n    \"119\": 0.00361,\n    \"120\": 0.07098,\n    \"121\": 0.01805,\n    \"122\": 0.02887,\n    \"123\": 0.51128,\n    \"124\": 0.43428,\n    _: \"15 79 80 81 83 85 86 87 88 91 93 94 95 96 97 98 100 101 102 103 104 105 106 107 110 113 115\"\n  },\n  E: {\n    _: \"0 4 5 6 7 8 9 10 11 12 13 14 15 3.1 3.2 6.1 7.1 9.1 10.1 11.1 15.4 15.5 16.0 16.3 16.4 16.5 17.0 17.5\",\n    \"5.1\": 0.02526,\n    \"12.1\": 0.0012,\n    \"13.1\": 0.0012,\n    \"14.1\": 0.0012,\n    \"15.1\": 0.16481,\n    \"15.2-15.3\": 0.00241,\n    \"15.6\": 0.00361,\n    \"16.1\": 0.02045,\n    \"16.2\": 0.0012,\n    \"16.6\": 0.00481,\n    \"17.1\": 0.0012,\n    \"17.2\": 0.02526,\n    \"17.3\": 0.00241,\n    \"17.4\": 0.09504\n  },\n  G: {\n    \"8\": 0,\n    \"3.2\": 0,\n    \"4.0-4.1\": 0,\n    \"4.2-4.3\": 0.00118,\n    \"5.0-5.1\": 0.00118,\n    \"6.0-6.1\": 0.00294,\n    \"7.0-7.1\": 0.00471,\n    \"8.1-8.4\": 0.00118,\n    \"9.0-9.2\": 0.00294,\n    \"9.3\": 0.01471,\n    \"10.0-10.2\": 0.00294,\n    \"10.3\": 0.02354,\n    \"11.0-11.2\": 0.02001,\n    \"11.3-11.4\": 0.00589,\n    \"12.0-12.1\": 0.00412,\n    \"12.2-12.5\": 0.09593,\n    \"13.0-13.1\": 0.00177,\n    \"13.2\": 0.01942,\n    \"13.3\": 0.00471,\n    \"13.4-13.7\": 0.01824,\n    \"14.0-14.4\": 0.0359,\n    \"14.5-14.8\": 0.05473,\n    \"15.0-15.1\": 0.02531,\n    \"15.2-15.3\": 0.02884,\n    \"15.4\": 0.03296,\n    \"15.5\": 0.04178,\n    \"15.6-15.8\": 0.36488,\n    \"16.0\": 0.08534,\n    \"16.1\": 0.17773,\n    \"16.2\": 0.08534,\n    \"16.3\": 0.15066,\n    \"16.4\": 0.03119,\n    \"16.5\": 0.06533,\n    \"16.6-16.7\": 0.51613,\n    \"17.0\": 0.06179,\n    \"17.1\": 0.11417,\n    \"17.2\": 0.15184,\n    \"17.3\": 1.10759,\n    \"17.4\": 2.50003,\n    \"17.5\": 0.02295\n  },\n  P: {\n    \"4\": 0.04074,\n    \"20\": 0.01019,\n    \"21\": 0.09167,\n    \"22\": 0.04074,\n    \"23\": 0.29539,\n    \"24\": 0.31577,\n    _: \"5.0-5.4 8.2 12.0 13.0 14.0\",\n    \"6.2-6.4\": 0.02037,\n    \"7.2-7.4\": 0.09167,\n    \"9.2\": 0.05093,\n    \"10.1\": 0.01019,\n    \"11.1-11.2\": 0.01019,\n    \"15.0\": 0.02037,\n    \"16.0\": 0.02037,\n    \"17.0\": 0.02037,\n    \"18.0\": 0.01019,\n    \"19.0\": 0.10186\n  },\n  I: {\n    \"0\": 0.05257,\n    \"3\": 0,\n    \"4\": 0.00001,\n    \"2.1\": 0,\n    \"2.2\": 0,\n    \"2.3\": 0,\n    \"4.1\": 0.00001,\n    \"4.2-4.3\": 0.00003,\n    \"4.4\": 0,\n    \"4.4.3-4.4.4\": 0.00013\n  },\n  A: {\n    \"9\": 0.00163,\n    \"11\": 0.02122,\n    _: \"6 7 8 10 5.5\"\n  },\n  K: {\n    \"0\": 3.62617,\n    _: \"10 11 12 11.1 11.5 12.1\"\n  },\n  J: {\n    _: \"7 10\"\n  },\n  N: {\n    _: \"10 11\"\n  },\n  S: {\n    \"2.5\": 0.04399,\n    _: \"3.0-3.1\"\n  },\n  Q: {\n    \"14.9\": 0.01759\n  },\n  O: {\n    \"0\": 0.80932\n  },\n  H: {\n    \"0\": 0.57\n  },\n  L: {\n    \"0\": 81.16943\n  },\n  R: {\n    _: \"0\"\n  },\n  M: {\n    \"0\": 0.02639\n  }\n};","map":{"version":3,"names":["module","exports","C","_","D","F","B","E","G","P","I","A","K","J","N","S","Q","O","H","L","R","M"],"sources":["C:/Users/chest/OneDrive/Documentos/GitHub/HackUPC/frontend/node_modules/caniuse-lite/data/regions/NE.js"],