{"ast":null,"code":"module.exports = {\n  C: {\n    \"34\": 0.0027,\n    \"78\": 0.0027,\n    \"91\": 0.0027,\n    \"100\": 0.0027,\n    \"103\": 0.0027,\n    \"107\": 0.0027,\n    \"113\": 0.01352,\n    \"115\": 0.15137,\n    \"118\": 0.01081,\n    \"121\": 0.00811,\n    \"122\": 0.0027,\n    \"123\": 0.01081,\n    \"124\": 0.3622,\n    \"125\": 0.19732,\n    _: \"2 3 4 5 6 7 8 9 10 11 12 13 14 15 16 17 18 19 20 21 22 23 24 25 26 27 28 29 30 31 32 33 35 36 37 38 39 40 41 42 43 44 45 46 47 48 49 50 51 52 53 54 55 56 57 58 59 60 61 62 63 64 65 66 67 68 69 70 71 72 73 74 75 76 77 79 80 81 82 83 84 85 86 87 88 89 90 92 93 94 95 96 97 98 99 101 102 104 105 106 108 109 110 111 112 114 116 117 119 120 126 127 128 3.5 3.6\"\n  },\n  D: {\n    \"11\": 0.00541,\n    \"33\": 0.0027,\n    \"43\": 0.00811,\n    \"56\": 0.0027,\n    \"58\": 0.0027,\n    \"63\": 0.0027,\n    \"64\": 0.0027,\n    \"65\": 0.0027,\n    \"68\": 0.0027,\n    \"69\": 0.0027,\n    \"70\": 0.01081,\n    \"73\": 0.0027,\n    \"74\": 0.01622,\n    \"76\": 0.0027,\n    \"77\": 0.0027,\n    \"78\": 0.0027,\n    \"79\": 0.00541,\n    \"80\": 0.0027,\n    \"81\": 0.11082,\n    \"83\": 0.0027,\n    \"85\": 0.0027,\n    \"86\": 0.00541,\n    \"87\": 0.01352,\n    \"88\": 0.00811,\n    \"90\": 0.03244,\n    \"91\": 0.02703,\n    \"92\": 0.03784,\n    \"94\": 0.02703,\n    \"95\": 0.01352,\n    \"97\": 0.0027,\n    \"98\": 0.0027,\n    \"99\": 0.0027,\n    \"101\": 0.00541,\n    \"102\": 0.04865,\n    \"103\": 0.01622,\n    \"104\": 0.07839,\n    \"105\": 0.01622,\n    \"106\": 0.04865,\n    \"107\": 0.0027,\n    \"108\": 0.0027,\n    \"109\": 1.41367,\n    \"110\": 0.00541,\n    \"111\": 0.05676,\n    \"112\": 0.0027,\n    \"113\": 0.01081,\n    \"114\": 0.05136,\n    \"115\": 0.00541,\n    \"116\": 0.04325,\n    \"117\": 0.00811,\n    \"118\": 0.01892,\n    \"119\": 0.02433,\n    \"120\": 0.0919,\n    \"121\": 0.13245,\n    \"122\": 0.28922,\n    \"123\": 5.30329,\n    \"124\": 2.21105,\n    \"125\": 0.01622,\n    _: \"4 5 6 7 8 9 10 12 13 14 15 16 17 18 19 20 21 22 23 24 25 26 27 28 29 30 31 32 34 35 36 37 38 39 40 41 42 44 45 46 47 48 49 50 51 52 53 54 55 57 59 60 61 62 66 67 71 72 75 84 89 93 96 100 126 127\"\n  },\n  F: {\n    \"46\": 0.0027,\n    \"79\": 0.03784,\n    \"83\": 0.0027,\n    \"85\": 0.00811,\n    \"95\": 0.10001,\n    \"106\": 0.00541,\n    \"107\": 0.14326,\n    \"108\": 0.48113,\n    \"109\": 0.16218,\n    _: \"9 11 12 15 16 17 18 19 20 21 22 23 24 25 26 27 28 29 30 31 32 33 34 35 36 37 38 39 40 41 42 43 44 45 47 48 49 50 51 52 53 54 55 56 57 58 60 62 63 64 65 66 67 68 69 70 71 72 73 74 75 76 77 78 80 81 82 84 86 87 88 89 90 91 92 93 94 96 97 98 99 100 101 102 103 104 105 9.5-9.6 10.0-10.1 10.5 10.6 11.1 11.5 11.6 12.1\"\n  },\n  B: {\n    \"12\": 0.01081,\n    \"13\": 0.0027,\n    \"14\": 0.00811,\n    \"15\": 0.0027,\n    \"16\": 0.0027,\n    \"17\": 0.0027,\n    \"18\": 0.02433,\n    \"84\": 0.0027,\n    \"89\": 0.0027,\n    \"90\": 0.0027,\n    \"91\": 0.01352,\n    \"92\": 0.03514,\n    \"96\": 0.01352,\n    \"100\": 0.00811,\n    \"102\": 0.01892,\n    \"105\": 0.0027,\n    \"109\": 0.03244,\n    \"114\": 0.00541,\n    \"116\": 0.03244,\n    \"117\": 0.02433,\n    \"118\": 0.01352,\n    \"119\": 0.02973,\n    \"120\": 0.02433,\n    \"121\": 0.01352,\n    \"122\": 0.15948,\n    \"123\": 1.2569,\n    \"124\": 0.66764,\n    _: \"79 80 81 83 85 86 87 88 93 94 95 97 98 99 101 103 104 106 107 108 110 111 112 113 115\"\n  },\n  E: {\n    \"14\": 0.0027,\n    _: \"0 4 5 6 7 8 9 10 11 12 13 15 3.1 3.2 5.1 6.1 7.1 9.1 10.1 11.1 15.1 15.4 15.5 16.0 16.1 16.2 16.4 17.5\",\n    \"12.1\": 0.0027,\n    \"13.1\": 0.01352,\n    \"14.1\": 0.00541,\n    \"15.2-15.3\": 0.0027,\n    \"15.6\": 0.01352,\n    \"16.3\": 0.00541,\n    \"16.5\": 0.0027,\n    \"16.6\": 0.01892,\n    \"17.0\": 0.0027,\n    \"17.1\": 0.00541,\n    \"17.2\": 0.00541,\n    \"17.3\": 0.01892,\n    \"17.4\": 0.03244\n  },\n  G: {\n    \"8\": 0,\n    \"3.2\": 0,\n    \"4.0-4.1\": 0,\n    \"4.2-4.3\": 0.00083,\n    \"5.0-5.1\": 0.00083,\n    \"6.0-6.1\": 0.00208,\n    \"7.0-7.1\": 0.00333,\n    \"8.1-8.4\": 0.00083,\n    \"9.0-9.2\": 0.00208,\n    \"9.3\": 0.0104,\n    \"10.0-10.2\": 0.00208,\n    \"10.3\": 0.01664,\n    \"11.0-11.2\": 0.01414,\n    \"11.3-11.4\": 0.00416,\n    \"12.0-12.1\": 0.00291,\n    \"12.2-12.5\": 0.0678,\n    \"13.0-13.1\": 0.00125,\n    \"13.2\": 0.01373,\n    \"13.3\": 0.00333,\n    \"13.4-13.7\": 0.01289,\n    \"14.0-14.4\": 0.02537,\n    \"14.5-14.8\": 0.03868,\n    \"15.0-15.1\": 0.01788,\n    \"15.2-15.3\": 0.02038,\n    \"15.4\": 0.02329,\n    \"15.5\": 0.02953,\n    \"15.6-15.8\": 0.25788,\n    \"16.0\": 0.06031,\n    \"16.1\": 0.12561,\n    \"16.2\": 0.06031,\n    \"16.3\": 0.10648,\n    \"16.4\": 0.02204,\n    \"16.5\": 0.04617,\n    \"16.6-16.7\": 0.36477,\n    \"17.0\": 0.04367,\n    \"17.1\": 0.08069,\n    \"17.2\": 0.10731,\n    \"17.3\": 0.78278,\n    \"17.4\": 1.76687,\n    \"17.5\": 0.01622\n  },\n  P: {\n    \"4\": 0.15468,\n    \"20\": 0.03094,\n    \"21\": 0.02062,\n    \"22\": 0.07219,\n    \"23\": 0.14437,\n    \"24\": 0.40218,\n    \"5.0-5.4\": 0.01031,\n    _: \"6.2-6.4 8.2 9.2\",\n    \"7.2-7.4\": 0.15468,\n    \"10.1\": 0.01031,\n    \"11.1-11.2\": 0.01031,\n    \"12.0\": 0.01031,\n    \"13.0\": 0.02062,\n    \"14.0\": 0.03094,\n    \"15.0\": 0.02062,\n    \"16.0\": 0.03094,\n    \"17.0\": 0.02062,\n    \"18.0\": 0.02062,\n    \"19.0\": 0.06187\n  },\n  I: {\n    \"0\": 0.00727,\n    \"3\": 0,\n    \"4\": 0,\n    \"2.1\": 0,\n    \"2.2\": 0,\n    \"2.3\": 0,\n    \"4.1\": 0,\n    \"4.2-4.3\": 0,\n    \"4.4\": 0,\n    \"4.4.3-4.4.4\": 0.00002\n  },\n  A: {\n    \"11\": 0.01352,\n    _: \"6 7 8 9 10 5.5\"\n  },\n  K: {\n    \"0\": 2.50176,\n    _: \"10 11 12 11.1 11.5 12.1\"\n  },\n  J: {\n    _: \"7 10\"\n  },\n  N: {\n    _: \"10 11\"\n  },\n  S: {\n    \"2.5\": 0.44512,\n    _: \"3.0-3.1\"\n  },\n  Q: {\n    _: \"14.9\"\n  },\n  O: {\n    \"0\": 0.10946\n  },\n  H: {\n    \"0\": 0.76\n  },\n  L: {\n    \"0\": 75.90013\n  },\n  R: {\n    _: \"0\"\n  },\n  M: {\n    \"0\": 0.09486\n  }\n};","map":{"version":3,"names":["module","exports","C","_","D","F","B","E","G","P","I","A","K","J","N","S","Q","O","H","L","R","M"],"sources":["C:/Users/chest/OneDrive/Documentos/GitHub/HackUPC/frontend/node_modules/caniuse-lite/data/regions/MZ.js"],