{"ast":null,"code":"module.exports = {\n  C: {\n    \"52\": 0.00247,\n    \"68\": 0.00988,\n    \"78\": 0.00494,\n    \"102\": 0.00494,\n    \"110\": 0.00247,\n    \"115\": 0.07407,\n    \"117\": 0.00741,\n    \"123\": 0.01235,\n    \"124\": 0.29381,\n    \"125\": 0.12098,\n    _: \"2 3 4 5 6 7 8 9 10 11 12 13 14 15 16 17 18 19 20 21 22 23 24 25 26 27 28 29 30 31 32 33 34 35 36 37 38 39 40 41 42 43 44 45 46 47 48 49 50 51 53 54 55 56 57 58 59 60 61 62 63 64 65 66 67 69 70 71 72 73 74 75 76 77 79 80 81 82 83 84 85 86 87 88 89 90 91 92 93 94 95 96 97 98 99 100 101 103 104 105 106 107 108 109 111 112 113 114 116 118 119 120 121 122 126 127 128 3.5 3.6\"\n  },\n  D: {\n    \"11\": 0.00247,\n    \"22\": 0.00494,\n    \"26\": 0.00247,\n    \"34\": 0.00247,\n    \"38\": 0.00494,\n    \"39\": 0.00247,\n    \"41\": 0.00247,\n    \"42\": 0.00494,\n    \"43\": 0.00247,\n    \"44\": 0.00494,\n    \"45\": 0.00247,\n    \"46\": 0.00247,\n    \"47\": 0.00247,\n    \"49\": 0.01481,\n    \"51\": 0.01481,\n    \"53\": 0.00494,\n    \"55\": 0.00494,\n    \"57\": 0.00494,\n    \"62\": 0.00247,\n    \"63\": 0.00247,\n    \"64\": 0.00247,\n    \"67\": 0.00247,\n    \"68\": 0.00247,\n    \"70\": 0.00741,\n    \"71\": 0.00247,\n    \"72\": 0.00741,\n    \"73\": 0.00247,\n    \"74\": 0.00247,\n    \"75\": 0.00247,\n    \"77\": 0.00247,\n    \"78\": 0.00247,\n    \"79\": 0.15555,\n    \"80\": 0.01235,\n    \"81\": 0.00494,\n    \"83\": 0.01235,\n    \"84\": 0.00247,\n    \"85\": 0.00494,\n    \"86\": 0.00741,\n    \"87\": 0.11604,\n    \"88\": 0.01728,\n    \"89\": 0.01728,\n    \"90\": 0.01481,\n    \"91\": 0.00247,\n    \"92\": 0.00247,\n    \"94\": 0.01975,\n    \"95\": 0.00247,\n    \"96\": 0.00494,\n    \"97\": 0.00247,\n    \"98\": 0.00494,\n    \"99\": 0.00988,\n    \"100\": 0.01975,\n    \"101\": 0.04197,\n    \"102\": 0.01728,\n    \"103\": 0.01975,\n    \"104\": 0.0395,\n    \"105\": 0.00494,\n    \"106\": 0.01481,\n    \"107\": 0.00988,\n    \"108\": 0.01235,\n    \"109\": 3.01712,\n    \"110\": 0.00741,\n    \"111\": 0.01728,\n    \"112\": 0.02963,\n    \"113\": 0.00741,\n    \"114\": 0.01235,\n    \"115\": 0.01481,\n    \"116\": 0.0321,\n    \"117\": 0.01235,\n    \"118\": 0.00988,\n    \"119\": 0.05432,\n    \"120\": 0.1037,\n    \"121\": 0.1432,\n    \"122\": 0.35554,\n    \"123\": 9.98464,\n    \"124\": 3.64178,\n    \"125\": 0.01975,\n    _: \"4 5 6 7 8 9 10 12 13 14 15 16 17 18 19 20 21 23 24 25 27 28 29 30 31 32 33 35 36 37 40 48 50 52 54 56 58 59 60 61 65 66 69 76 93 126 127\"\n  },\n  F: {\n    \"28\": 0.00494,\n    \"31\": 0.00247,\n    \"36\": 0.00247,\n    \"40\": 0.00247,\n    \"46\": 0.02222,\n    \"65\": 0.00247,\n    \"79\": 0.04691,\n    \"80\": 0.00247,\n    \"83\": 0.0395,\n    \"84\": 0.01481,\n    \"85\": 0.07901,\n    \"86\": 0.00494,\n    \"87\": 0.00247,\n    \"95\": 0.15802,\n    \"106\": 0.00494,\n    \"107\": 0.44195,\n    \"108\": 0.61231,\n    \"109\": 0.15061,\n    _: \"9 11 12 15 16 17 18 19 20 21 22 23 24 25 26 27 29 30 32 33 34 35 37 38 39 41 42 43 44 45 47 48 49 50 51 52 53 54 55 56 57 58 60 62 63 64 66 67 68 69 70 71 72 73 74 75 76 77 78 81 82 88 89 90 91 92 93 94 96 97 98 99 100 101 102 103 104 105 9.5-9.6 10.0-10.1 10.5 10.6 11.1 11.5 11.6 12.1\"\n  },\n  B: {\n    \"12\": 0.00741,\n    \"18\": 0.00247,\n    \"84\": 0.00988,\n    \"85\": 0.00247,\n    \"92\": 0.00494,\n    \"100\": 0.00247,\n    \"106\": 0.00247,\n    \"109\": 0.00741,\n    \"110\": 0.00247,\n    \"116\": 0.00247,\n    \"118\": 0.00247,\n    \"119\": 0.00247,\n    \"120\": 0.00741,\n    \"121\": 0.04691,\n    \"122\": 0.04938,\n    \"123\": 0.80983,\n    \"124\": 0.33085,\n    _: \"13 14 15 16 17 79 80 81 83 86 87 88 89 90 91 93 94 95 96 97 98 99 101 102 103 104 105 107 108 111 112 113 114 115 117\"\n  },\n  E: {\n    \"9\": 0.00988,\n    \"14\": 0.00494,\n    \"15\": 0.02469,\n    _: \"0 4 5 6 7 8 10 11 12 13 3.1 3.2 6.1 7.1 9.1 10.1 11.1\",\n    \"5.1\": 0.00988,\n    \"12.1\": 0.00247,\n    \"13.1\": 0.00988,\n    \"14.1\": 0.00988,\n    \"15.1\": 0.00494,\n    \"15.2-15.3\": 0.00247,\n    \"15.4\": 0.00741,\n    \"15.5\": 0.00494,\n    \"15.6\": 0.04938,\n    \"16.0\": 0.00247,\n    \"16.1\": 0.01728,\n    \"16.2\": 0.00247,\n    \"16.3\": 0.02716,\n    \"16.4\": 0.00741,\n    \"16.5\": 0.01975,\n    \"16.6\": 0.05926,\n    \"17.0\": 0.01481,\n    \"17.1\": 0.04444,\n    \"17.2\": 0.03457,\n    \"17.3\": 0.11357,\n    \"17.4\": 0.27653,\n    \"17.5\": 0.00247\n  },\n  G: {\n    \"8\": 0,\n    \"3.2\": 0,\n    \"4.0-4.1\": 0,\n    \"4.2-4.3\": 0.00182,\n    \"5.0-5.1\": 0.00182,\n    \"6.0-6.1\": 0.00455,\n    \"7.0-7.1\": 0.00728,\n    \"8.1-8.4\": 0.00182,\n    \"9.0-9.2\": 0.00455,\n    \"9.3\": 0.02275,\n    \"10.0-10.2\": 0.00455,\n    \"10.3\": 0.03639,\n    \"11.0-11.2\": 0.03094,\n    \"11.3-11.4\": 0.0091,\n    \"12.0-12.1\": 0.00637,\n    \"12.2-12.5\": 0.14831,\n    \"13.0-13.1\": 0.00273,\n    \"13.2\": 0.03003,\n    \"13.3\": 0.00728,\n    \"13.4-13.7\": 0.02821,\n    \"14.0-14.4\": 0.0555,\n    \"14.5-14.8\": 0.08462,\n    \"15.0-15.1\": 0.03912,\n    \"15.2-15.3\": 0.04458,\n    \"15.4\": 0.05095,\n    \"15.5\": 0.0646,\n    \"15.6-15.8\": 0.56412,\n    \"16.0\": 0.13193,\n    \"16.1\": 0.27478,\n    \"16.2\": 0.13193,\n    \"16.3\": 0.23293,\n    \"16.4\": 0.04822,\n    \"16.5\": 0.101,\n    \"16.6-16.7\": 0.79795,\n    \"17.0\": 0.09554,\n    \"17.1\": 0.17651,\n    \"17.2\": 0.23475,\n    \"17.3\": 1.71237,\n    \"17.4\": 3.86511,\n    \"17.5\": 0.03548\n  },\n  P: {\n    \"4\": 0.56657,\n    \"20\": 0.0607,\n    \"21\": 0.172,\n    \"22\": 0.13153,\n    \"23\": 0.34399,\n    \"24\": 3.11616,\n    \"5.0-5.4\": 0.02023,\n    \"6.2-6.4\": 0.07082,\n    \"7.2-7.4\": 0.09106,\n    \"8.2\": 0.01012,\n    _: \"9.2 10.1\",\n    \"11.1-11.2\": 0.02023,\n    \"12.0\": 0.01012,\n    \"13.0\": 0.04047,\n    \"14.0\": 0.02023,\n    \"15.0\": 0.01012,\n    \"16.0\": 0.02023,\n    \"17.0\": 0.14164,\n    \"18.0\": 0.02023,\n    \"19.0\": 0.0607\n  },\n  I: {\n    \"0\": 0.06751,\n    \"3\": 0,\n    \"4\": 0.00001,\n    \"2.1\": 0,\n    \"2.2\": 0,\n    \"2.3\": 0,\n    \"4.1\": 0.00001,\n    \"4.2-4.3\": 0.00004,\n    \"4.4\": 0,\n    \"4.4.3-4.4.4\": 0.00017\n  },\n  A: {\n    \"7\": 0.00247,\n    \"8\": 0.02222,\n    \"9\": 0.00247,\n    \"10\": 0.00494,\n    \"11\": 0.05679,\n    _: \"6 5.5\"\n  },\n  K: {\n    \"0\": 1.34576,\n    _: \"10 11 12 11.1 11.5 12.1\"\n  },\n  J: {\n    _: \"7 10\"\n  },\n  N: {\n    _: \"10 11\"\n  },\n  S: {\n    \"2.5\": 0.00753,\n    _: \"3.0-3.1\"\n  },\n  Q: {\n    _: \"14.9\"\n  },\n  O: {\n    \"0\": 0.08285\n  },\n  H: {\n    \"0\": 0.01\n  },\n  L: {\n    \"0\": 60.30101\n  },\n  R: {\n    _: \"0\"\n  },\n  M: {\n    \"0\": 0.14311\n  }\n};","map":{"version":3,"names":["module","exports","C","_","D","F","B","E","G","P","I","A","K","J","N","S","Q","O","H","L","R","M"],"sources":["C:/Users/chest/OneDrive/Documentos/GitHub/HackUPC/frontend/node_modules/caniuse-lite/data/regions/AZ.js"],