{"ast":null,"code":"module.exports = {\n  C: {\n    \"108\": 0.0031,\n    \"115\": 0.248,\n    \"117\": 0.00155,\n    \"122\": 0.00155,\n    \"123\": 0.0062,\n    \"124\": 0.1116,\n    \"125\": 0.0651,\n    _: \"2 3 4 5 6 7 8 9 10 11 12 13 14 15 16 17 18 19 20 21 22 23 24 25 26 27 28 29 30 31 32 33 34 35 36 37 38 39 40 41 42 43 44 45 46 47 48 49 50 51 52 53 54 55 56 57 58 59 60 61 62 63 64 65 66 67 68 69 70 71 72 73 74 75 76 77 78 79 80 81 82 83 84 85 86 87 88 89 90 91 92 93 94 95 96 97 98 99 100 101 102 103 104 105 106 107 109 110 111 112 113 114 116 118 119 120 121 126 127 128 3.5 3.6\"\n  },\n  D: {\n    \"59\": 0.00155,\n    \"60\": 0.00155,\n    \"80\": 0.00155,\n    \"81\": 0.0093,\n    \"87\": 0.0031,\n    \"88\": 0.10695,\n    \"94\": 0.00465,\n    \"95\": 0.0031,\n    \"102\": 0.00155,\n    \"103\": 0.00155,\n    \"104\": 0.00465,\n    \"105\": 0.00465,\n    \"106\": 0.0062,\n    \"108\": 0.0031,\n    \"109\": 0.12245,\n    \"110\": 0.0093,\n    \"111\": 0.0248,\n    \"112\": 0.12865,\n    \"113\": 0.0062,\n    \"114\": 0.01085,\n    \"115\": 0.0031,\n    \"116\": 0.05115,\n    \"117\": 0.00465,\n    \"119\": 0.0496,\n    \"120\": 0.0248,\n    \"121\": 0.0341,\n    \"122\": 0.26815,\n    \"123\": 2.00105,\n    \"124\": 0.80135,\n    \"125\": 0.00155,\n    _: \"4 5 6 7 8 9 10 11 12 13 14 15 16 17 18 19 20 21 22 23 24 25 26 27 28 29 30 31 32 33 34 35 36 37 38 39 40 41 42 43 44 45 46 47 48 49 50 51 52 53 54 55 56 57 58 61 62 63 64 65 66 67 68 69 70 71 72 73 74 75 76 77 78 79 83 84 85 86 89 90 91 92 93 96 97 98 99 100 101 107 118 126 127\"\n  },\n  F: {\n    \"107\": 0.0279,\n    \"108\": 0.01705,\n    \"109\": 0.0093,\n    _: \"9 11 12 15 16 17 18 19 20 21 22 23 24 25 26 27 28 29 30 31 32 33 34 35 36 37 38 39 40 41 42 43 44 45 46 47 48 49 50 51 52 53 54 55 56 57 58 60 62 63 64 65 66 67 68 69 70 71 72 73 74 75 76 77 78 79 80 81 82 83 84 85 86 87 88 89 90 91 92 93 94 95 96 97 98 99 100 101 102 103 104 105 106 9.5-9.6 10.0-10.1 10.5 10.6 11.1 11.5 11.6 12.1\"\n  },\n  B: {\n    \"16\": 0.00155,\n    \"18\": 0.00775,\n    \"92\": 0.0031,\n    \"100\": 0.0031,\n    \"103\": 0.00155,\n    \"109\": 0.00155,\n    \"111\": 0.00155,\n    \"112\": 0.0031,\n    \"113\": 0.0062,\n    \"114\": 0.0062,\n    \"117\": 0.03875,\n    \"118\": 0.0186,\n    \"121\": 0.04805,\n    \"122\": 0.1054,\n    \"123\": 0.60295,\n    \"124\": 0.20615,\n    _: \"12 13 14 15 17 79 80 81 83 84 85 86 87 88 89 90 91 93 94 95 96 97 98 99 101 102 104 105 106 107 108 110 115 116 119 120\"\n  },\n  E: {\n    \"14\": 0.02635,\n    _: \"0 4 5 6 7 8 9 10 11 12 13 15 3.1 3.2 5.1 6.1 7.1 9.1 10.1 11.1 12.1 13.1 15.1 15.2-15.3 15.4 16.0 16.2 17.5\",\n    \"14.1\": 0.0062,\n    \"15.5\": 0.0062,\n    \"15.6\": 0.0341,\n    \"16.1\": 0.00155,\n    \"16.3\": 0.00465,\n    \"16.4\": 0.0031,\n    \"16.5\": 0.00155,\n    \"16.6\": 0.00775,\n    \"17.0\": 0.0031,\n    \"17.1\": 0.1116,\n    \"17.2\": 0.04805,\n    \"17.3\": 0.0279,\n    \"17.4\": 0.05735\n  },\n  G: {\n    \"8\": 0,\n    \"3.2\": 0,\n    \"4.0-4.1\": 0,\n    \"4.2-4.3\": 0.00037,\n    \"5.0-5.1\": 0.00037,\n    \"6.0-6.1\": 0.00093,\n    \"7.0-7.1\": 0.00149,\n    \"8.1-8.4\": 0.00037,\n    \"9.0-9.2\": 0.00093,\n    \"9.3\": 0.00465,\n    \"10.0-10.2\": 0.00093,\n    \"10.3\": 0.00744,\n    \"11.0-11.2\": 0.00632,\n    \"11.3-11.4\": 0.00186,\n    \"12.0-12.1\": 0.0013,\n    \"12.2-12.5\": 0.03031,\n    \"13.0-13.1\": 0.00056,\n    \"13.2\": 0.00614,\n    \"13.3\": 0.00149,\n    \"13.4-13.7\": 0.00576,\n    \"14.0-14.4\": 0.01134,\n    \"14.5-14.8\": 0.01729,\n    \"15.0-15.1\": 0.00799,\n    \"15.2-15.3\": 0.00911,\n    \"15.4\": 0.01041,\n    \"15.5\": 0.0132,\n    \"15.6-15.8\": 0.11527,\n    \"16.0\": 0.02696,\n    \"16.1\": 0.05615,\n    \"16.2\": 0.02696,\n    \"16.3\": 0.0476,\n    \"16.4\": 0.00985,\n    \"16.5\": 0.02064,\n    \"16.6-16.7\": 0.16305,\n    \"17.0\": 0.01952,\n    \"17.1\": 0.03607,\n    \"17.2\": 0.04797,\n    \"17.3\": 0.34991,\n    \"17.4\": 0.7898,\n    \"17.5\": 0.00725\n  },\n  P: {\n    \"20\": 0.02062,\n    \"21\": 0.17524,\n    \"22\": 0.15463,\n    \"23\": 0.25771,\n    \"24\": 0.91744,\n    _: \"4 5.0-5.4 6.2-6.4 8.2 9.2 10.1 11.1-11.2 12.0 15.0 17.0\",\n    \"7.2-7.4\": 0.1237,\n    \"13.0\": 0.02062,\n    \"14.0\": 0.01031,\n    \"16.0\": 0.05154,\n    \"18.0\": 0.01031,\n    \"19.0\": 0.11339\n  },\n  I: {\n    \"0\": 0.03367,\n    \"3\": 0,\n    \"4\": 0,\n    \"2.1\": 0,\n    \"2.2\": 0,\n    \"2.3\": 0,\n    \"4.1\": 0.00001,\n    \"4.2-4.3\": 0.00002,\n    \"4.4\": 0,\n    \"4.4.3-4.4.4\": 0.00008\n  },\n  A: {\n    \"10\": 0.0186,\n    _: \"6 7 8 9 11 5.5\"\n  },\n  K: {\n    \"0\": 0.07141,\n    _: \"10 11 12 11.1 11.5 12.1\"\n  },\n  J: {\n    _: \"7 10\"\n  },\n  N: {\n    _: \"10 11\"\n  },\n  S: {\n    _: \"2.5 3.0-3.1\"\n  },\n  Q: {\n    \"14.9\": 0.0169\n  },\n  O: {\n    \"0\": 0.10986\n  },\n  H: {\n    \"0\": 0.03\n  },\n  L: {\n    \"0\": 90.22826\n  },\n  R: {\n    _: \"0\"\n  },\n  M: {\n    \"0\": 0.04226\n  }\n};","map":{"version":3,"names":["module","exports","C","_","D","F","B","E","G","P","I","A","K","J","N","S","Q","O","H","L","R","M"],"sources":["C:/Users/chest/OneDrive/Documentos/GitHub/HackUPC/frontend/node_modules/caniuse-lite/data/regions/VU.js"],