{"ast":null,"code":"module.exports = {\n  C: {\n    \"4\": 0.01218,\n    \"40\": 0.00406,\n    \"78\": 0.00406,\n    \"85\": 0.00406,\n    \"88\": 0.00406,\n    \"97\": 0.01624,\n    \"103\": 0.00406,\n    \"104\": 0.00406,\n    \"108\": 0.00406,\n    \"113\": 0.00406,\n    \"115\": 0.10959,\n    \"118\": 0.00406,\n    \"119\": 0.00406,\n    \"120\": 0.04059,\n    \"121\": 0.00406,\n    \"122\": 0.00406,\n    \"123\": 0.04871,\n    \"124\": 0.85239,\n    \"125\": 0.37749,\n    _: \"2 3 5 6 7 8 9 10 11 12 13 14 15 16 17 18 19 20 21 22 23 24 25 26 27 28 29 30 31 32 33 34 35 36 37 38 39 41 42 43 44 45 46 47 48 49 50 51 52 53 54 55 56 57 58 59 60 61 62 63 64 65 66 67 68 69 70 71 72 73 74 75 76 77 79 80 81 82 83 84 86 87 89 90 91 92 93 94 95 96 98 99 100 101 102 105 106 107 109 110 111 112 114 116 117 126 127 128 3.5\",\n    \"3.6\": 0.00406\n  },\n  D: {\n    \"11\": 0.00406,\n    \"34\": 0.01218,\n    \"36\": 0.00812,\n    \"38\": 0.00406,\n    \"39\": 0.00406,\n    \"40\": 0.00406,\n    \"41\": 0.00406,\n    \"42\": 0.00406,\n    \"43\": 0.00406,\n    \"44\": 0.00406,\n    \"45\": 0.00406,\n    \"46\": 0.00406,\n    \"47\": 0.00406,\n    \"49\": 0.00406,\n    \"51\": 0.00812,\n    \"56\": 0.00406,\n    \"62\": 0.00406,\n    \"64\": 0.00812,\n    \"69\": 0.00406,\n    \"70\": 0.00406,\n    \"73\": 0.00812,\n    \"74\": 0.00406,\n    \"75\": 0.00406,\n    \"76\": 0.00406,\n    \"78\": 0.00812,\n    \"79\": 0.08118,\n    \"80\": 0.00406,\n    \"81\": 0.00812,\n    \"83\": 0.05683,\n    \"85\": 0.00406,\n    \"86\": 0.00812,\n    \"87\": 0.10553,\n    \"88\": 0.02841,\n    \"89\": 0.03653,\n    \"91\": 0.04059,\n    \"92\": 0.00406,\n    \"93\": 0.02435,\n    \"94\": 0.0203,\n    \"95\": 0.00406,\n    \"96\": 0.00406,\n    \"97\": 0.00812,\n    \"98\": 0.00812,\n    \"99\": 0.01218,\n    \"100\": 0.00406,\n    \"101\": 0.00406,\n    \"102\": 0.00406,\n    \"103\": 0.0893,\n    \"104\": 0.01218,\n    \"105\": 0.02435,\n    \"106\": 0.01624,\n    \"107\": 0.03247,\n    \"108\": 0.01218,\n    \"109\": 0.94169,\n    \"110\": 0.05683,\n    \"111\": 0.01624,\n    \"112\": 0.03247,\n    \"113\": 0.01218,\n    \"114\": 0.02435,\n    \"115\": 0.02841,\n    \"116\": 0.25572,\n    \"117\": 0.06494,\n    \"118\": 0.02841,\n    \"119\": 0.09336,\n    \"120\": 0.12989,\n    \"121\": 0.18266,\n    \"122\": 3.38927,\n    \"123\": 14.47845,\n    \"124\": 5.88555,\n    \"125\": 0.01218,\n    _: \"4 5 6 7 8 9 10 12 13 14 15 16 17 18 19 20 21 22 23 24 25 26 27 28 29 30 31 32 33 35 37 48 50 52 53 54 55 57 58 59 60 61 63 65 66 67 68 71 72 77 84 90 126 127\"\n  },\n  F: {\n    \"28\": 0.00406,\n    \"90\": 0.00406,\n    \"95\": 0.03653,\n    \"103\": 0.01624,\n    \"105\": 0.00406,\n    \"106\": 0.00406,\n    \"107\": 1.91991,\n    \"108\": 0.45867,\n    \"109\": 0.12583,\n    _: \"9 11 12 15 16 17 18 19 20 21 22 23 24 25 26 27 29 30 31 32 33 34 35 36 37 38 39 40 41 42 43 44 45 46 47 48 49 50 51 52 53 54 55 56 57 58 60 62 63 64 65 66 67 68 69 70 71 72 73 74 75 76 77 78 79 80 81 82 83 84 85 86 87 88 89 91 92 93 94 96 97 98 99 100 101 102 104 9.5-9.6 10.0-10.1 10.5 10.6 11.1 11.5 11.6 12.1\"\n  },\n  B: {\n    \"15\": 0.00406,\n    \"16\": 0.00406,\n    \"17\": 0.00406,\n    \"18\": 0.00406,\n    \"92\": 0.01218,\n    \"100\": 0.00406,\n    \"109\": 0.02435,\n    \"112\": 0.00406,\n    \"113\": 0.00406,\n    \"114\": 0.00406,\n    \"115\": 0.00812,\n    \"116\": 0.00406,\n    \"117\": 0.00812,\n    \"118\": 0.01218,\n    \"119\": 0.01624,\n    \"120\": 0.03653,\n    \"121\": 0.03247,\n    \"122\": 0.23136,\n    \"123\": 3.14167,\n    \"124\": 1.59519,\n    _: \"12 13 14 79 80 81 83 84 85 86 87 88 89 90 91 93 94 95 96 97 98 99 101 102 103 104 105 106 107 108 110 111\"\n  },\n  E: {\n    \"9\": 0.01218,\n    \"12\": 0.02435,\n    \"13\": 0.00406,\n    \"14\": 0.01218,\n    _: \"0 4 5 6 7 8 10 11 15 3.1 3.2 6.1 7.1 9.1 10.1\",\n    \"5.1\": 0.00406,\n    \"11.1\": 0.00406,\n    \"12.1\": 0.00406,\n    \"13.1\": 0.04465,\n    \"14.1\": 0.15018,\n    \"15.1\": 0.00406,\n    \"15.2-15.3\": 0.01218,\n    \"15.4\": 0.01218,\n    \"15.5\": 0.01624,\n    \"15.6\": 0.36937,\n    \"16.0\": 0.00812,\n    \"16.1\": 0.04871,\n    \"16.2\": 0.02435,\n    \"16.3\": 0.069,\n    \"16.4\": 0.10148,\n    \"16.5\": 0.02435,\n    \"16.6\": 0.27195,\n    \"17.0\": 0.03653,\n    \"17.1\": 0.06494,\n    \"17.2\": 0.10959,\n    \"17.3\": 0.20295,\n    \"17.4\": 0.77121,\n    \"17.5\": 0.00812\n  },\n  G: {\n    \"8\": 0,\n    \"3.2\": 0,\n    \"4.0-4.1\": 0,\n    \"4.2-4.3\": 0.00195,\n    \"5.0-5.1\": 0.00195,\n    \"6.0-6.1\": 0.00486,\n    \"7.0-7.1\": 0.00778,\n    \"8.1-8.4\": 0.00195,\n    \"9.0-9.2\": 0.00486,\n    \"9.3\": 0.02431,\n    \"10.0-10.2\": 0.00486,\n    \"10.3\": 0.0389,\n    \"11.0-11.2\": 0.03307,\n    \"11.3-11.4\": 0.00973,\n    \"12.0-12.1\": 0.00681,\n    \"12.2-12.5\": 0.15852,\n    \"13.0-13.1\": 0.00292,\n    \"13.2\": 0.03209,\n    \"13.3\": 0.00778,\n    \"13.4-13.7\": 0.03015,\n    \"14.0-14.4\": 0.05933,\n    \"14.5-14.8\": 0.09045,\n    \"15.0-15.1\": 0.04182,\n    \"15.2-15.3\": 0.04765,\n    \"15.4\": 0.05446,\n    \"15.5\": 0.06905,\n    \"15.6-15.8\": 0.60298,\n    \"16.0\": 0.14102,\n    \"16.1\": 0.29371,\n    \"16.2\": 0.14102,\n    \"16.3\": 0.24897,\n    \"16.4\": 0.05154,\n    \"16.5\": 0.10795,\n    \"16.6-16.7\": 0.85292,\n    \"17.0\": 0.10212,\n    \"17.1\": 0.18867,\n    \"17.2\": 0.25092,\n    \"17.3\": 1.83032,\n    \"17.4\": 4.13136,\n    \"17.5\": 0.03793\n  },\n  P: {\n    \"4\": 0.14577,\n    \"20\": 0.05206,\n    \"21\": 0.12494,\n    \"22\": 0.24989,\n    \"23\": 0.32277,\n    \"24\": 2.50931,\n    _: \"5.0-5.4 8.2 10.1 12.0 13.0 14.0 15.0\",\n    \"6.2-6.4\": 0.02082,\n    \"7.2-7.4\": 0.16659,\n    \"9.2\": 0.01041,\n    \"11.1-11.2\": 0.07288,\n    \"16.0\": 0.02082,\n    \"17.0\": 0.03124,\n    \"18.0\": 0.02082,\n    \"19.0\": 0.02082\n  },\n  I: {\n    \"0\": 0.08283,\n    \"3\": 0,\n    \"4\": 0.00001,\n    \"2.1\": 0,\n    \"2.2\": 0,\n    \"2.3\": 0,\n    \"4.1\": 0.00002,\n    \"4.2-4.3\": 0.00005,\n    \"4.4\": 0,\n    \"4.4.3-4.4.4\": 0.00021\n  },\n  A: {\n    \"7\": 0.00446,\n    \"8\": 0.03572,\n    \"9\": 0.00893,\n    \"10\": 0.00893,\n    \"11\": 0.02679,\n    _: \"6 5.5\"\n  },\n  K: {\n    \"0\": 0.27923,\n    _: \"10 11 12 11.1 11.5 12.1\"\n  },\n  J: {\n    _: \"7 10\"\n  },\n  N: {\n    _: \"10 11\"\n  },\n  S: {\n    _: \"2.5 3.0-3.1\"\n  },\n  Q: {\n    \"14.9\": 0.00594\n  },\n  O: {\n    \"0\": 0.04753\n  },\n  H: {\n    \"0\": 0\n  },\n  L: {\n    \"0\": 46.40984\n  },\n  R: {\n    _: \"0\"\n  },\n  M: {\n    \"0\": 0.38022\n  }\n};","map":{"version":3,"names":["module","exports","C","_","D","F","B","E","G","P","I","A","K","J","N","S","Q","O","H","L","R","M"],"sources":["C:/Users/chest/OneDrive/Documentos/GitHub/HackUPC/frontend/node_modules/caniuse-lite/data/regions/PA.js"],