{"ast":null,"code":"module.exports = {\n  C: {\n    \"51\": 0.00127,\n    \"72\": 0.00887,\n    \"78\": 0.02661,\n    \"100\": 0.00253,\n    \"103\": 0.28127,\n    \"115\": 0.38137,\n    \"118\": 0.01394,\n    \"121\": 0.00127,\n    \"123\": 0.0114,\n    \"124\": 0.23566,\n    \"125\": 0.19005,\n    _: \"2 3 4 5 6 7 8 9 10 11 12 13 14 15 16 17 18 19 20 21 22 23 24 25 26 27 28 29 30 31 32 33 34 35 36 37 38 39 40 41 42 43 44 45 46 47 48 49 50 52 53 54 55 56 57 58 59 60 61 62 63 64 65 66 67 68 69 70 71 73 74 75 76 77 79 80 81 82 83 84 85 86 87 88 89 90 91 92 93 94 95 96 97 98 99 101 102 104 105 106 107 108 109 110 111 112 113 114 116 117 119 120 122 126 127 128 3.5 3.6\"\n  },\n  D: {\n    \"39\": 0.03168,\n    \"40\": 0.0076,\n    \"58\": 0.03928,\n    \"59\": 0.00127,\n    \"68\": 0.0076,\n    \"79\": 0.04054,\n    \"80\": 0.0076,\n    \"81\": 0.00127,\n    \"84\": 0.00507,\n    \"87\": 0.00127,\n    \"88\": 0.00127,\n    \"89\": 0.00253,\n    \"90\": 0.00127,\n    \"91\": 0.0076,\n    \"93\": 0.00127,\n    \"94\": 0.00253,\n    \"97\": 0.02661,\n    \"99\": 0.0076,\n    \"103\": 0.0114,\n    \"106\": 0.00507,\n    \"108\": 0.04561,\n    \"109\": 1.23406,\n    \"110\": 0.0114,\n    \"111\": 0.0152,\n    \"113\": 0.00634,\n    \"115\": 0.00127,\n    \"116\": 0.00887,\n    \"117\": 0.0076,\n    \"119\": 0.03294,\n    \"120\": 0.11656,\n    \"121\": 0.02281,\n    \"122\": 0.14317,\n    \"123\": 2.71645,\n    \"124\": 1.23406,\n    _: \"4 5 6 7 8 9 10 11 12 13 14 15 16 17 18 19 20 21 22 23 24 25 26 27 28 29 30 31 32 33 34 35 36 37 38 41 42 43 44 45 46 47 48 49 50 51 52 53 54 55 56 57 60 61 62 63 64 65 66 67 69 70 71 72 73 74 75 76 77 78 83 85 86 92 95 96 98 100 101 102 104 105 107 112 114 118 125 126 127\"\n  },\n  F: {\n    \"95\": 0.01267,\n    \"103\": 0.00634,\n    \"107\": 0.04181,\n    \"108\": 0.17485,\n    \"109\": 0.17865,\n    _: \"9 11 12 15 16 17 18 19 20 21 22 23 24 25 26 27 28 29 30 31 32 33 34 35 36 37 38 39 40 41 42 43 44 45 46 47 48 49 50 51 52 53 54 55 56 57 58 60 62 63 64 65 66 67 68 69 70 71 72 73 74 75 76 77 78 79 80 81 82 83 84 85 86 87 88 89 90 91 92 93 94 96 97 98 99 100 101 102 104 105 106 9.5-9.6 10.0-10.1 10.5 10.6 11.1 11.5 11.6 12.1\"\n  },\n  B: {\n    \"13\": 0.03928,\n    \"14\": 0.00127,\n    \"15\": 0.00634,\n    \"16\": 0.00507,\n    \"18\": 0.00634,\n    \"89\": 0.00634,\n    \"90\": 0.00253,\n    \"92\": 0.0076,\n    \"100\": 0.01774,\n    \"107\": 0.00127,\n    \"113\": 0.00127,\n    \"118\": 0.05195,\n    \"119\": 0.00127,\n    \"120\": 0.03294,\n    \"121\": 0.00507,\n    \"122\": 0.09629,\n    \"123\": 0.54988,\n    \"124\": 0.40037,\n    _: \"12 17 79 80 81 83 84 85 86 87 88 91 93 94 95 96 97 98 99 101 102 103 104 105 106 108 109 110 111 112 114 115 116 117\"\n  },\n  E: {\n    _: \"0 4 5 6 7 8 9 10 11 12 13 14 15 3.1 3.2 5.1 6.1 7.1 9.1 10.1 11.1 13.1 14.1 15.1 15.2-15.3 15.4 15.5 16.0 16.1 16.2 16.4 16.5 17.0 17.1 17.3\",\n    \"12.1\": 0.0076,\n    \"15.6\": 0.00507,\n    \"16.3\": 0.00887,\n    \"16.6\": 0.00127,\n    \"17.2\": 0.00507,\n    \"17.4\": 0.07222,\n    \"17.5\": 0.02534\n  },\n  G: {\n    \"8\": 0,\n    \"3.2\": 0,\n    \"4.0-4.1\": 0,\n    \"4.2-4.3\": 0.00153,\n    \"5.0-5.1\": 0.00153,\n    \"6.0-6.1\": 0.00383,\n    \"7.0-7.1\": 0.00612,\n    \"8.1-8.4\": 0.00153,\n    \"9.0-9.2\": 0.00383,\n    \"9.3\": 0.01913,\n    \"10.0-10.2\": 0.00383,\n    \"10.3\": 0.0306,\n    \"11.0-11.2\": 0.02601,\n    \"11.3-11.4\": 0.00765,\n    \"12.0-12.1\": 0.00536,\n    \"12.2-12.5\": 0.1247,\n    \"13.0-13.1\": 0.0023,\n    \"13.2\": 0.02525,\n    \"13.3\": 0.00612,\n    \"13.4-13.7\": 0.02372,\n    \"14.0-14.4\": 0.04667,\n    \"14.5-14.8\": 0.07115,\n    \"15.0-15.1\": 0.0329,\n    \"15.2-15.3\": 0.03749,\n    \"15.4\": 0.04284,\n    \"15.5\": 0.05432,\n    \"15.6-15.8\": 0.47431,\n    \"16.0\": 0.11093,\n    \"16.1\": 0.23103,\n    \"16.2\": 0.11093,\n    \"16.3\": 0.19584,\n    \"16.4\": 0.04055,\n    \"16.5\": 0.08492,\n    \"16.6-16.7\": 0.67091,\n    \"17.0\": 0.08033,\n    \"17.1\": 0.14841,\n    \"17.2\": 0.19737,\n    \"17.3\": 1.43975,\n    \"17.4\": 3.24977,\n    \"17.5\": 0.02984\n  },\n  P: {\n    \"4\": 0.02006,\n    \"20\": 0.03009,\n    \"21\": 0.08023,\n    \"22\": 0.12035,\n    \"23\": 0.24069,\n    \"24\": 0.64185,\n    \"5.0-5.4\": 0.01003,\n    \"6.2-6.4\": 0.05014,\n    \"7.2-7.4\": 0.11032,\n    _: \"8.2 10.1 13.0 15.0\",\n    \"9.2\": 0.09026,\n    \"11.1-11.2\": 0.03009,\n    \"12.0\": 0.01003,\n    \"14.0\": 0.01003,\n    \"16.0\": 0.01003,\n    \"17.0\": 0.01003,\n    \"18.0\": 0.01003,\n    \"19.0\": 0.08023\n  },\n  I: {\n    \"0\": 0.24352,\n    \"3\": 0,\n    \"4\": 0.00002,\n    \"2.1\": 0,\n    \"2.2\": 0,\n    \"2.3\": 0,\n    \"4.1\": 0.00005,\n    \"4.2-4.3\": 0.00015,\n    \"4.4\": 0,\n    \"4.4.3-4.4.4\": 0.00061\n  },\n  A: {\n    \"11\": 0.00507,\n    _: \"6 7 8 9 10 5.5\"\n  },\n  K: {\n    \"0\": 0.54765,\n    _: \"10 11 12 11.1 11.5 12.1\"\n  },\n  J: {\n    _: \"7 10\"\n  },\n  N: {\n    _: \"10 11\"\n  },\n  S: {\n    \"2.5\": 0.00873,\n    _: \"3.0-3.1\"\n  },\n  Q: {\n    _: \"14.9\"\n  },\n  O: {\n    \"0\": 0.25326\n  },\n  H: {\n    \"0\": 0.02\n  },\n  L: {\n    \"0\": 80.72434\n  },\n  R: {\n    _: \"0\"\n  },\n  M: {\n    \"0\": 0.04367\n  }\n};","map":{"version":3,"names":["module","exports","C","_","D","F","B","E","G","P","I","A","K","J","N","S","Q","O","H","L","R","M"],"sources":["C:/Users/chest/OneDrive/Documentos/GitHub/HackUPC/frontend/node_modules/caniuse-lite/data/regions/KM.js"],