{"ast":null,"code":"module.exports = {\n  C: {\n    \"4\": 0.01577,\n    \"48\": 0.00526,\n    \"52\": 0.02629,\n    \"54\": 0.0368,\n    \"56\": 0.00526,\n    \"59\": 0.03154,\n    \"68\": 0.00526,\n    \"75\": 0.01577,\n    \"78\": 0.05257,\n    \"83\": 0.00526,\n    \"88\": 0.00526,\n    \"91\": 0.01577,\n    \"93\": 0.00526,\n    \"94\": 0.01051,\n    \"96\": 0.00526,\n    \"102\": 0.02629,\n    \"103\": 4.6577,\n    \"104\": 0.01051,\n    \"105\": 0.00526,\n    \"106\": 0.01051,\n    \"107\": 0.01051,\n    \"108\": 0.01051,\n    \"109\": 0.01051,\n    \"110\": 0.01051,\n    \"111\": 0.01051,\n    \"112\": 0.00526,\n    \"113\": 0.01577,\n    \"114\": 0.00526,\n    \"115\": 0.6729,\n    \"116\": 0.00526,\n    \"117\": 0.00526,\n    \"118\": 0.00526,\n    \"119\": 0.01051,\n    \"120\": 0.00526,\n    \"121\": 0.02103,\n    \"122\": 0.02629,\n    \"123\": 0.09463,\n    \"124\": 2.23423,\n    \"125\": 1.28271,\n    \"126\": 0.00526,\n    _: \"2 3 5 6 7 8 9 10 11 12 13 14 15 16 17 18 19 20 21 22 23 24 25 26 27 28 29 30 31 32 33 34 35 36 37 38 39 40 41 42 43 44 45 46 47 49 50 51 53 55 57 58 60 61 62 63 64 65 66 67 69 70 71 72 73 74 76 77 79 80 81 82 84 85 86 87 89 90 92 95 97 98 99 100 101 127 128 3.5 3.6\"\n  },\n  D: {\n    \"49\": 0.06308,\n    \"52\": 0.02103,\n    \"65\": 0.00526,\n    \"66\": 0.13143,\n    \"70\": 0.00526,\n    \"71\": 0.01577,\n    \"74\": 0.00526,\n    \"76\": 0.01051,\n    \"77\": 0.00526,\n    \"78\": 0.00526,\n    \"79\": 0.02629,\n    \"80\": 0.00526,\n    \"81\": 0.01577,\n    \"83\": 0.00526,\n    \"84\": 0.00526,\n    \"85\": 0.02629,\n    \"86\": 0.1472,\n    \"87\": 0.07886,\n    \"88\": 0.01577,\n    \"89\": 0.00526,\n    \"90\": 0.01051,\n    \"91\": 0.00526,\n    \"92\": 0.00526,\n    \"93\": 0.01051,\n    \"94\": 0.21028,\n    \"95\": 0.01577,\n    \"96\": 0.01051,\n    \"97\": 0.00526,\n    \"98\": 0.01051,\n    \"99\": 0.01051,\n    \"100\": 0.14194,\n    \"101\": 0.28388,\n    \"102\": 0.15245,\n    \"103\": 0.28388,\n    \"104\": 0.1472,\n    \"105\": 0.05257,\n    \"106\": 0.04731,\n    \"107\": 0.0736,\n    \"108\": 0.08411,\n    \"109\": 1.51402,\n    \"110\": 0.04731,\n    \"111\": 0.06308,\n    \"112\": 0.06308,\n    \"113\": 0.03154,\n    \"114\": 0.09463,\n    \"115\": 0.16297,\n    \"116\": 0.28388,\n    \"117\": 0.02629,\n    \"118\": 0.05257,\n    \"119\": 0.17874,\n    \"120\": 0.46787,\n    \"121\": 0.32068,\n    \"122\": 1.96086,\n    \"123\": 15.52392,\n    \"124\": 6.84461,\n    \"125\": 0.02629,\n    _: \"4 5 6 7 8 9 10 11 12 13 14 15 16 17 18 19 20 21 22 23 24 25 26 27 28 29 30 31 32 33 34 35 36 37 38 39 40 41 42 43 44 45 46 47 48 50 51 53 54 55 56 57 58 59 60 61 62 63 64 67 68 69 72 73 75 126 127\"\n  },\n  F: {\n    \"28\": 0.00526,\n    \"46\": 0.00526,\n    \"79\": 0.00526,\n    \"94\": 0.00526,\n    \"95\": 0.0368,\n    \"102\": 0.00526,\n    \"106\": 0.0368,\n    \"107\": 0.58353,\n    \"108\": 0.38902,\n    \"109\": 0.12617,\n    _: \"9 11 12 15 16 17 18 19 20 21 22 23 24 25 26 27 29 30 31 32 33 34 35 36 37 38 39 40 41 42 43 44 45 47 48 49 50 51 52 53 54 55 56 57 58 60 62 63 64 65 66 67 68 69 70 71 72 73 74 75 76 77 78 80 81 82 83 84 85 86 87 88 89 90 91 92 93 96 97 98 99 100 101 103 104 105 9.5-9.6 10.0-10.1 10.5 10.6 11.1 11.5 11.6 12.1\"\n  },\n  B: {\n    \"17\": 0.01577,\n    \"18\": 0.00526,\n    \"92\": 0.01051,\n    \"101\": 0.00526,\n    \"106\": 0.00526,\n    \"107\": 0.01577,\n    \"108\": 0.01577,\n    \"109\": 0.12091,\n    \"110\": 0.01051,\n    \"111\": 0.01051,\n    \"112\": 0.00526,\n    \"113\": 0.00526,\n    \"114\": 0.06308,\n    \"115\": 0.00526,\n    \"116\": 0.00526,\n    \"117\": 0.01051,\n    \"118\": 0.00526,\n    \"119\": 0.01577,\n    \"120\": 0.04206,\n    \"121\": 0.04731,\n    \"122\": 0.46262,\n    \"123\": 4.43165,\n    \"124\": 2.12909,\n    _: \"12 13 14 15 16 79 80 81 83 84 85 86 87 88 89 90 91 93 94 95 96 97 98 99 100 102 103 104 105\"\n  },\n  E: {\n    \"13\": 0.00526,\n    \"14\": 0.04206,\n    \"15\": 0.01051,\n    _: \"0 4 5 6 7 8 9 10 11 12 3.1 3.2 5.1 6.1 7.1 10.1\",\n    \"9.1\": 0.00526,\n    \"11.1\": 0.03154,\n    \"12.1\": 0.11565,\n    \"13.1\": 0.09988,\n    \"14.1\": 0.12091,\n    \"15.1\": 0.02103,\n    \"15.2-15.3\": 0.02103,\n    \"15.4\": 0.02103,\n    \"15.5\": 0.03154,\n    \"15.6\": 0.28914,\n    \"16.0\": 0.0368,\n    \"16.1\": 0.05257,\n    \"16.2\": 0.04206,\n    \"16.3\": 0.09463,\n    \"16.4\": 0.0368,\n    \"16.5\": 0.06834,\n    \"16.6\": 0.34696,\n    \"17.0\": 0.04731,\n    \"17.1\": 0.10514,\n    \"17.2\": 0.15771,\n    \"17.3\": 0.31016,\n    \"17.4\": 0.91998,\n    \"17.5\": 0.00526\n  },\n  G: {\n    \"8\": 0,\n    \"3.2\": 0,\n    \"4.0-4.1\": 0,\n    \"4.2-4.3\": 0.00248,\n    \"5.0-5.1\": 0.00248,\n    \"6.0-6.1\": 0.0062,\n    \"7.0-7.1\": 0.00992,\n    \"8.1-8.4\": 0.00248,\n    \"9.0-9.2\": 0.0062,\n    \"9.3\": 0.031,\n    \"10.0-10.2\": 0.0062,\n    \"10.3\": 0.04959,\n    \"11.0-11.2\": 0.04215,\n    \"11.3-11.4\": 0.0124,\n    \"12.0-12.1\": 0.00868,\n    \"12.2-12.5\": 0.20209,\n    \"13.0-13.1\": 0.00372,\n    \"13.2\": 0.04091,\n    \"13.3\": 0.00992,\n    \"13.4-13.7\": 0.03843,\n    \"14.0-14.4\": 0.07563,\n    \"14.5-14.8\": 0.1153,\n    \"15.0-15.1\": 0.05331,\n    \"15.2-15.3\": 0.06075,\n    \"15.4\": 0.06943,\n    \"15.5\": 0.08803,\n    \"15.6-15.8\": 0.76869,\n    \"16.0\": 0.17977,\n    \"16.1\": 0.37443,\n    \"16.2\": 0.17977,\n    \"16.3\": 0.31739,\n    \"16.4\": 0.06571,\n    \"16.5\": 0.13762,\n    \"16.6-16.7\": 1.08732,\n    \"17.0\": 0.13018,\n    \"17.1\": 0.24053,\n    \"17.2\": 0.31987,\n    \"17.3\": 2.33334,\n    \"17.4\": 5.26676,\n    \"17.5\": 0.04835\n  },\n  P: {\n    \"4\": 0.05321,\n    \"20\": 0.02128,\n    \"21\": 0.05321,\n    \"22\": 0.05321,\n    \"23\": 0.22347,\n    \"24\": 1.79839,\n    _: \"5.0-5.4 6.2-6.4 8.2 10.1 12.0\",\n    \"7.2-7.4\": 0.01064,\n    \"9.2\": 0.01064,\n    \"11.1-11.2\": 0.01064,\n    \"13.0\": 0.02128,\n    \"14.0\": 0.01064,\n    \"15.0\": 0.02128,\n    \"16.0\": 0.02128,\n    \"17.0\": 0.01064,\n    \"18.0\": 0.01064,\n    \"19.0\": 0.02128\n  },\n  I: {\n    \"0\": 0.07558,\n    \"3\": 0,\n    \"4\": 0.00001,\n    \"2.1\": 0,\n    \"2.2\": 0,\n    \"2.3\": 0,\n    \"4.1\": 0.00002,\n    \"4.2-4.3\": 0.00005,\n    \"4.4\": 0,\n    \"4.4.3-4.4.4\": 0.00019\n  },\n  A: {\n    \"8\": 0.01646,\n    \"9\": 0.01646,\n    \"11\": 0.09325,\n    _: \"6 7 10 5.5\"\n  },\n  K: {\n    \"0\": 0.59288,\n    _: \"10 11 12 11.1 11.5 12.1\"\n  },\n  J: {\n    _: \"7 10\"\n  },\n  N: {\n    _: \"10 11\"\n  },\n  S: {\n    \"2.5\": 0.00474,\n    _: \"3.0-3.1\"\n  },\n  Q: {\n    \"14.9\": 0.00474\n  },\n  O: {\n    \"0\": 0.39841\n  },\n  H: {\n    \"0\": 0\n  },\n  L: {\n    \"0\": 31.35957\n  },\n  R: {\n    _: \"0\"\n  },\n  M: {\n    \"0\": 0.54545\n  }\n};","map":{"version":3,"names":["module","exports","C","_","D","F","B","E","G","P","I","A","K","J","N","S","Q","O","H","L","R","M"],"sources":["C:/Users/chest/OneDrive/Documentos/GitHub/HackUPC/frontend/node_modules/caniuse-lite/data/regions/FR.js"],