{"ast":null,"code":"module.exports = {\n  C: {\n    \"3\": 0.00383,\n    \"4\": 0.00383,\n    \"12\": 0.00383,\n    \"20\": 0.00383,\n    \"21\": 0.00383,\n    \"23\": 0.00383,\n    \"28\": 0.00383,\n    \"29\": 0.00383,\n    \"31\": 0.00383,\n    \"34\": 0.00383,\n    \"35\": 0.00383,\n    \"37\": 0.00383,\n    \"38\": 0.00383,\n    \"39\": 0.00383,\n    \"40\": 0.00766,\n    \"41\": 0.00383,\n    \"78\": 0.00383,\n    \"102\": 0.00766,\n    \"112\": 0.00383,\n    \"113\": 0.00766,\n    \"114\": 0.00383,\n    \"115\": 0.07273,\n    \"116\": 0.04976,\n    \"117\": 0.09953,\n    \"118\": 0.00383,\n    \"119\": 0.09187,\n    \"120\": 0.00383,\n    \"123\": 0.00766,\n    \"124\": 0.48616,\n    \"125\": 0.26413,\n    \"126\": 0.00766,\n    _: \"2 5 6 7 8 9 10 11 13 14 15 16 17 18 19 22 24 25 26 27 30 32 33 36 42 43 44 45 46 47 48 49 50 51 52 53 54 55 56 57 58 59 60 61 62 63 64 65 66 67 68 69 70 71 72 73 74 75 76 77 79 80 81 82 83 84 85 86 87 88 89 90 91 92 93 94 95 96 97 98 99 100 101 103 104 105 106 107 108 109 110 111 121 122 127 128 3.5\",\n    \"3.6\": 0.00766\n  },\n  D: {\n    \"19\": 0.00383,\n    \"21\": 0.00383,\n    \"22\": 0.00383,\n    \"28\": 0.00383,\n    \"30\": 0.00383,\n    \"31\": 0.00383,\n    \"33\": 0.00383,\n    \"34\": 0.00383,\n    \"35\": 0.00383,\n    \"36\": 0.00383,\n    \"37\": 0.00383,\n    \"38\": 0.00383,\n    \"39\": 0.00766,\n    \"40\": 0.00383,\n    \"41\": 0.01148,\n    \"42\": 0.00766,\n    \"43\": 0.01148,\n    \"44\": 0.01914,\n    \"45\": 0.01531,\n    \"46\": 0.02297,\n    \"47\": 0.00766,\n    \"51\": 0.03445,\n    \"65\": 0.00766,\n    \"68\": 0.00383,\n    \"69\": 0.00383,\n    \"70\": 0.01531,\n    \"72\": 0.00383,\n    \"75\": 0.00766,\n    \"76\": 0.01531,\n    \"77\": 0.00766,\n    \"78\": 0.00383,\n    \"79\": 0.01148,\n    \"80\": 0.00383,\n    \"81\": 0.00383,\n    \"83\": 0.00383,\n    \"84\": 0.00383,\n    \"85\": 0.00383,\n    \"86\": 0.00383,\n    \"87\": 0.00383,\n    \"88\": 0.00383,\n    \"89\": 0.00383,\n    \"90\": 0.00383,\n    \"91\": 0.18757,\n    \"92\": 0.00766,\n    \"93\": 0.06125,\n    \"96\": 0.00383,\n    \"97\": 0.25265,\n    \"102\": 0.00766,\n    \"103\": 0.10718,\n    \"105\": 0.00766,\n    \"107\": 0.00383,\n    \"108\": 1.02973,\n    \"109\": 0.47084,\n    \"110\": 0.00766,\n    \"111\": 0.00383,\n    \"112\": 0.00383,\n    \"113\": 0.00383,\n    \"114\": 0.02297,\n    \"115\": 0.03445,\n    \"116\": 0.33304,\n    \"117\": 0.03445,\n    \"118\": 0.00766,\n    \"119\": 0.0268,\n    \"120\": 0.05742,\n    \"121\": 0.26796,\n    \"122\": 0.48998,\n    \"123\": 12.73576,\n    \"124\": 7.25406,\n    \"125\": 0.01148,\n    \"126\": 0.00766,\n    _: \"4 5 6 7 8 9 10 11 12 13 14 15 16 17 18 20 23 24 25 26 27 29 32 48 49 50 52 53 54 55 56 57 58 59 60 61 62 63 64 66 67 71 73 74 94 95 98 99 100 101 104 106 127\"\n  },\n  F: {\n    \"31\": 0.00766,\n    \"95\": 0.00383,\n    \"100\": 0.00766,\n    \"101\": 0.00766,\n    \"102\": 0.00383,\n    \"107\": 0.36366,\n    \"108\": 0.19906,\n    \"109\": 0.03828,\n    _: \"9 11 12 15 16 17 18 19 20 21 22 23 24 25 26 27 28 29 30 32 33 34 35 36 37 38 39 40 41 42 43 44 45 46 47 48 49 50 51 52 53 54 55 56 57 58 60 62 63 64 65 66 67 68 69 70 71 72 73 74 75 76 77 78 79 80 81 82 83 84 85 86 87 88 89 90 91 92 93 94 96 97 98 99 103 104 105 106 9.5-9.6 10.0-10.1 10.5 10.6 11.1 11.6\",\n    \"11.5\": 0.00383,\n    \"12.1\": 0.00766\n  },\n  B: {\n    \"12\": 0.00766,\n    \"18\": 0.00383,\n    \"109\": 0.06125,\n    \"113\": 0.00383,\n    \"115\": 0.00383,\n    \"116\": 0.06125,\n    \"117\": 0.00766,\n    \"120\": 0.00383,\n    \"121\": 0.01531,\n    \"122\": 0.13398,\n    \"123\": 1.40488,\n    \"124\": 0.59334,\n    _: \"13 14 15 16 17 79 80 81 83 84 85 86 87 88 89 90 91 92 93 94 95 96 97 98 99 100 101 102 103 104 105 106 107 108 110 111 112 114 118 119\"\n  },\n  E: {\n    \"5\": 0.00383,\n    \"8\": 0.00383,\n    \"9\": 0.05742,\n    \"14\": 0.01148,\n    \"15\": 0.00383,\n    _: \"0 4 6 7 10 11 12 13 3.1 3.2 6.1 7.1 10.1 12.1\",\n    \"5.1\": 0.00383,\n    \"9.1\": 0.01148,\n    \"11.1\": 0.00766,\n    \"13.1\": 0.03445,\n    \"14.1\": 0.01914,\n    \"15.1\": 0.06125,\n    \"15.2-15.3\": 0.1225,\n    \"15.4\": 0.37897,\n    \"15.5\": 0.02297,\n    \"15.6\": 0.45553,\n    \"16.0\": 0.03828,\n    \"16.1\": 0.03828,\n    \"16.2\": 0.04976,\n    \"16.3\": 0.15695,\n    \"16.4\": 0.13015,\n    \"16.5\": 0.62779,\n    \"16.6\": 0.56654,\n    \"17.0\": 0.06125,\n    \"17.1\": 0.29858,\n    \"17.2\": 0.58568,\n    \"17.3\": 1.00676,\n    \"17.4\": 3.45286,\n    \"17.5\": 0.0268\n  },\n  G: {\n    \"8\": 0,\n    \"3.2\": 0,\n    \"4.0-4.1\": 0,\n    \"4.2-4.3\": 0.00784,\n    \"5.0-5.1\": 0.00784,\n    \"6.0-6.1\": 0.01961,\n    \"7.0-7.1\": 0.03138,\n    \"8.1-8.4\": 0.00784,\n    \"9.0-9.2\": 0.01961,\n    \"9.3\": 0.09806,\n    \"10.0-10.2\": 0.01961,\n    \"10.3\": 0.15689,\n    \"11.0-11.2\": 0.13336,\n    \"11.3-11.4\": 0.03922,\n    \"12.0-12.1\": 0.02746,\n    \"12.2-12.5\": 0.63934,\n    \"13.0-13.1\": 0.01177,\n    \"13.2\": 0.12944,\n    \"13.3\": 0.03138,\n    \"13.4-13.7\": 0.12159,\n    \"14.0-14.4\": 0.23926,\n    \"14.5-14.8\": 0.36477,\n    \"15.0-15.1\": 0.16866,\n    \"15.2-15.3\": 0.19219,\n    \"15.4\": 0.21965,\n    \"15.5\": 0.27848,\n    \"15.6-15.8\": 2.43183,\n    \"16.0\": 0.56873,\n    \"16.1\": 1.18454,\n    \"16.2\": 0.56873,\n    \"16.3\": 1.00411,\n    \"16.4\": 0.20788,\n    \"16.5\": 0.43538,\n    \"16.6-16.7\": 3.43986,\n    \"17.0\": 0.41184,\n    \"17.1\": 0.76093,\n    \"17.2\": 1.01195,\n    \"17.3\": 7.38178,\n    \"17.4\": 16.66196,\n    \"17.5\": 0.15297\n  },\n  P: {\n    \"4\": 0.0646,\n    \"21\": 0.0323,\n    \"22\": 0.01077,\n    \"23\": 0.07537,\n    \"24\": 1.50744,\n    _: \"20 5.0-5.4 8.2 9.2 10.1 11.1-11.2 12.0 13.0 14.0 17.0 18.0\",\n    \"6.2-6.4\": 0.04307,\n    \"7.2-7.4\": 0.0323,\n    \"15.0\": 0.01077,\n    \"16.0\": 0.01077,\n    \"19.0\": 0.01077\n  },\n  I: {\n    \"0\": 0.28889,\n    \"3\": 0,\n    \"4\": 0.00003,\n    \"2.1\": 0,\n    \"2.2\": 0,\n    \"2.3\": 0,\n    \"4.1\": 0.00006,\n    \"4.2-4.3\": 0.00017,\n    \"4.4\": 0,\n    \"4.4.3-4.4.4\": 0.00073\n  },\n  A: {\n    \"6\": 0.00849,\n    \"7\": 0.01274,\n    \"8\": 0.1274,\n    \"9\": 0.02123,\n    \"10\": 0.02123,\n    \"11\": 0.06795,\n    _: \"5.5\"\n  },\n  K: {\n    \"0\": 0.16047,\n    _: \"10 11 12 11.1 11.5 12.1\"\n  },\n  J: {\n    _: \"7 10\"\n  },\n  N: {\n    _: \"10 11\"\n  },\n  S: {\n    \"2.5\": 0.01234,\n    _: \"3.0-3.1\"\n  },\n  Q: {\n    _: \"14.9\"\n  },\n  O: {\n    \"0\": 0.06789\n  },\n  H: {\n    \"0\": 0\n  },\n  L: {\n    \"0\": 20.67784\n  },\n  R: {\n    _: \"0\"\n  },\n  M: {\n    \"0\": 0.51228\n  }\n};","map":{"version":3,"names":["module","exports","C","_","D","F","B","E","G","P","I","A","K","J","N","S","Q","O","H","L","R","M"],"sources":["C:/Users/chest/OneDrive/Documentos/GitHub/HackUPC/frontend/node_modules/caniuse-lite/data/regions/BZ.js"],