{"ast":null,"code":"module.exports = {\n  C: {\n    \"88\": 0.00419,\n    \"115\": 0.10884,\n    \"118\": 0.00419,\n    \"123\": 0.22186,\n    \"124\": 0.83301,\n    \"125\": 0.64883,\n    _: \"2 3 4 5 6 7 8 9 10 11 12 13 14 15 16 17 18 19 20 21 22 23 24 25 26 27 28 29 30 31 32 33 34 35 36 37 38 39 40 41 42 43 44 45 46 47 48 49 50 51 52 53 54 55 56 57 58 59 60 61 62 63 64 65 66 67 68 69 70 71 72 73 74 75 76 77 78 79 80 81 82 83 84 85 86 87 89 90 91 92 93 94 95 96 97 98 99 100 101 102 103 104 105 106 107 108 109 110 111 112 113 114 116 117 119 120 121 122 126 127 128 3.5 3.6\"\n  },\n  D: {\n    \"49\": 0.02512,\n    \"79\": 0.02093,\n    \"80\": 0.10884,\n    \"87\": 0.00837,\n    \"93\": 0.00419,\n    \"94\": 0.00419,\n    \"96\": 0.00419,\n    \"97\": 0.00419,\n    \"98\": 0.04605,\n    \"99\": 0.01256,\n    \"100\": 0.00419,\n    \"101\": 0.00419,\n    \"103\": 0.12977,\n    \"109\": 0.22186,\n    \"112\": 0.00419,\n    \"113\": 0.00837,\n    \"115\": 0.03767,\n    \"116\": 0.19256,\n    \"117\": 0.01256,\n    \"118\": 0.05023,\n    \"119\": 0.04186,\n    \"120\": 0.10884,\n    \"121\": 0.08791,\n    \"122\": 1.38557,\n    \"123\": 12.0808,\n    \"124\": 5.31622,\n    \"125\": 0.01256,\n    _: \"4 5 6 7 8 9 10 11 12 13 14 15 16 17 18 19 20 21 22 23 24 25 26 27 28 29 30 31 32 33 34 35 36 37 38 39 40 41 42 43 44 45 46 47 48 50 51 52 53 54 55 56 57 58 59 60 61 62 63 64 65 66 67 68 69 70 71 72 73 74 75 76 77 78 81 83 84 85 86 88 89 90 91 92 95 102 104 105 106 107 108 110 111 114 126 127\"\n  },\n  F: {\n    \"46\": 0.01256,\n    \"106\": 0.00419,\n    \"107\": 0.30558,\n    \"108\": 0.04186,\n    \"109\": 0.03767,\n    _: \"9 11 12 15 16 17 18 19 20 21 22 23 24 25 26 27 28 29 30 31 32 33 34 35 36 37 38 39 40 41 42 43 44 45 47 48 49 50 51 52 53 54 55 56 57 58 60 62 63 64 65 66 67 68 69 70 71 72 73 74 75 76 77 78 79 80 81 82 83 84 85 86 87 88 89 90 91 92 93 94 95 96 97 98 99 100 101 102 103 104 105 9.5-9.6 10.0-10.1 10.5 10.6 11.1 11.5 11.6 12.1\"\n  },\n  B: {\n    \"18\": 0.00837,\n    \"92\": 0.00419,\n    \"98\": 0.00419,\n    \"99\": 0.00419,\n    \"108\": 0.02512,\n    \"109\": 0.06279,\n    \"117\": 0.00419,\n    \"118\": 0.00419,\n    \"120\": 0.00837,\n    \"121\": 0.01674,\n    \"122\": 0.30558,\n    \"123\": 5.74319,\n    \"124\": 2.5409,\n    _: \"12 13 14 15 16 17 79 80 81 83 84 85 86 87 88 89 90 91 93 94 95 96 97 100 101 102 103 104 105 106 107 110 111 112 113 114 115 116 119\"\n  },\n  E: {\n    \"14\": 0.08372,\n    \"15\": 0.02093,\n    _: \"0 4 5 6 7 8 9 10 11 12 13 3.1 3.2 5.1 6.1 7.1 9.1 10.1 11.1\",\n    \"12.1\": 0.04186,\n    \"13.1\": 0.05442,\n    \"14.1\": 0.22186,\n    \"15.1\": 0.01674,\n    \"15.2-15.3\": 0.04605,\n    \"15.4\": 0.01674,\n    \"15.5\": 0.2386,\n    \"15.6\": 0.72418,\n    \"16.0\": 0.03767,\n    \"16.1\": 0.28883,\n    \"16.2\": 0.08791,\n    \"16.3\": 0.16325,\n    \"16.4\": 0.10046,\n    \"16.5\": 0.31814,\n    \"16.6\": 1.30603,\n    \"17.0\": 0.02512,\n    \"17.1\": 0.12558,\n    \"17.2\": 0.22186,\n    \"17.3\": 1.2558,\n    \"17.4\": 4.9646,\n    \"17.5\": 0.02512\n  },\n  G: {\n    \"8\": 0,\n    \"3.2\": 0,\n    \"4.0-4.1\": 0,\n    \"4.2-4.3\": 0.00712,\n    \"5.0-5.1\": 0.00712,\n    \"6.0-6.1\": 0.0178,\n    \"7.0-7.1\": 0.02847,\n    \"8.1-8.4\": 0.00712,\n    \"9.0-9.2\": 0.0178,\n    \"9.3\": 0.08898,\n    \"10.0-10.2\": 0.0178,\n    \"10.3\": 0.14237,\n    \"11.0-11.2\": 0.12102,\n    \"11.3-11.4\": 0.03559,\n    \"12.0-12.1\": 0.02492,\n    \"12.2-12.5\": 0.58017,\n    \"13.0-13.1\": 0.01068,\n    \"13.2\": 0.11746,\n    \"13.3\": 0.02847,\n    \"13.4-13.7\": 0.11034,\n    \"14.0-14.4\": 0.21712,\n    \"14.5-14.8\": 0.33102,\n    \"15.0-15.1\": 0.15305,\n    \"15.2-15.3\": 0.17441,\n    \"15.4\": 0.19932,\n    \"15.5\": 0.25271,\n    \"15.6-15.8\": 2.20679,\n    \"16.0\": 0.5161,\n    \"16.1\": 1.07492,\n    \"16.2\": 0.5161,\n    \"16.3\": 0.91119,\n    \"16.4\": 0.18864,\n    \"16.5\": 0.39509,\n    \"16.6-16.7\": 3.12153,\n    \"17.0\": 0.37373,\n    \"17.1\": 0.69051,\n    \"17.2\": 0.91831,\n    \"17.3\": 6.69866,\n    \"17.4\": 15.12004,\n    \"17.5\": 0.13881\n  },\n  P: {\n    \"4\": 0.1831,\n    \"20\": 0.01144,\n    \"21\": 0.01144,\n    \"22\": 0.06866,\n    \"23\": 0.20599,\n    \"24\": 2.97544,\n    \"5.0-5.4\": 0.01144,\n    _: \"6.2-6.4 7.2-7.4 8.2 9.2 10.1 12.0 13.0 14.0 15.0 16.0 17.0 18.0 19.0\",\n    \"11.1-11.2\": 0.02289\n  },\n  I: {\n    \"0\": 0.00579,\n    \"3\": 0,\n    \"4\": 0,\n    \"2.1\": 0,\n    \"2.2\": 0,\n    \"2.3\": 0,\n    \"4.1\": 0,\n    \"4.2-4.3\": 0,\n    \"4.4\": 0,\n    \"4.4.3-4.4.4\": 0.00001\n  },\n  A: {\n    \"11\": 0.00837,\n    _: \"6 7 8 9 10 5.5\"\n  },\n  K: {\n    \"0\": 0.0407,\n    _: \"10 11 12 11.1 11.5 12.1\"\n  },\n  J: {\n    _: \"7 10\"\n  },\n  N: {\n    _: \"10 11\"\n  },\n  S: {\n    _: \"2.5 3.0-3.1\"\n  },\n  Q: {\n    _: \"14.9\"\n  },\n  O: {\n    _: \"0\"\n  },\n  H: {\n    \"0\": 0\n  },\n  L: {\n    \"0\": 18.44061\n  },\n  R: {\n    _: \"0\"\n  },\n  M: {\n    \"0\": 0.34884\n  }\n};","map":{"version":3,"names":["module","exports","C","_","D","F","B","E","G","P","I","A","K","J","N","S","Q","O","H","L","R","M"],"sources":["C:/Users/chest/OneDrive/Documentos/GitHub/HackUPC/frontend/node_modules/caniuse-lite/data/regions/JE.js"],