{"ast":null,"code":"module.exports = {\n  C: {\n    \"4\": 0.00127,\n    \"47\": 0.00127,\n    \"51\": 0.00127,\n    \"52\": 0.00507,\n    \"54\": 0.00127,\n    \"59\": 0.0038,\n    \"68\": 0.00127,\n    \"72\": 0.00127,\n    \"75\": 0.00127,\n    \"78\": 0.00127,\n    \"88\": 0.00507,\n    \"99\": 0.00127,\n    \"101\": 0.00127,\n    \"102\": 0.00127,\n    \"103\": 0.00254,\n    \"105\": 0.00127,\n    \"106\": 0.00127,\n    \"107\": 0.00127,\n    \"108\": 0.00127,\n    \"109\": 0.00127,\n    \"110\": 0.00127,\n    \"111\": 0.00127,\n    \"112\": 0.00127,\n    \"113\": 0.00127,\n    \"115\": 0.04058,\n    \"118\": 0.00634,\n    \"119\": 0.00127,\n    \"121\": 0.00254,\n    \"122\": 0.00127,\n    \"123\": 0.0038,\n    \"124\": 0.13821,\n    \"125\": 0.05706,\n    _: \"2 3 5 6 7 8 9 10 11 12 13 14 15 16 17 18 19 20 21 22 23 24 25 26 27 28 29 30 31 32 33 34 35 36 37 38 39 40 41 42 43 44 45 46 48 49 50 53 55 56 57 58 60 61 62 63 64 65 66 67 69 70 71 73 74 76 77 79 80 81 82 83 84 85 86 87 89 90 91 92 93 94 95 96 97 98 100 104 114 116 117 120 126 127 128 3.5 3.6\"\n  },\n  D: {\n    \"11\": 0.00127,\n    \"26\": 0.00254,\n    \"34\": 0.00761,\n    \"38\": 0.04945,\n    \"41\": 0.00127,\n    \"43\": 0.00127,\n    \"47\": 0.01141,\n    \"49\": 0.01775,\n    \"50\": 0.00127,\n    \"52\": 0.00507,\n    \"53\": 0.0038,\n    \"54\": 0.00127,\n    \"55\": 0.00127,\n    \"56\": 0.00888,\n    \"57\": 0.00634,\n    \"58\": 0.00127,\n    \"61\": 0.00127,\n    \"65\": 0.00127,\n    \"66\": 0.01648,\n    \"67\": 0.00127,\n    \"68\": 0.00254,\n    \"69\": 0.00254,\n    \"70\": 0.00127,\n    \"71\": 0.00254,\n    \"72\": 0.00254,\n    \"73\": 0.00254,\n    \"74\": 0.0038,\n    \"75\": 0.00254,\n    \"76\": 0.00254,\n    \"77\": 0.00254,\n    \"78\": 0.00254,\n    \"79\": 0.08876,\n    \"80\": 0.00507,\n    \"81\": 0.00634,\n    \"83\": 0.0038,\n    \"84\": 0.01014,\n    \"85\": 0.01268,\n    \"86\": 0.00507,\n    \"87\": 0.06086,\n    \"88\": 0.00254,\n    \"89\": 0.00761,\n    \"90\": 0.00507,\n    \"91\": 0.00254,\n    \"92\": 0.00127,\n    \"93\": 0.00127,\n    \"94\": 0.00507,\n    \"95\": 0.00254,\n    \"96\": 0.00254,\n    \"97\": 0.00254,\n    \"98\": 0.00127,\n    \"99\": 0.0038,\n    \"100\": 0.00761,\n    \"101\": 0.0038,\n    \"102\": 0.01268,\n    \"103\": 0.02156,\n    \"104\": 0.01014,\n    \"105\": 0.00761,\n    \"106\": 0.01268,\n    \"107\": 0.01014,\n    \"108\": 0.01522,\n    \"109\": 0.71896,\n    \"110\": 0.00888,\n    \"111\": 0.01014,\n    \"112\": 0.01141,\n    \"113\": 0.00507,\n    \"114\": 0.01268,\n    \"115\": 0.01014,\n    \"116\": 0.02663,\n    \"117\": 0.02029,\n    \"118\": 0.01141,\n    \"119\": 0.03043,\n    \"120\": 0.04945,\n    \"121\": 0.05579,\n    \"122\": 0.14836,\n    \"123\": 4.14129,\n    \"124\": 1.36183,\n    \"125\": 0.00634,\n    _: \"4 5 6 7 8 9 10 12 13 14 15 16 17 18 19 20 21 22 23 24 25 27 28 29 30 31 32 33 35 36 37 39 40 42 44 45 46 48 51 59 60 62 63 64 126 127\"\n  },\n  F: {\n    \"28\": 0.00888,\n    \"29\": 0.00507,\n    \"36\": 0.02409,\n    \"40\": 0.0038,\n    \"44\": 0.00127,\n    \"46\": 0.03424,\n    \"79\": 0.00127,\n    \"85\": 0.00127,\n    \"95\": 0.00507,\n    \"107\": 0.0596,\n    \"108\": 0.04184,\n    \"109\": 0.0355,\n    _: \"9 11 12 15 16 17 18 19 20 21 22 23 24 25 26 27 30 31 32 33 34 35 37 38 39 41 42 43 45 47 48 49 50 51 52 53 54 55 56 57 58 60 62 63 64 65 66 67 68 69 70 71 72 73 74 75 76 77 78 80 81 82 83 84 86 87 88 89 90 91 92 93 94 96 97 98 99 100 101 102 103 104 105 106 9.5-9.6 10.0-10.1 10.5 10.6 11.1 11.5 11.6 12.1\"\n  },\n  B: {\n    \"12\": 0.00127,\n    \"14\": 0.00127,\n    \"16\": 0.00127,\n    \"17\": 0.00254,\n    \"18\": 0.0038,\n    \"84\": 0.00254,\n    \"86\": 0.00127,\n    \"89\": 0.00127,\n    \"90\": 0.00127,\n    \"92\": 0.00127,\n    \"100\": 0.00127,\n    \"105\": 0.00127,\n    \"107\": 0.00254,\n    \"108\": 0.00127,\n    \"109\": 0.00761,\n    \"110\": 0.00127,\n    \"111\": 0.00127,\n    \"113\": 0.00127,\n    \"114\": 0.00127,\n    \"115\": 0.00127,\n    \"116\": 0.00127,\n    \"117\": 0.00127,\n    \"118\": 0.00127,\n    \"119\": 0.00254,\n    \"120\": 0.00507,\n    \"121\": 0.0038,\n    \"122\": 0.02156,\n    \"123\": 0.44634,\n    \"124\": 0.18386,\n    _: \"13 15 79 80 81 83 85 87 88 91 93 94 95 96 97 98 99 101 102 103 104 106 112\"\n  },\n  E: {\n    \"10\": 0.00127,\n    \"13\": 0.00507,\n    \"14\": 0.02156,\n    \"15\": 0.0038,\n    _: \"0 4 5 6 7 8 9 11 12 3.1 3.2 5.1 6.1 7.1 10.1\",\n    \"9.1\": 0.00888,\n    \"11.1\": 0.0038,\n    \"12.1\": 0.00127,\n    \"13.1\": 0.01902,\n    \"14.1\": 0.05326,\n    \"15.1\": 0.01014,\n    \"15.2-15.3\": 0.00507,\n    \"15.4\": 0.01141,\n    \"15.5\": 0.01902,\n    \"15.6\": 0.11919,\n    \"16.0\": 0.00634,\n    \"16.1\": 0.01648,\n    \"16.2\": 0.01141,\n    \"16.3\": 0.03043,\n    \"16.4\": 0.01014,\n    \"16.5\": 0.01268,\n    \"16.6\": 0.11158,\n    \"17.0\": 0.00634,\n    \"17.1\": 0.01522,\n    \"17.2\": 0.02029,\n    \"17.3\": 0.07481,\n    \"17.4\": 0.16357,\n    \"17.5\": 0.00127\n  },\n  G: {\n    \"8\": 0,\n    \"3.2\": 0,\n    \"4.0-4.1\": 0,\n    \"4.2-4.3\": 0.00458,\n    \"5.0-5.1\": 0.00458,\n    \"6.0-6.1\": 0.01144,\n    \"7.0-7.1\": 0.01831,\n    \"8.1-8.4\": 0.00458,\n    \"9.0-9.2\": 0.01144,\n    \"9.3\": 0.05722,\n    \"10.0-10.2\": 0.01144,\n    \"10.3\": 0.09155,\n    \"11.0-11.2\": 0.07781,\n    \"11.3-11.4\": 0.02289,\n    \"12.0-12.1\": 0.01602,\n    \"12.2-12.5\": 0.37305,\n    \"13.0-13.1\": 0.00687,\n    \"13.2\": 0.07553,\n    \"13.3\": 0.01831,\n    \"13.4-13.7\": 0.07095,\n    \"14.0-14.4\": 0.13961,\n    \"14.5-14.8\": 0.21285,\n    \"15.0-15.1\": 0.09841,\n    \"15.2-15.3\": 0.11214,\n    \"15.4\": 0.12816,\n    \"15.5\": 0.16249,\n    \"15.6-15.8\": 1.41897,\n    \"16.0\": 0.33186,\n    \"16.1\": 0.69117,\n    \"16.2\": 0.33186,\n    \"16.3\": 0.5859,\n    \"16.4\": 0.1213,\n    \"16.5\": 0.25404,\n    \"16.6-16.7\": 2.00715,\n    \"17.0\": 0.24031,\n    \"17.1\": 0.444,\n    \"17.2\": 0.59047,\n    \"17.3\": 4.30725,\n    \"17.4\": 9.72222,\n    \"17.5\": 0.08926\n  },\n  P: {\n    \"4\": 0.52422,\n    \"20\": 0.04112,\n    \"21\": 0.13362,\n    \"22\": 0.1439,\n    \"23\": 0.29809,\n    \"24\": 1.95297,\n    \"5.0-5.4\": 0.01028,\n    \"6.2-6.4\": 0.02056,\n    \"7.2-7.4\": 0.07195,\n    _: \"8.2 10.1\",\n    \"9.2\": 0.01028,\n    \"11.1-11.2\": 0.03084,\n    \"12.0\": 0.01028,\n    \"13.0\": 0.02056,\n    \"14.0\": 0.02056,\n    \"15.0\": 0.01028,\n    \"16.0\": 0.03084,\n    \"17.0\": 0.04112,\n    \"18.0\": 0.03084,\n    \"19.0\": 0.05139\n  },\n  I: {\n    \"0\": 0.01739,\n    \"3\": 0,\n    \"4\": 0,\n    \"2.1\": 0,\n    \"2.2\": 0,\n    \"2.3\": 0,\n    \"4.1\": 0,\n    \"4.2-4.3\": 0.00001,\n    \"4.4\": 0,\n    \"4.4.3-4.4.4\": 0.00004\n  },\n  A: {\n    \"8\": 0.00128,\n    \"11\": 0.13186,\n    _: \"6 7 9 10 5.5\"\n  },\n  K: {\n    \"0\": 0.48646,\n    _: \"10 11 12 11.1 11.5 12.1\"\n  },\n  J: {\n    _: \"7 10\"\n  },\n  N: {\n    _: \"10 11\"\n  },\n  S: {\n    \"2.5\": 0.00873,\n    _: \"3.0-3.1\"\n  },\n  Q: {\n    _: \"14.9\"\n  },\n  O: {\n    \"0\": 2.51482\n  },\n  H: {\n    \"0\": 0.02\n  },\n  L: {\n    \"0\": 57.57905\n  },\n  R: {\n    _: \"0\"\n  },\n  M: {\n    \"0\": 0.17464\n  }\n};","map":{"version":3,"names":["module","exports","C","_","D","F","B","E","G","P","I","A","K","J","N","S","Q","O","H","L","R","M"],"sources":["C:/Users/chest/OneDrive/Documentos/GitHub/HackUPC/frontend/node_modules/caniuse-lite/data/regions/VN.js"],