{"ast":null,"code":"module.exports = {\n  C: {\n    \"78\": 0.013,\n    \"107\": 0.00433,\n    \"115\": 0.18199,\n    \"121\": 0.00433,\n    \"123\": 0.00867,\n    \"124\": 1.23924,\n    \"125\": 0.76261,\n    _: \"2 3 4 5 6 7 8 9 10 11 12 13 14 15 16 17 18 19 20 21 22 23 24 25 26 27 28 29 30 31 32 33 34 35 36 37 38 39 40 41 42 43 44 45 46 47 48 49 50 51 52 53 54 55 56 57 58 59 60 61 62 63 64 65 66 67 68 69 70 71 72 73 74 75 76 77 79 80 81 82 83 84 85 86 87 88 89 90 91 92 93 94 95 96 97 98 99 100 101 102 103 104 105 106 108 109 110 111 112 113 114 116 117 118 119 120 122 126 127 128 3.5 3.6\"\n  },\n  D: {\n    \"49\": 0.00433,\n    \"65\": 0.08666,\n    \"71\": 0.00433,\n    \"73\": 0.00867,\n    \"74\": 0.00433,\n    \"75\": 0.00433,\n    \"76\": 0.00433,\n    \"87\": 0.02167,\n    \"92\": 0.00433,\n    \"93\": 0.02167,\n    \"97\": 0.00433,\n    \"98\": 0.04766,\n    \"99\": 0.02167,\n    \"103\": 0.12132,\n    \"107\": 0.00433,\n    \"108\": 0.00433,\n    \"109\": 0.60229,\n    \"110\": 0.00433,\n    \"111\": 0.00433,\n    \"112\": 0.00867,\n    \"113\": 0.00433,\n    \"114\": 0.013,\n    \"115\": 0.00433,\n    \"116\": 0.22965,\n    \"117\": 0.09966,\n    \"118\": 0.01733,\n    \"119\": 0.25998,\n    \"120\": 0.35531,\n    \"121\": 0.25131,\n    \"122\": 1.55121,\n    \"123\": 14.12125,\n    \"124\": 5.26026,\n    \"125\": 0.06933,\n    _: \"4 5 6 7 8 9 10 11 12 13 14 15 16 17 18 19 20 21 22 23 24 25 26 27 28 29 30 31 32 33 34 35 36 37 38 39 40 41 42 43 44 45 46 47 48 50 51 52 53 54 55 56 57 58 59 60 61 62 63 64 66 67 68 69 70 72 77 78 79 80 81 83 84 85 86 88 89 90 91 94 95 96 100 101 102 104 105 106 126 127\"\n  },\n  F: {\n    \"102\": 0.00433,\n    \"107\": 0.31198,\n    \"108\": 0.052,\n    \"109\": 0.02167,\n    _: \"9 11 12 15 16 17 18 19 20 21 22 23 24 25 26 27 28 29 30 31 32 33 34 35 36 37 38 39 40 41 42 43 44 45 46 47 48 49 50 51 52 53 54 55 56 57 58 60 62 63 64 65 66 67 68 69 70 71 72 73 74 75 76 77 78 79 80 81 82 83 84 85 86 87 88 89 90 91 92 93 94 95 96 97 98 99 100 101 103 104 105 106 9.5-9.6 10.0-10.1 10.5 10.6 11.1 11.5 11.6 12.1\"\n  },\n  B: {\n    \"12\": 0.00433,\n    \"18\": 0.00433,\n    \"92\": 0.00433,\n    \"98\": 0.00867,\n    \"109\": 0.065,\n    \"114\": 0.01733,\n    \"115\": 0.00433,\n    \"116\": 0.00433,\n    \"119\": 0.02167,\n    \"120\": 0.013,\n    \"121\": 0.052,\n    \"122\": 0.29031,\n    \"123\": 3.38841,\n    \"124\": 1.48622,\n    _: \"13 14 15 16 17 79 80 81 83 84 85 86 87 88 89 90 91 93 94 95 96 97 99 100 101 102 103 104 105 106 107 108 110 111 112 113 117 118\"\n  },\n  E: {\n    \"14\": 0.06066,\n    \"15\": 0.01733,\n    _: \"0 4 5 6 7 8 9 10 11 12 13 3.1 3.2 5.1 6.1 7.1 9.1 10.1 11.1\",\n    \"12.1\": 0.00867,\n    \"13.1\": 0.02167,\n    \"14.1\": 0.14299,\n    \"15.1\": 0.12566,\n    \"15.2-15.3\": 0.05633,\n    \"15.4\": 0.04766,\n    \"15.5\": 0.18632,\n    \"15.6\": 0.4203,\n    \"16.0\": 0.04766,\n    \"16.1\": 0.09966,\n    \"16.2\": 0.17765,\n    \"16.3\": 0.3943,\n    \"16.4\": 0.07799,\n    \"16.5\": 0.46796,\n    \"16.6\": 1.08758,\n    \"17.0\": 0.21232,\n    \"17.1\": 0.51563,\n    \"17.2\": 0.54163,\n    \"17.3\": 1.46022,\n    \"17.4\": 4.29834,\n    \"17.5\": 0.03033\n  },\n  G: {\n    \"8\": 0,\n    \"3.2\": 0,\n    \"4.0-4.1\": 0,\n    \"4.2-4.3\": 0.00621,\n    \"5.0-5.1\": 0.00621,\n    \"6.0-6.1\": 0.01552,\n    \"7.0-7.1\": 0.02484,\n    \"8.1-8.4\": 0.00621,\n    \"9.0-9.2\": 0.01552,\n    \"9.3\": 0.07762,\n    \"10.0-10.2\": 0.01552,\n    \"10.3\": 0.1242,\n    \"11.0-11.2\": 0.10557,\n    \"11.3-11.4\": 0.03105,\n    \"12.0-12.1\": 0.02173,\n    \"12.2-12.5\": 0.50611,\n    \"13.0-13.1\": 0.00931,\n    \"13.2\": 0.10246,\n    \"13.3\": 0.02484,\n    \"13.4-13.7\": 0.09625,\n    \"14.0-14.4\": 0.1894,\n    \"14.5-14.8\": 0.28876,\n    \"15.0-15.1\": 0.13351,\n    \"15.2-15.3\": 0.15214,\n    \"15.4\": 0.17388,\n    \"15.5\": 0.22045,\n    \"15.6-15.8\": 1.92507,\n    \"16.0\": 0.45022,\n    \"16.1\": 0.93769,\n    \"16.2\": 0.45022,\n    \"16.3\": 0.79487,\n    \"16.4\": 0.16456,\n    \"16.5\": 0.34465,\n    \"16.6-16.7\": 2.72304,\n    \"17.0\": 0.32602,\n    \"17.1\": 0.60236,\n    \"17.2\": 0.80108,\n    \"17.3\": 5.84351,\n    \"17.4\": 13.18982,\n    \"17.5\": 0.12109\n  },\n  P: {\n    \"4\": 0.35626,\n    \"21\": 0.03143,\n    \"22\": 0.04191,\n    \"23\": 0.75442,\n    \"24\": 2.97578,\n    _: \"20 6.2-6.4 7.2-7.4 8.2 9.2 10.1 11.1-11.2 12.0 15.0 16.0 17.0\",\n    \"5.0-5.4\": 0.02096,\n    \"13.0\": 0.01048,\n    \"14.0\": 0.01048,\n    \"18.0\": 0.02096,\n    \"19.0\": 0.02096\n  },\n  I: {\n    \"0\": 0.01129,\n    \"3\": 0,\n    \"4\": 0,\n    \"2.1\": 0,\n    \"2.2\": 0,\n    \"2.3\": 0,\n    \"4.1\": 0,\n    \"4.2-4.3\": 0.00001,\n    \"4.4\": 0,\n    \"4.4.3-4.4.4\": 0.00003\n  },\n  A: {\n    \"11\": 0.00433,\n    _: \"6 7 8 9 10 5.5\"\n  },\n  K: {\n    \"0\": 0.06234,\n    _: \"10 11 12 11.1 11.5 12.1\"\n  },\n  J: {\n    _: \"7 10\"\n  },\n  N: {\n    _: \"10 11\"\n  },\n  S: {\n    _: \"2.5 3.0-3.1\"\n  },\n  Q: {\n    _: \"14.9\"\n  },\n  O: {\n    \"0\": 0.09067\n  },\n  H: {\n    \"0\": 0\n  },\n  L: {\n    \"0\": 21.24575\n  },\n  R: {\n    _: \"0\"\n  },\n  M: {\n    \"0\": 0.47036\n  }\n};","map":{"version":3,"names":["module","exports","C","_","D","F","B","E","G","P","I","A","K","J","N","S","Q","O","H","L","R","M"],"sources":["C:/Users/chest/OneDrive/Documentos/GitHub/HackUPC/frontend/node_modules/caniuse-lite/data/regions/GU.js"],