{"ast":null,"code":"module.exports = {\n  C: {\n    \"54\": 0.00185,\n    \"78\": 0.01292,\n    \"96\": 0.00369,\n    \"107\": 0.00554,\n    \"115\": 0.43727,\n    \"120\": 0.00369,\n    \"121\": 0.00554,\n    \"123\": 0.01107,\n    \"124\": 0.57195,\n    \"125\": 0.22694,\n    _: \"2 3 4 5 6 7 8 9 10 11 12 13 14 15 16 17 18 19 20 21 22 23 24 25 26 27 28 29 30 31 32 33 34 35 36 37 38 39 40 41 42 43 44 45 46 47 48 49 50 51 52 53 55 56 57 58 59 60 61 62 63 64 65 66 67 68 69 70 71 72 73 74 75 76 77 79 80 81 82 83 84 85 86 87 88 89 90 91 92 93 94 95 97 98 99 100 101 102 103 104 105 106 108 109 110 111 112 113 114 116 117 118 119 122 126 127 128 3.5 3.6\"\n  },\n  D: {\n    \"40\": 0.01476,\n    \"46\": 0.00185,\n    \"64\": 0.00185,\n    \"65\": 0.04982,\n    \"68\": 0.02768,\n    \"78\": 0.01661,\n    \"80\": 0.00185,\n    \"83\": 0.01107,\n    \"86\": 0.01661,\n    \"88\": 0.00185,\n    \"90\": 0.00185,\n    \"94\": 0.0369,\n    \"98\": 0.00185,\n    \"99\": 0.07196,\n    \"100\": 0.01292,\n    \"102\": 0.00738,\n    \"103\": 0.01107,\n    \"104\": 0.00185,\n    \"105\": 0.00185,\n    \"107\": 0.00738,\n    \"108\": 0.00369,\n    \"109\": 1.22508,\n    \"110\": 0.00185,\n    \"111\": 0.00185,\n    \"114\": 0.00554,\n    \"115\": 0.00554,\n    \"116\": 0.02399,\n    \"117\": 0.00738,\n    \"118\": 0.03506,\n    \"119\": 0.01661,\n    \"120\": 0.06089,\n    \"121\": 0.10701,\n    \"122\": 0.32288,\n    \"123\": 5.68445,\n    \"124\": 3.58853,\n    \"125\": 0.00554,\n    _: \"4 5 6 7 8 9 10 11 12 13 14 15 16 17 18 19 20 21 22 23 24 25 26 27 28 29 30 31 32 33 34 35 36 37 38 39 41 42 43 44 45 47 48 49 50 51 52 53 54 55 56 57 58 59 60 61 62 63 66 67 69 70 71 72 73 74 75 76 77 79 81 84 85 87 89 91 92 93 95 96 97 101 106 112 113 126 127\"\n  },\n  F: {\n    \"85\": 0.00185,\n    \"107\": 1.21586,\n    \"108\": 0.08672,\n    \"109\": 0.06089,\n    _: \"9 11 12 15 16 17 18 19 20 21 22 23 24 25 26 27 28 29 30 31 32 33 34 35 36 37 38 39 40 41 42 43 44 45 46 47 48 49 50 51 52 53 54 55 56 57 58 60 62 63 64 65 66 67 68 69 70 71 72 73 74 75 76 77 78 79 80 81 82 83 84 86 87 88 89 90 91 92 93 94 95 96 97 98 99 100 101 102 103 104 105 106 9.5-9.6 10.0-10.1 10.5 10.6 11.1 11.5 11.6 12.1\"\n  },\n  B: {\n    \"14\": 0.00554,\n    \"18\": 0.01292,\n    \"84\": 0.00554,\n    \"92\": 0.01661,\n    \"100\": 0.00554,\n    \"107\": 0.00554,\n    \"108\": 0.00185,\n    \"109\": 0.00554,\n    \"110\": 0.00738,\n    \"113\": 0.00369,\n    \"114\": 0.00923,\n    \"115\": 0.00554,\n    \"117\": 0.00738,\n    \"118\": 0.03875,\n    \"119\": 0.00923,\n    \"120\": 0.02399,\n    \"121\": 0.02399,\n    \"122\": 0.32841,\n    \"123\": 1.29335,\n    \"124\": 0.67158,\n    _: \"12 13 15 16 17 79 80 81 83 85 86 87 88 89 90 91 93 94 95 96 97 98 99 101 102 103 104 105 106 111 112 116\"\n  },\n  E: {\n    \"7\": 0.00185,\n    _: \"0 4 5 6 8 9 10 11 12 13 14 15 3.1 3.2 5.1 6.1 7.1 9.1 10.1 11.1 15.1 15.4 15.5 16.2 17.5\",\n    \"12.1\": 0.00185,\n    \"13.1\": 0.00369,\n    \"14.1\": 0.03875,\n    \"15.2-15.3\": 0.00369,\n    \"15.6\": 0.02399,\n    \"16.0\": 0.00369,\n    \"16.1\": 0.00185,\n    \"16.3\": 0.04059,\n    \"16.4\": 0.00185,\n    \"16.5\": 0.04613,\n    \"16.6\": 0.02399,\n    \"17.0\": 0.00369,\n    \"17.1\": 0.01661,\n    \"17.2\": 0.00185,\n    \"17.3\": 0.05535,\n    \"17.4\": 0.05166\n  },\n  G: {\n    \"8\": 0,\n    \"3.2\": 0,\n    \"4.0-4.1\": 0,\n    \"4.2-4.3\": 0.00114,\n    \"5.0-5.1\": 0.00114,\n    \"6.0-6.1\": 0.00285,\n    \"7.0-7.1\": 0.00457,\n    \"8.1-8.4\": 0.00114,\n    \"9.0-9.2\": 0.00285,\n    \"9.3\": 0.01427,\n    \"10.0-10.2\": 0.00285,\n    \"10.3\": 0.02283,\n    \"11.0-11.2\": 0.01941,\n    \"11.3-11.4\": 0.00571,\n    \"12.0-12.1\": 0.004,\n    \"12.2-12.5\": 0.09304,\n    \"13.0-13.1\": 0.00171,\n    \"13.2\": 0.01884,\n    \"13.3\": 0.00457,\n    \"13.4-13.7\": 0.01769,\n    \"14.0-14.4\": 0.03482,\n    \"14.5-14.8\": 0.05308,\n    \"15.0-15.1\": 0.02454,\n    \"15.2-15.3\": 0.02797,\n    \"15.4\": 0.03196,\n    \"15.5\": 0.04053,\n    \"15.6-15.8\": 0.35388,\n    \"16.0\": 0.08276,\n    \"16.1\": 0.17238,\n    \"16.2\": 0.08276,\n    \"16.3\": 0.14612,\n    \"16.4\": 0.03025,\n    \"16.5\": 0.06336,\n    \"16.6-16.7\": 0.50057,\n    \"17.0\": 0.05993,\n    \"17.1\": 0.11073,\n    \"17.2\": 0.14726,\n    \"17.3\": 1.07421,\n    \"17.4\": 2.42467,\n    \"17.5\": 0.02226\n  },\n  P: {\n    \"4\": 0.12144,\n    \"20\": 0.06072,\n    \"21\": 0.31372,\n    \"22\": 0.4554,\n    \"23\": 0.46552,\n    \"24\": 2.49967,\n    \"5.0-5.4\": 0.01012,\n    \"6.2-6.4\": 0.0506,\n    \"7.2-7.4\": 0.73877,\n    _: \"8.2 10.1 15.0\",\n    \"9.2\": 0.0506,\n    \"11.1-11.2\": 0.02024,\n    \"12.0\": 0.01012,\n    \"13.0\": 0.02024,\n    \"14.0\": 0.03036,\n    \"16.0\": 0.01012,\n    \"17.0\": 0.02024,\n    \"18.0\": 0.03036,\n    \"19.0\": 0.4554\n  },\n  I: {\n    \"0\": 0.06496,\n    \"3\": 0,\n    \"4\": 0.00001,\n    \"2.1\": 0,\n    \"2.2\": 0,\n    \"2.3\": 0,\n    \"4.1\": 0.00001,\n    \"4.2-4.3\": 0.00004,\n    \"4.4\": 0,\n    \"4.4.3-4.4.4\": 0.00016\n  },\n  A: {\n    \"11\": 0.00923,\n    _: \"6 7 8 9 10 5.5\"\n  },\n  K: {\n    \"0\": 2.50143,\n    _: \"10 11 12 11.1 11.5 12.1\"\n  },\n  J: {\n    _: \"7 10\"\n  },\n  N: {\n    _: \"10 11\"\n  },\n  S: {\n    _: \"2.5 3.0-3.1\"\n  },\n  Q: {\n    \"14.9\": 0.04892\n  },\n  O: {\n    \"0\": 1.28018\n  },\n  H: {\n    \"0\": 0.01\n  },\n  L: {\n    \"0\": 67.71404\n  },\n  R: {\n    _: \"0\"\n  },\n  M: {\n    \"0\": 0.08154\n  }\n};","map":{"version":3,"names":["module","exports","C","_","D","F","B","E","G","P","I","A","K","J","N","S","Q","O","H","L","R","M"],"sources":["C:/Users/chest/OneDrive/Documentos/GitHub/HackUPC/frontend/node_modules/caniuse-lite/data/regions/DJ.js"],