{"ast":null,"code":"module.exports = {\n  C: {\n    \"21\": 0.00639,\n    \"47\": 0.01918,\n    \"52\": 0.00639,\n    \"57\": 0.0032,\n    \"58\": 0.0032,\n    \"68\": 0.0032,\n    \"72\": 0.02557,\n    \"80\": 0.00639,\n    \"81\": 0.0032,\n    \"82\": 0.0032,\n    \"93\": 0.0032,\n    \"100\": 0.0032,\n    \"108\": 0.0032,\n    \"110\": 0.0032,\n    \"111\": 0.01278,\n    \"112\": 0.00639,\n    \"113\": 0.0032,\n    \"115\": 0.58806,\n    \"121\": 0.00959,\n    \"122\": 0.02557,\n    \"123\": 0.04155,\n    \"124\": 2.3203,\n    \"125\": 1.53088,\n    \"126\": 0.0032,\n    _: \"2 3 4 5 6 7 8 9 10 11 12 13 14 15 16 17 18 19 20 22 23 24 25 26 27 28 29 30 31 32 33 34 35 36 37 38 39 40 41 42 43 44 45 46 48 49 50 51 53 54 55 56 59 60 61 62 63 64 65 66 67 69 70 71 73 74 75 76 77 78 79 83 84 85 86 87 88 89 90 91 92 94 95 96 97 98 99 101 102 103 104 105 106 107 109 114 116 117 118 119 120 127 128 3.5 3.6\"\n  },\n  D: {\n    \"33\": 0.0032,\n    \"34\": 0.0032,\n    \"42\": 0.0032,\n    \"43\": 0.0032,\n    \"47\": 0.12784,\n    \"49\": 0.01598,\n    \"50\": 0.00959,\n    \"53\": 0.0032,\n    \"54\": 0.0032,\n    \"63\": 0.0032,\n    \"64\": 0.0032,\n    \"65\": 0.00959,\n    \"68\": 0.01278,\n    \"69\": 0.0032,\n    \"70\": 0.01918,\n    \"73\": 0.0032,\n    \"75\": 0.00639,\n    \"76\": 0.14702,\n    \"79\": 0.03196,\n    \"80\": 0.03835,\n    \"81\": 0.01278,\n    \"83\": 0.00639,\n    \"86\": 0.0032,\n    \"87\": 0.03196,\n    \"88\": 0.01598,\n    \"89\": 0.00959,\n    \"90\": 0.00639,\n    \"91\": 0.01278,\n    \"93\": 0.42826,\n    \"95\": 0.03196,\n    \"96\": 0.0032,\n    \"97\": 0.0032,\n    \"99\": 0.01598,\n    \"100\": 0.01918,\n    \"102\": 0.00959,\n    \"103\": 0.05114,\n    \"104\": 0.02237,\n    \"105\": 0.00959,\n    \"106\": 0.00959,\n    \"107\": 0.00639,\n    \"108\": 0.00639,\n    \"109\": 3.5156,\n    \"110\": 0.0032,\n    \"112\": 0.0032,\n    \"113\": 0.00639,\n    \"114\": 0.00639,\n    \"115\": 0.02557,\n    \"116\": 0.05114,\n    \"117\": 0.01278,\n    \"118\": 0.02237,\n    \"119\": 0.05433,\n    \"120\": 0.07351,\n    \"121\": 0.163,\n    \"122\": 0.38032,\n    \"123\": 7.5937,\n    \"124\": 3.39415,\n    \"125\": 0.00959,\n    _: \"4 5 6 7 8 9 10 11 12 13 14 15 16 17 18 19 20 21 22 23 24 25 26 27 28 29 30 31 32 35 36 37 38 39 40 41 44 45 46 48 51 52 55 56 57 58 59 60 61 62 66 67 71 72 74 77 78 84 85 92 94 98 101 111 126 127\"\n  },\n  F: {\n    \"36\": 0.0032,\n    \"77\": 0.0032,\n    \"79\": 0.01598,\n    \"83\": 0.0032,\n    \"92\": 0.0032,\n    \"95\": 0.13104,\n    \"102\": 0.0032,\n    \"104\": 0.00959,\n    \"105\": 0.0032,\n    \"106\": 0.0032,\n    \"107\": 0.13743,\n    \"108\": 0.62002,\n    \"109\": 0.43785,\n    _: \"9 11 12 15 16 17 18 19 20 21 22 23 24 25 26 27 28 29 30 31 32 33 34 35 37 38 39 40 41 42 43 44 45 46 47 48 49 50 51 52 53 54 55 56 57 58 60 62 63 64 65 66 67 68 69 70 71 72 73 74 75 76 78 80 81 82 84 85 86 87 88 89 90 91 93 94 96 97 98 99 100 101 103 9.5-9.6 10.0-10.1 10.5 10.6 11.1 11.5 11.6 12.1\"\n  },\n  B: {\n    \"12\": 0.00639,\n    \"13\": 0.0032,\n    \"16\": 0.0032,\n    \"17\": 0.00639,\n    \"18\": 0.01278,\n    \"84\": 0.0032,\n    \"89\": 0.0032,\n    \"90\": 0.0032,\n    \"92\": 0.03516,\n    \"104\": 0.0032,\n    \"109\": 0.06072,\n    \"113\": 0.0032,\n    \"114\": 0.0032,\n    \"115\": 0.00639,\n    \"117\": 0.00959,\n    \"119\": 0.00639,\n    \"120\": 0.01278,\n    \"121\": 0.02876,\n    \"122\": 0.15021,\n    \"123\": 2.66546,\n    \"124\": 1.47336,\n    _: \"14 15 79 80 81 83 85 86 87 88 91 93 94 95 96 97 98 99 100 101 102 103 105 106 107 108 110 111 112 116 118\"\n  },\n  E: {\n    _: \"0 4 5 6 7 8 9 10 11 12 13 14 15 3.1 3.2 5.1 6.1 7.1 9.1 10.1 11.1 12.1 15.1 15.2-15.3 15.4 15.5 16.0 16.1 16.4 17.0 17.5\",\n    \"13.1\": 0.00959,\n    \"14.1\": 0.00639,\n    \"15.6\": 0.02557,\n    \"16.2\": 0.05433,\n    \"16.3\": 0.00959,\n    \"16.5\": 0.0032,\n    \"16.6\": 0.02237,\n    \"17.1\": 0.00639,\n    \"17.2\": 0.00639,\n    \"17.3\": 0.00959,\n    \"17.4\": 0.03835\n  },\n  G: {\n    \"8\": 0,\n    \"3.2\": 0,\n    \"4.0-4.1\": 0,\n    \"4.2-4.3\": 0.00136,\n    \"5.0-5.1\": 0.00136,\n    \"6.0-6.1\": 0.0034,\n    \"7.0-7.1\": 0.00545,\n    \"8.1-8.4\": 0.00136,\n    \"9.0-9.2\": 0.0034,\n    \"9.3\": 0.01702,\n    \"10.0-10.2\": 0.0034,\n    \"10.3\": 0.02724,\n    \"11.0-11.2\": 0.02315,\n    \"11.3-11.4\": 0.00681,\n    \"12.0-12.1\": 0.00477,\n    \"12.2-12.5\": 0.111,\n    \"13.0-13.1\": 0.00204,\n    \"13.2\": 0.02247,\n    \"13.3\": 0.00545,\n    \"13.4-13.7\": 0.02111,\n    \"14.0-14.4\": 0.04154,\n    \"14.5-14.8\": 0.06333,\n    \"15.0-15.1\": 0.02928,\n    \"15.2-15.3\": 0.03337,\n    \"15.4\": 0.03813,\n    \"15.5\": 0.04835,\n    \"15.6-15.8\": 0.42221,\n    \"16.0\": 0.09874,\n    \"16.1\": 0.20566,\n    \"16.2\": 0.09874,\n    \"16.3\": 0.17433,\n    \"16.4\": 0.03609,\n    \"16.5\": 0.07559,\n    \"16.6-16.7\": 0.59722,\n    \"17.0\": 0.0715,\n    \"17.1\": 0.13211,\n    \"17.2\": 0.17569,\n    \"17.3\": 1.2816,\n    \"17.4\": 2.8928,\n    \"17.5\": 0.02656\n  },\n  P: {\n    \"4\": 0.14451,\n    \"21\": 0.02064,\n    \"22\": 0.15483,\n    \"23\": 0.07225,\n    \"24\": 0.30965,\n    _: \"20 8.2 10.1 11.1-11.2 12.0 14.0 15.0 18.0\",\n    \"5.0-5.4\": 0.01032,\n    \"6.2-6.4\": 0.01032,\n    \"7.2-7.4\": 0.02064,\n    \"9.2\": 0.01032,\n    \"13.0\": 0.07225,\n    \"16.0\": 0.01032,\n    \"17.0\": 0.03097,\n    \"19.0\": 0.01032\n  },\n  I: {\n    \"0\": 0.0542,\n    \"3\": 0,\n    \"4\": 0.00001,\n    \"2.1\": 0,\n    \"2.2\": 0,\n    \"2.3\": 0,\n    \"4.1\": 0.00001,\n    \"4.2-4.3\": 0.00003,\n    \"4.4\": 0,\n    \"4.4.3-4.4.4\": 0.00014\n  },\n  A: {\n    \"11\": 0.01598,\n    _: \"6 7 8 9 10 5.5\"\n  },\n  K: {\n    \"0\": 1.56172,\n    _: \"10 11 12 11.1 11.5 12.1\"\n  },\n  J: {\n    _: \"7 10\"\n  },\n  N: {\n    _: \"10 11\"\n  },\n  S: {\n    _: \"2.5 3.0-3.1\"\n  },\n  Q: {\n    \"14.9\": 0.01361\n  },\n  O: {\n    \"0\": 0.27892\n  },\n  H: {\n    \"0\": 0.52\n  },\n  L: {\n    \"0\": 61.84227\n  },\n  R: {\n    _: \"0\"\n  },\n  M: {\n    \"0\": 0.21089\n  }\n};","map":{"version":3,"names":["module","exports","C","_","D","F","B","E","G","P","I","A","K","J","N","S","Q","O","H","L","R","M"],"sources":["C:/Users/chest/OneDrive/Documentos/GitHub/HackUPC/frontend/node_modules/caniuse-lite/data/regions/TG.js"],