{"ast":null,"code":"module.exports = {\n  C: {\n    \"4\": 0.0623,\n    \"52\": 0.00958,\n    \"73\": 0.01917,\n    \"78\": 0.01438,\n    \"88\": 0.01438,\n    \"89\": 0.00479,\n    \"95\": 0.00479,\n    \"96\": 0.00479,\n    \"102\": 0.00479,\n    \"105\": 0.00479,\n    \"107\": 0.00479,\n    \"108\": 0.00479,\n    \"109\": 0.00479,\n    \"110\": 0.00479,\n    \"112\": 0.00479,\n    \"113\": 0.00958,\n    \"114\": 0.00479,\n    \"115\": 0.30669,\n    \"116\": 0.00479,\n    \"117\": 0.00479,\n    \"118\": 0.00479,\n    \"119\": 0.00958,\n    \"120\": 0.00958,\n    \"121\": 0.02396,\n    \"122\": 0.02875,\n    \"123\": 0.07188,\n    \"124\": 1.96472,\n    \"125\": 0.95361,\n    \"126\": 0.00479,\n    _: \"2 3 5 6 7 8 9 10 11 12 13 14 15 16 17 18 19 20 21 22 23 24 25 26 27 28 29 30 31 32 33 34 35 36 37 38 39 40 41 42 43 44 45 46 47 48 49 50 51 53 54 55 56 57 58 59 60 61 62 63 64 65 66 67 68 69 70 71 72 74 75 76 77 79 80 81 82 83 84 85 86 87 90 91 92 93 94 97 98 99 100 101 103 104 106 111 127 128 3.5 3.6\"\n  },\n  D: {\n    \"38\": 0.01917,\n    \"44\": 0.00479,\n    \"46\": 0.00479,\n    \"47\": 0.01917,\n    \"49\": 0.00958,\n    \"51\": 0.00479,\n    \"55\": 0.00479,\n    \"56\": 0.00479,\n    \"65\": 0.00958,\n    \"66\": 0.00479,\n    \"70\": 0.00479,\n    \"73\": 0.00479,\n    \"74\": 0.00958,\n    \"75\": 0.00479,\n    \"76\": 0.01438,\n    \"77\": 0.00479,\n    \"78\": 0.00958,\n    \"79\": 0.15334,\n    \"81\": 0.02396,\n    \"83\": 0.00479,\n    \"84\": 0.01438,\n    \"86\": 0.00479,\n    \"87\": 0.04792,\n    \"88\": 0.01438,\n    \"89\": 0.00479,\n    \"90\": 0.00479,\n    \"91\": 0.1198,\n    \"92\": 0.00479,\n    \"93\": 0.00958,\n    \"94\": 0.00479,\n    \"95\": 0.00479,\n    \"96\": 0.00479,\n    \"97\": 0.00958,\n    \"98\": 0.00479,\n    \"99\": 0.01438,\n    \"100\": 0.00479,\n    \"101\": 0.01438,\n    \"102\": 0.00958,\n    \"103\": 0.11501,\n    \"104\": 0.01438,\n    \"105\": 0.00958,\n    \"106\": 0.01917,\n    \"107\": 0.01917,\n    \"108\": 0.01917,\n    \"109\": 2.13723,\n    \"110\": 0.03354,\n    \"111\": 0.02875,\n    \"112\": 0.01917,\n    \"113\": 0.03354,\n    \"114\": 0.02875,\n    \"115\": 0.00958,\n    \"116\": 0.2971,\n    \"117\": 0.02396,\n    \"118\": 0.02875,\n    \"119\": 0.11501,\n    \"120\": 0.22522,\n    \"121\": 0.33065,\n    \"122\": 1.1357,\n    \"123\": 20.13119,\n    \"124\": 8.90354,\n    \"125\": 0.04792,\n    \"126\": 0.00479,\n    _: \"4 5 6 7 8 9 10 11 12 13 14 15 16 17 18 19 20 21 22 23 24 25 26 27 28 29 30 31 32 33 34 35 36 37 39 40 41 42 43 45 48 50 52 53 54 57 58 59 60 61 62 63 64 67 68 69 71 72 80 85 127\"\n  },\n  F: {\n    \"28\": 0.00479,\n    \"95\": 0.05271,\n    \"99\": 0.00958,\n    \"102\": 0.00479,\n    \"106\": 0.00479,\n    \"107\": 1.71554,\n    \"108\": 0.54629,\n    \"109\": 0.20126,\n    _: \"9 11 12 15 16 17 18 19 20 21 22 23 24 25 26 27 29 30 31 32 33 34 35 36 37 38 39 40 41 42 43 44 45 46 47 48 49 50 51 52 53 54 55 56 57 58 60 62 63 64 65 66 67 68 69 70 71 72 73 74 75 76 77 78 79 80 81 82 83 84 85 86 87 88 89 90 91 92 93 94 96 97 98 100 101 103 104 105 9.5-9.6 10.0-10.1 10.5 10.6 11.1 11.5 11.6 12.1\"\n  },\n  B: {\n    \"92\": 0.01917,\n    \"100\": 0.00479,\n    \"108\": 0.01438,\n    \"109\": 0.03834,\n    \"111\": 0.00479,\n    \"113\": 0.00479,\n    \"114\": 0.00479,\n    \"116\": 0.00479,\n    \"117\": 0.00479,\n    \"118\": 0.00479,\n    \"119\": 0.00958,\n    \"120\": 0.04792,\n    \"121\": 0.04792,\n    \"122\": 0.20606,\n    \"123\": 2.49663,\n    \"124\": 1.31301,\n    _: \"12 13 14 15 16 17 18 79 80 81 83 84 85 86 87 88 89 90 91 93 94 95 96 97 98 99 101 102 103 104 105 106 107 110 112 115\"\n  },\n  E: {\n    \"9\": 0.00479,\n    \"14\": 0.00479,\n    _: \"0 4 5 6 7 8 10 11 12 13 15 3.1 3.2 6.1 7.1 9.1 10.1 11.1 12.1\",\n    \"5.1\": 0.02396,\n    \"13.1\": 0.02396,\n    \"14.1\": 0.03354,\n    \"15.1\": 0.00958,\n    \"15.2-15.3\": 0.02875,\n    \"15.4\": 0.00479,\n    \"15.5\": 0.01438,\n    \"15.6\": 0.07667,\n    \"16.0\": 0.00479,\n    \"16.1\": 0.01438,\n    \"16.2\": 0.00958,\n    \"16.3\": 0.03354,\n    \"16.4\": 0.00958,\n    \"16.5\": 0.01917,\n    \"16.6\": 0.08626,\n    \"17.0\": 0.01917,\n    \"17.1\": 0.04792,\n    \"17.2\": 0.10542,\n    \"17.3\": 0.11501,\n    \"17.4\": 0.36419,\n    \"17.5\": 0.00479\n  },\n  G: {\n    \"8\": 0,\n    \"3.2\": 0,\n    \"4.0-4.1\": 0,\n    \"4.2-4.3\": 0.00136,\n    \"5.0-5.1\": 0.00136,\n    \"6.0-6.1\": 0.00339,\n    \"7.0-7.1\": 0.00543,\n    \"8.1-8.4\": 0.00136,\n    \"9.0-9.2\": 0.00339,\n    \"9.3\": 0.01697,\n    \"10.0-10.2\": 0.00339,\n    \"10.3\": 0.02714,\n    \"11.0-11.2\": 0.02307,\n    \"11.3-11.4\": 0.00679,\n    \"12.0-12.1\": 0.00475,\n    \"12.2-12.5\": 0.11061,\n    \"13.0-13.1\": 0.00204,\n    \"13.2\": 0.02239,\n    \"13.3\": 0.00543,\n    \"13.4-13.7\": 0.02104,\n    \"14.0-14.4\": 0.04139,\n    \"14.5-14.8\": 0.06311,\n    \"15.0-15.1\": 0.02918,\n    \"15.2-15.3\": 0.03325,\n    \"15.4\": 0.038,\n    \"15.5\": 0.04818,\n    \"15.6-15.8\": 0.42073,\n    \"16.0\": 0.0984,\n    \"16.1\": 0.20494,\n    \"16.2\": 0.0984,\n    \"16.3\": 0.17372,\n    \"16.4\": 0.03597,\n    \"16.5\": 0.07532,\n    \"16.6-16.7\": 0.59513,\n    \"17.0\": 0.07125,\n    \"17.1\": 0.13165,\n    \"17.2\": 0.17508,\n    \"17.3\": 1.27713,\n    \"17.4\": 2.8827,\n    \"17.5\": 0.02647\n  },\n  P: {\n    \"4\": 0.13578,\n    \"20\": 0.01044,\n    \"21\": 0.04178,\n    \"22\": 0.04178,\n    \"23\": 0.19844,\n    \"24\": 1.18022,\n    \"5.0-5.4\": 0.01044,\n    _: \"6.2-6.4 8.2 9.2 10.1 12.0 14.0 15.0 18.0\",\n    \"7.2-7.4\": 0.094,\n    \"11.1-11.2\": 0.01044,\n    \"13.0\": 0.01044,\n    \"16.0\": 0.04178,\n    \"17.0\": 0.03133,\n    \"19.0\": 0.02089\n  },\n  I: {\n    \"0\": 0.05187,\n    \"3\": 0,\n    \"4\": 0.00001,\n    \"2.1\": 0,\n    \"2.2\": 0,\n    \"2.3\": 0,\n    \"4.1\": 0.00001,\n    \"4.2-4.3\": 0.00003,\n    \"4.4\": 0,\n    \"4.4.3-4.4.4\": 0.00013\n  },\n  A: {\n    \"8\": 0.01438,\n    \"9\": 0.00479,\n    \"10\": 0.00479,\n    \"11\": 0.07188,\n    _: \"6 7 5.5\"\n  },\n  K: {\n    \"0\": 0.18228,\n    _: \"10 11 12 11.1 11.5 12.1\"\n  },\n  J: {\n    _: \"7 10\"\n  },\n  N: {\n    _: \"10 11\"\n  },\n  S: {\n    _: \"2.5 3.0-3.1\"\n  },\n  Q: {\n    \"14.9\": 0.00521\n  },\n  O: {\n    \"0\": 0.03646\n  },\n  H: {\n    \"0\": 0\n  },\n  L: {\n    \"0\": 44.19992\n  },\n  R: {\n    _: \"0\"\n  },\n  M: {\n    \"0\": 0.18228\n  }\n};","map":{"version":3,"names":["module","exports","C","_","D","F","B","E","G","P","I","A","K","J","N","S","Q","O","H","L","R","M"],"sources":["C:/Users/chest/OneDrive/Documentos/GitHub/HackUPC/frontend/node_modules/caniuse-lite/data/regions/EC.js"],