{"ast":null,"code":"module.exports = {\n  C: {\n    \"115\": 0.11924,\n    \"122\": 0.00459,\n    \"123\": 0.00459,\n    \"124\": 0.60994,\n    \"125\": 0.32102,\n    _: \"2 3 4 5 6 7 8 9 10 11 12 13 14 15 16 17 18 19 20 21 22 23 24 25 26 27 28 29 30 31 32 33 34 35 36 37 38 39 40 41 42 43 44 45 46 47 48 49 50 51 52 53 54 55 56 57 58 59 60 61 62 63 64 65 66 67 68 69 70 71 72 73 74 75 76 77 78 79 80 81 82 83 84 85 86 87 88 89 90 91 92 93 94 95 96 97 98 99 100 101 102 103 104 105 106 107 108 109 110 111 112 113 114 116 117 118 119 120 121 126 127 128 3.5 3.6\"\n  },\n  D: {\n    \"11\": 0.00459,\n    \"36\": 0.00459,\n    \"37\": 0.00459,\n    \"56\": 0.00459,\n    \"64\": 0.00459,\n    \"65\": 0.00917,\n    \"69\": 0.02752,\n    \"72\": 0.00459,\n    \"73\": 0.01834,\n    \"76\": 0.00459,\n    \"79\": 0.01376,\n    \"81\": 0.05045,\n    \"83\": 0.0642,\n    \"84\": 0.0321,\n    \"86\": 0.02752,\n    \"87\": 0.0321,\n    \"89\": 0.00459,\n    \"91\": 0.00459,\n    \"93\": 0.00917,\n    \"95\": 0.00917,\n    \"98\": 0.02293,\n    \"99\": 0.00917,\n    \"102\": 0.01834,\n    \"103\": 0.01834,\n    \"104\": 0.01376,\n    \"106\": 0.00459,\n    \"107\": 0.00917,\n    \"109\": 0.56866,\n    \"110\": 0.00459,\n    \"111\": 0.00459,\n    \"113\": 0.00459,\n    \"114\": 0.00459,\n    \"115\": 0.02752,\n    \"116\": 0.00459,\n    \"117\": 0.0321,\n    \"118\": 0.00459,\n    \"119\": 0.07338,\n    \"120\": 0.03669,\n    \"121\": 0.0321,\n    \"122\": 0.19261,\n    \"123\": 10.46067,\n    \"124\": 4.67772,\n    \"125\": 0.01376,\n    _: \"4 5 6 7 8 9 10 12 13 14 15 16 17 18 19 20 21 22 23 24 25 26 27 28 29 30 31 32 33 34 35 38 39 40 41 42 43 44 45 46 47 48 49 50 51 52 53 54 55 57 58 59 60 61 62 63 66 67 68 70 71 74 75 77 78 80 85 88 90 92 94 96 97 100 101 105 108 112 126 127\"\n  },\n  F: {\n    \"79\": 0.01376,\n    \"82\": 0.00459,\n    \"85\": 0.00459,\n    \"90\": 0.01376,\n    \"95\": 0.08713,\n    \"106\": 0.00459,\n    \"107\": 0.0321,\n    \"108\": 0.49987,\n    \"109\": 0.12841,\n    _: \"9 11 12 15 16 17 18 19 20 21 22 23 24 25 26 27 28 29 30 31 32 33 34 35 36 37 38 39 40 41 42 43 44 45 46 47 48 49 50 51 52 53 54 55 56 57 58 60 62 63 64 65 66 67 68 69 70 71 72 73 74 75 76 77 78 80 81 83 84 86 87 88 89 91 92 93 94 96 97 98 99 100 101 102 103 104 105 9.5-9.6 10.0-10.1 10.5 10.6 11.1 11.5 11.6 12.1\"\n  },\n  B: {\n    \"16\": 0.02293,\n    \"17\": 0.01376,\n    \"18\": 0.00459,\n    \"81\": 0.00459,\n    \"84\": 0.00459,\n    \"92\": 0.01376,\n    \"109\": 0.02752,\n    \"111\": 0.00459,\n    \"114\": 0.00459,\n    \"115\": 0.01834,\n    \"117\": 0.00917,\n    \"120\": 0.01834,\n    \"121\": 0.01834,\n    \"122\": 4.8474,\n    \"123\": 8.66754,\n    \"124\": 4.76485,\n    _: \"12 13 14 15 79 80 83 85 86 87 88 89 90 91 93 94 95 96 97 98 99 100 101 102 103 104 105 106 107 108 110 112 113 116 118 119\"\n  },\n  E: {\n    \"14\": 0.00917,\n    _: \"0 4 5 6 7 8 9 10 11 12 13 15 3.1 3.2 5.1 6.1 7.1 9.1 10.1 11.1 12.1 14.1 15.1 15.2-15.3 15.4 15.5 16.0 16.1 16.2 16.3 16.4 16.5 17.0 17.1 17.2 17.5\",\n    \"13.1\": 0.01376,\n    \"15.6\": 0.01834,\n    \"16.6\": 0.01834,\n    \"17.3\": 0.01834,\n    \"17.4\": 0.02293\n  },\n  G: {\n    \"8\": 0,\n    \"3.2\": 0,\n    \"4.0-4.1\": 0,\n    \"4.2-4.3\": 0.00166,\n    \"5.0-5.1\": 0.00166,\n    \"6.0-6.1\": 0.00414,\n    \"7.0-7.1\": 0.00663,\n    \"8.1-8.4\": 0.00166,\n    \"9.0-9.2\": 0.00414,\n    \"9.3\": 0.02072,\n    \"10.0-10.2\": 0.00414,\n    \"10.3\": 0.03316,\n    \"11.0-11.2\": 0.02818,\n    \"11.3-11.4\": 0.00829,\n    \"12.0-12.1\": 0.0058,\n    \"12.2-12.5\": 0.13511,\n    \"13.0-13.1\": 0.00249,\n    \"13.2\": 0.02735,\n    \"13.3\": 0.00663,\n    \"13.4-13.7\": 0.0257,\n    \"14.0-14.4\": 0.05056,\n    \"14.5-14.8\": 0.07709,\n    \"15.0-15.1\": 0.03564,\n    \"15.2-15.3\": 0.04062,\n    \"15.4\": 0.04642,\n    \"15.5\": 0.05885,\n    \"15.6-15.8\": 0.51391,\n    \"16.0\": 0.12019,\n    \"16.1\": 0.25032,\n    \"16.2\": 0.12019,\n    \"16.3\": 0.21219,\n    \"16.4\": 0.04393,\n    \"16.5\": 0.09201,\n    \"16.6-16.7\": 0.72693,\n    \"17.0\": 0.08703,\n    \"17.1\": 0.1608,\n    \"17.2\": 0.21385,\n    \"17.3\": 1.55996,\n    \"17.4\": 3.5211,\n    \"17.5\": 0.03233\n  },\n  P: {\n    \"4\": 0.14076,\n    \"20\": 0.03248,\n    \"21\": 0.01083,\n    \"22\": 0.0758,\n    \"23\": 0.03248,\n    \"24\": 0.10828,\n    \"5.0-5.4\": 0.01083,\n    _: \"6.2-6.4 7.2-7.4 8.2 9.2 10.1 11.1-11.2 12.0 14.0 15.0 16.0 18.0 19.0\",\n    \"13.0\": 0.02166,\n    \"17.0\": 0.01083\n  },\n  I: {\n    \"0\": 0.02696,\n    \"3\": 0,\n    \"4\": 0,\n    \"2.1\": 0,\n    \"2.2\": 0,\n    \"2.3\": 0,\n    \"4.1\": 0.00001,\n    \"4.2-4.3\": 0.00002,\n    \"4.4\": 0,\n    \"4.4.3-4.4.4\": 0.00007\n  },\n  A: {\n    \"11\": 0.00459,\n    _: \"6 7 8 9 10 5.5\"\n  },\n  K: {\n    \"0\": 0.26439,\n    _: \"10 11 12 11.1 11.5 12.1\"\n  },\n  J: {\n    _: \"7 10\"\n  },\n  N: {\n    _: \"10 11\"\n  },\n  S: {\n    \"2.5\": 0.04331,\n    _: \"3.0-3.1\"\n  },\n  Q: {\n    \"14.9\": 0.00541\n  },\n  O: {\n    \"0\": 0.17866\n  },\n  H: {\n    \"0\": 0.12\n  },\n  L: {\n    \"0\": 52.99865\n  },\n  R: {\n    _: \"0\"\n  },\n  M: {\n    \"0\": 0.0379\n  }\n};","map":{"version":3,"names":["module","exports","C","_","D","F","B","E","G","P","I","A","K","J","N","S","Q","O","H","L","R","M"],"sources":["C:/Users/chest/OneDrive/Documentos/GitHub/HackUPC/frontend/node_modules/caniuse-lite/data/regions/CG.js"],