{"ast":null,"code":"module.exports = {\n  C: {\n    \"52\": 0.00311,\n    \"88\": 0.01556,\n    \"89\": 0.00311,\n    \"97\": 0.00311,\n    \"115\": 0.03423,\n    \"121\": 0.00934,\n    \"122\": 0.00934,\n    \"123\": 0.02178,\n    \"124\": 0.40145,\n    \"125\": 0.18672,\n    _: \"2 3 4 5 6 7 8 9 10 11 12 13 14 15 16 17 18 19 20 21 22 23 24 25 26 27 28 29 30 31 32 33 34 35 36 37 38 39 40 41 42 43 44 45 46 47 48 49 50 51 53 54 55 56 57 58 59 60 61 62 63 64 65 66 67 68 69 70 71 72 73 74 75 76 77 78 79 80 81 82 83 84 85 86 87 90 91 92 93 94 95 96 98 99 100 101 102 103 104 105 106 107 108 109 110 111 112 113 114 116 117 118 119 120 126 127 128 3.5 3.6\"\n  },\n  D: {\n    \"38\": 0.00311,\n    \"57\": 0.00622,\n    \"63\": 0.00311,\n    \"65\": 0.00934,\n    \"67\": 0.00622,\n    \"69\": 0.00311,\n    \"70\": 0.02178,\n    \"73\": 0.00311,\n    \"74\": 0.00622,\n    \"76\": 0.0249,\n    \"77\": 0.00311,\n    \"79\": 0.01245,\n    \"81\": 0.00311,\n    \"83\": 0.01245,\n    \"84\": 0.00622,\n    \"86\": 0.01556,\n    \"87\": 0.01245,\n    \"88\": 0.00622,\n    \"91\": 0.01867,\n    \"93\": 0.25207,\n    \"94\": 0.0249,\n    \"95\": 0.00311,\n    \"98\": 0.00311,\n    \"99\": 0.00622,\n    \"100\": 0.00934,\n    \"102\": 0.04046,\n    \"103\": 0.14626,\n    \"104\": 0.00311,\n    \"105\": 0.00622,\n    \"106\": 0.00311,\n    \"108\": 0.00311,\n    \"109\": 0.67219,\n    \"110\": 0.01245,\n    \"111\": 0.00311,\n    \"112\": 0.00311,\n    \"114\": 0.00622,\n    \"116\": 0.20228,\n    \"117\": 0.09647,\n    \"118\": 0.01556,\n    \"119\": 0.0529,\n    \"120\": 0.04357,\n    \"121\": 0.14315,\n    \"122\": 0.73754,\n    \"123\": 9.94284,\n    \"124\": 4.41282,\n    \"125\": 0.00934,\n    _: \"4 5 6 7 8 9 10 11 12 13 14 15 16 17 18 19 20 21 22 23 24 25 26 27 28 29 30 31 32 33 34 35 36 37 39 40 41 42 43 44 45 46 47 48 49 50 51 52 53 54 55 56 58 59 60 61 62 64 66 68 71 72 75 78 80 85 89 90 92 96 97 101 107 113 115 126 127\"\n  },\n  F: {\n    \"28\": 0.03112,\n    \"102\": 0.00311,\n    \"107\": 0.28319,\n    \"108\": 0.13382,\n    \"109\": 0.05913,\n    _: \"9 11 12 15 16 17 18 19 20 21 22 23 24 25 26 27 29 30 31 32 33 34 35 36 37 38 39 40 41 42 43 44 45 46 47 48 49 50 51 52 53 54 55 56 57 58 60 62 63 64 65 66 67 68 69 70 71 72 73 74 75 76 77 78 79 80 81 82 83 84 85 86 87 88 89 90 91 92 93 94 95 96 97 98 99 100 101 103 104 105 106 9.5-9.6 10.0-10.1 10.5 10.6 11.1 11.5 11.6 12.1\"\n  },\n  B: {\n    \"17\": 0.00622,\n    \"18\": 0.0249,\n    \"85\": 0.00311,\n    \"92\": 0.00622,\n    \"96\": 0.00934,\n    \"109\": 0.07158,\n    \"113\": 0.00622,\n    \"119\": 0.01245,\n    \"120\": 0.01245,\n    \"121\": 0.01245,\n    \"122\": 0.32987,\n    \"123\": 3.45743,\n    \"124\": 1.89832,\n    _: \"12 13 14 15 16 79 80 81 83 84 86 87 88 89 90 91 93 94 95 97 98 99 100 101 102 103 104 105 106 107 108 110 111 112 114 115 116 117 118\"\n  },\n  E: {\n    \"14\": 0.01867,\n    \"15\": 0.00622,\n    _: \"0 4 5 6 7 8 9 10 11 12 13 3.1 3.2 5.1 6.1 7.1 9.1 10.1 11.1\",\n    \"12.1\": 0.00311,\n    \"13.1\": 0.04046,\n    \"14.1\": 0.04357,\n    \"15.1\": 0.00622,\n    \"15.2-15.3\": 0.00311,\n    \"15.4\": 0.00311,\n    \"15.5\": 0.00622,\n    \"15.6\": 0.46991,\n    \"16.0\": 0.11203,\n    \"16.1\": 0.05602,\n    \"16.2\": 0.0249,\n    \"16.3\": 0.11203,\n    \"16.4\": 0.00311,\n    \"16.5\": 0.07469,\n    \"16.6\": 0.22718,\n    \"17.0\": 0.03423,\n    \"17.1\": 0.09025,\n    \"17.2\": 0.16805,\n    \"17.3\": 0.30186,\n    \"17.4\": 1.7116,\n    \"17.5\": 0.02178\n  },\n  G: {\n    \"8\": 0,\n    \"3.2\": 0,\n    \"4.0-4.1\": 0,\n    \"4.2-4.3\": 0.0053,\n    \"5.0-5.1\": 0.0053,\n    \"6.0-6.1\": 0.01325,\n    \"7.0-7.1\": 0.0212,\n    \"8.1-8.4\": 0.0053,\n    \"9.0-9.2\": 0.01325,\n    \"9.3\": 0.06624,\n    \"10.0-10.2\": 0.01325,\n    \"10.3\": 0.10598,\n    \"11.0-11.2\": 0.09008,\n    \"11.3-11.4\": 0.0265,\n    \"12.0-12.1\": 0.01855,\n    \"12.2-12.5\": 0.43187,\n    \"13.0-13.1\": 0.00795,\n    \"13.2\": 0.08743,\n    \"13.3\": 0.0212,\n    \"13.4-13.7\": 0.08213,\n    \"14.0-14.4\": 0.16162,\n    \"14.5-14.8\": 0.2464,\n    \"15.0-15.1\": 0.11393,\n    \"15.2-15.3\": 0.12983,\n    \"15.4\": 0.14837,\n    \"15.5\": 0.18812,\n    \"15.6-15.8\": 1.6427,\n    \"16.0\": 0.38418,\n    \"16.1\": 0.80015,\n    \"16.2\": 0.38418,\n    \"16.3\": 0.67827,\n    \"16.4\": 0.14042,\n    \"16.5\": 0.2941,\n    \"16.6-16.7\": 2.32362,\n    \"17.0\": 0.2782,\n    \"17.1\": 0.514,\n    \"17.2\": 0.68357,\n    \"17.3\": 4.98638,\n    \"17.4\": 11.25512,\n    \"17.5\": 0.10333\n  },\n  P: {\n    \"4\": 0.08804,\n    \"20\": 0.01101,\n    \"21\": 0.05503,\n    \"22\": 0.05503,\n    \"23\": 0.37418,\n    \"24\": 3.33463,\n    _: \"5.0-5.4 8.2 9.2 10.1 12.0 14.0 15.0 18.0\",\n    \"6.2-6.4\": 0.01101,\n    \"7.2-7.4\": 0.13206,\n    \"11.1-11.2\": 0.01101,\n    \"13.0\": 0.01101,\n    \"16.0\": 0.02201,\n    \"17.0\": 0.01101,\n    \"19.0\": 0.06603\n  },\n  I: {\n    \"0\": 0.04803,\n    \"3\": 0,\n    \"4\": 0,\n    \"2.1\": 0,\n    \"2.2\": 0,\n    \"2.3\": 0,\n    \"4.1\": 0.00001,\n    \"4.2-4.3\": 0.00003,\n    \"4.4\": 0,\n    \"4.4.3-4.4.4\": 0.00012\n  },\n  A: {\n    \"10\": 0.05913,\n    \"11\": 0.00311,\n    _: \"6 7 8 9 5.5\"\n  },\n  K: {\n    \"0\": 0.22423,\n    _: \"10 11 12 11.1 11.5 12.1\"\n  },\n  J: {\n    _: \"7 10\"\n  },\n  N: {\n    _: \"10 11\"\n  },\n  S: {\n    _: \"2.5 3.0-3.1\"\n  },\n  Q: {\n    _: \"14.9\"\n  },\n  O: {\n    \"0\": 0.04822\n  },\n  H: {\n    \"0\": 0.01\n  },\n  L: {\n    \"0\": 40.33635\n  },\n  R: {\n    _: \"0\"\n  },\n  M: {\n    \"0\": 0.11022\n  }\n};","map":{"version":3,"names":["module","exports","C","_","D","F","B","E","G","P","I","A","K","J","N","S","Q","O","H","L","R","M"],"sources":["C:/Users/chest/OneDrive/Documentos/GitHub/HackUPC/frontend/node_modules/caniuse-lite/data/regions/AG.js"],