{"ast":null,"code":"module.exports = {\n  C: {\n    \"2\": 0.00434,\n    \"3\": 0.00867,\n    \"4\": 0.00434,\n    \"6\": 0.00434,\n    \"7\": 0.00434,\n    \"12\": 0.00434,\n    \"21\": 0.00434,\n    \"23\": 0.00434,\n    \"24\": 0.00434,\n    \"27\": 0.00434,\n    \"29\": 0.00434,\n    \"30\": 0.00434,\n    \"33\": 0.00434,\n    \"35\": 0.00434,\n    \"36\": 0.00434,\n    \"37\": 0.00434,\n    \"38\": 0.00867,\n    \"39\": 0.00434,\n    \"40\": 0.01301,\n    \"41\": 0.00434,\n    \"42\": 0.00434,\n    \"78\": 0.00434,\n    \"96\": 0.03035,\n    \"102\": 0.09537,\n    \"103\": 0.66326,\n    \"104\": 0.06503,\n    \"105\": 0.00434,\n    \"115\": 0.32079,\n    \"118\": 0.00434,\n    \"120\": 0.00867,\n    \"122\": 0.00867,\n    \"123\": 0.00867,\n    \"124\": 1.57794,\n    \"125\": 0.54188,\n    _: \"5 8 9 10 11 13 14 15 16 17 18 19 20 22 25 26 28 31 32 34 43 44 45 46 47 48 49 50 51 52 53 54 55 56 57 58 59 60 61 62 63 64 65 66 67 68 69 70 71 72 73 74 75 76 77 79 80 81 82 83 84 85 86 87 88 89 90 91 92 93 94 95 97 98 99 100 101 106 107 108 109 110 111 112 113 114 116 117 119 121 126 127 128\",\n    \"3.5\": 0.00434,\n    \"3.6\": 0.01301\n  },\n  D: {\n    \"11\": 0.00434,\n    \"13\": 0.00434,\n    \"16\": 0.00434,\n    \"19\": 0.00434,\n    \"20\": 0.00434,\n    \"21\": 0.00434,\n    \"27\": 0.00434,\n    \"28\": 0.00434,\n    \"31\": 0.00867,\n    \"32\": 0.00434,\n    \"33\": 0.00867,\n    \"36\": 0.00867,\n    \"37\": 0.01301,\n    \"38\": 0.00434,\n    \"39\": 0.01301,\n    \"40\": 0.00867,\n    \"41\": 0.01301,\n    \"42\": 0.00867,\n    \"43\": 0.02168,\n    \"44\": 0.03468,\n    \"45\": 0.02601,\n    \"46\": 0.02601,\n    \"47\": 0.01734,\n    \"51\": 0.05202,\n    \"70\": 0.01301,\n    \"76\": 0.01301,\n    \"79\": 0.00434,\n    \"80\": 0.00434,\n    \"83\": 0.00434,\n    \"84\": 0.00867,\n    \"86\": 0.00434,\n    \"87\": 0.01734,\n    \"88\": 0.00867,\n    \"89\": 0.00434,\n    \"92\": 0.00434,\n    \"93\": 0.01301,\n    \"94\": 0.00434,\n    \"95\": 0.00434,\n    \"98\": 0.03468,\n    \"99\": 0.01301,\n    \"102\": 0.13439,\n    \"103\": 0.27311,\n    \"104\": 1.36553,\n    \"105\": 0.52454,\n    \"107\": 0.00434,\n    \"108\": 0.00867,\n    \"109\": 0.88001,\n    \"112\": 0.00434,\n    \"113\": 0.00867,\n    \"114\": 0.00434,\n    \"115\": 0.02168,\n    \"116\": 0.57656,\n    \"117\": 0.01734,\n    \"118\": 0.02601,\n    \"119\": 0.09104,\n    \"120\": 0.20375,\n    \"121\": 0.25143,\n    \"122\": 0.71528,\n    \"123\": 9.29858,\n    \"124\": 4.05756,\n    \"125\": 0.01301,\n    _: \"4 5 6 7 8 9 10 12 14 15 17 18 22 23 24 25 26 29 30 34 35 48 49 50 52 53 54 55 56 57 58 59 60 61 62 63 64 65 66 67 68 69 71 72 73 74 75 77 78 81 85 90 91 96 97 100 101 106 110 111 126 127\"\n  },\n  F: {\n    \"12\": 0.00434,\n    \"26\": 0.00434,\n    \"31\": 0.00867,\n    \"70\": 0.00434,\n    \"95\": 0.00434,\n    \"107\": 0.2601,\n    \"108\": 0.39449,\n    \"109\": 0.04769,\n    _: \"9 11 15 16 17 18 19 20 21 22 23 24 25 27 28 29 30 32 33 34 35 36 37 38 39 40 41 42 43 44 45 46 47 48 49 50 51 52 53 54 55 56 57 58 60 62 63 64 65 66 67 68 69 71 72 73 74 75 76 77 78 79 80 81 82 83 84 85 86 87 88 89 90 91 92 93 94 96 97 98 99 100 101 102 103 104 105 106 9.5-9.6 10.0-10.1 10.5 10.6 11.1 11.5 11.6\",\n    \"12.1\": 0.00434\n  },\n  B: {\n    \"12\": 0.00434,\n    \"83\": 0.00434,\n    \"98\": 0.00434,\n    \"107\": 0.02601,\n    \"109\": 0.03035,\n    \"118\": 0.00434,\n    \"119\": 0.01301,\n    \"120\": 0.01734,\n    \"121\": 0.00434,\n    \"122\": 0.53321,\n    \"123\": 5.50545,\n    \"124\": 2.21952,\n    _: \"13 14 15 16 17 18 79 80 81 84 85 86 87 88 89 90 91 92 93 94 95 96 97 99 100 101 102 103 104 105 106 108 110 111 112 113 114 115 116 117\"\n  },\n  E: {\n    \"4\": 0.00434,\n    \"7\": 0.00434,\n    \"8\": 0.00434,\n    \"9\": 0.06936,\n    \"13\": 0.00434,\n    \"14\": 0.11705,\n    \"15\": 0.00434,\n    _: \"0 5 6 10 11 12 3.1 3.2 9.1 10.1\",\n    \"5.1\": 0.00867,\n    \"6.1\": 0.00434,\n    \"7.1\": 0.00434,\n    \"11.1\": 0.00434,\n    \"12.1\": 0.09537,\n    \"13.1\": 0.05636,\n    \"14.1\": 0.09971,\n    \"15.1\": 0.02168,\n    \"15.2-15.3\": 0.0867,\n    \"15.4\": 0.04769,\n    \"15.5\": 0.09537,\n    \"15.6\": 0.52454,\n    \"16.0\": 0.04335,\n    \"16.1\": 0.06936,\n    \"16.2\": 0.08237,\n    \"16.3\": 0.16473,\n    \"16.4\": 0.0867,\n    \"16.5\": 0.12572,\n    \"16.6\": 1.31351,\n    \"17.0\": 0.0737,\n    \"17.1\": 0.13005,\n    \"17.2\": 0.82365,\n    \"17.3\": 1.56927,\n    \"17.4\": 5.05461,\n    \"17.5\": 0.00434\n  },\n  G: {\n    \"8\": 0,\n    \"3.2\": 0,\n    \"4.0-4.1\": 0,\n    \"4.2-4.3\": 0.00563,\n    \"5.0-5.1\": 0.00563,\n    \"6.0-6.1\": 0.01408,\n    \"7.0-7.1\": 0.02252,\n    \"8.1-8.4\": 0.00563,\n    \"9.0-9.2\": 0.01408,\n    \"9.3\": 0.07039,\n    \"10.0-10.2\": 0.01408,\n    \"10.3\": 0.11262,\n    \"11.0-11.2\": 0.09573,\n    \"11.3-11.4\": 0.02816,\n    \"12.0-12.1\": 0.01971,\n    \"12.2-12.5\": 0.45894,\n    \"13.0-13.1\": 0.00845,\n    \"13.2\": 0.09291,\n    \"13.3\": 0.02252,\n    \"13.4-13.7\": 0.08728,\n    \"14.0-14.4\": 0.17175,\n    \"14.5-14.8\": 0.26185,\n    \"15.0-15.1\": 0.12107,\n    \"15.2-15.3\": 0.13796,\n    \"15.4\": 0.15767,\n    \"15.5\": 0.19991,\n    \"15.6-15.8\": 1.74566,\n    \"16.0\": 0.40826,\n    \"16.1\": 0.8503,\n    \"16.2\": 0.40826,\n    \"16.3\": 0.72079,\n    \"16.4\": 0.14923,\n    \"16.5\": 0.31253,\n    \"16.6-16.7\": 2.46926,\n    \"17.0\": 0.29564,\n    \"17.1\": 0.54622,\n    \"17.2\": 0.72642,\n    \"17.3\": 5.29891,\n    \"17.4\": 11.96056,\n    \"17.5\": 0.10981\n  },\n  P: {\n    \"4\": 0.07846,\n    \"20\": 0.06725,\n    \"21\": 0.02242,\n    \"22\": 0.01121,\n    \"23\": 0.24658,\n    \"24\": 2.17442,\n    _: \"5.0-5.4 7.2-7.4 8.2 9.2 10.1 12.0 14.0 15.0 16.0 18.0 19.0\",\n    \"6.2-6.4\": 0.03363,\n    \"11.1-11.2\": 0.01121,\n    \"13.0\": 0.02242,\n    \"17.0\": 0.36988\n  },\n  I: {\n    \"0\": 0.34973,\n    \"3\": 0,\n    \"4\": 0.00004,\n    \"2.1\": 0,\n    \"2.2\": 0,\n    \"2.3\": 0,\n    \"4.1\": 0.00007,\n    \"4.2-4.3\": 0.00021,\n    \"4.4\": 0,\n    \"4.4.3-4.4.4\": 0.00088\n  },\n  A: {\n    \"6\": 0.00876,\n    \"7\": 0.01752,\n    \"8\": 0.17961,\n    \"9\": 0.03505,\n    \"10\": 0.03505,\n    \"11\": 0.12704,\n    \"5.5\": 0.00438\n  },\n  K: {\n    \"0\": 0.3455,\n    _: \"10 11 12 11.1 11.5 12.1\"\n  },\n  J: {\n    _: \"7 10\"\n  },\n  N: {\n    _: \"10 11\"\n  },\n  S: {\n    \"2.5\": 0.01699,\n    _: \"3.0-3.1\"\n  },\n  Q: {\n    _: \"14.9\"\n  },\n  O: {\n    \"0\": 0.0793\n  },\n  H: {\n    \"0\": 0\n  },\n  L: {\n    \"0\": 23.11203\n  },\n  R: {\n    _: \"0\"\n  },\n  M: {\n    \"0\": 0.93456\n  }\n};","map":{"version":3,"names":["module","exports","C","_","D","F","B","E","G","P","I","A","K","J","N","S","Q","O","H","L","R","M"],"sources":["C:/Users/chest/OneDrive/Documentos/GitHub/HackUPC/frontend/node_modules/caniuse-lite/data/regions/IM.js"],