{"ast":null,"code":"module.exports = {\n  C: {\n    \"40\": 0.00252,\n    \"43\": 0.00252,\n    \"44\": 0.00252,\n    \"46\": 0.00252,\n    \"49\": 0.00505,\n    \"50\": 0.00252,\n    \"52\": 0.01009,\n    \"56\": 0.00252,\n    \"65\": 0.00252,\n    \"72\": 0.00252,\n    \"75\": 0.00252,\n    \"80\": 0.00252,\n    \"86\": 0.00252,\n    \"88\": 0.01766,\n    \"95\": 0.00252,\n    \"97\": 0.00252,\n    \"99\": 0.00252,\n    \"102\": 0.00252,\n    \"103\": 0.00505,\n    \"104\": 0.00252,\n    \"105\": 0.00757,\n    \"106\": 0.00757,\n    \"107\": 0.00757,\n    \"108\": 0.01262,\n    \"109\": 0.00757,\n    \"110\": 0.00757,\n    \"111\": 0.00757,\n    \"112\": 0.00252,\n    \"113\": 0.00252,\n    \"115\": 0.50208,\n    \"116\": 0.00505,\n    \"117\": 0.00252,\n    \"118\": 0.00252,\n    \"119\": 0.00252,\n    \"120\": 0.00252,\n    \"121\": 0.00757,\n    \"122\": 0.01009,\n    \"123\": 0.02018,\n    \"124\": 0.878,\n    \"125\": 0.76952,\n    \"126\": 0.03028,\n    _: \"2 3 4 5 6 7 8 9 10 11 12 13 14 15 16 17 18 19 20 21 22 23 24 25 26 27 28 29 30 31 32 33 34 35 36 37 38 39 41 42 45 47 48 51 53 54 55 57 58 59 60 61 62 63 64 66 67 68 69 70 71 73 74 76 77 78 79 81 82 83 84 85 87 89 90 91 92 93 94 96 98 100 101 114 127 128 3.5 3.6\"\n  },\n  D: {\n    \"11\": 0.00252,\n    \"38\": 0.00252,\n    \"41\": 0.00757,\n    \"43\": 0.00252,\n    \"46\": 0.00252,\n    \"47\": 0.00252,\n    \"48\": 0.00252,\n    \"49\": 0.00757,\n    \"50\": 0.00252,\n    \"56\": 0.01009,\n    \"63\": 0.00252,\n    \"65\": 0.00252,\n    \"66\": 0.00252,\n    \"68\": 0.00252,\n    \"69\": 0.00757,\n    \"70\": 0.00505,\n    \"71\": 0.00505,\n    \"72\": 0.00252,\n    \"73\": 0.01262,\n    \"74\": 0.00757,\n    \"75\": 0.02775,\n    \"76\": 0.00252,\n    \"77\": 0.00252,\n    \"78\": 0.00252,\n    \"79\": 0.01009,\n    \"80\": 0.00757,\n    \"81\": 0.00757,\n    \"83\": 0.00757,\n    \"84\": 0.00252,\n    \"85\": 0.04541,\n    \"86\": 0.01262,\n    \"87\": 0.01262,\n    \"88\": 0.01009,\n    \"89\": 0.00757,\n    \"90\": 0.00505,\n    \"91\": 0.00252,\n    \"92\": 0.00252,\n    \"93\": 0.01009,\n    \"94\": 0.01766,\n    \"95\": 0.00757,\n    \"96\": 0.00252,\n    \"97\": 0.00505,\n    \"98\": 0.00505,\n    \"99\": 0.00505,\n    \"100\": 0.00505,\n    \"101\": 0.00505,\n    \"102\": 0.02018,\n    \"103\": 0.0328,\n    \"104\": 0.01766,\n    \"105\": 0.03028,\n    \"106\": 0.09335,\n    \"107\": 0.10344,\n    \"108\": 0.11101,\n    \"109\": 1.20852,\n    \"110\": 0.06812,\n    \"111\": 0.06308,\n    \"112\": 0.06812,\n    \"113\": 0.00757,\n    \"114\": 0.02018,\n    \"115\": 0.01009,\n    \"116\": 0.02018,\n    \"117\": 0.01009,\n    \"118\": 0.01514,\n    \"119\": 0.04037,\n    \"120\": 0.08074,\n    \"121\": 0.11354,\n    \"122\": 0.26239,\n    \"123\": 8.46214,\n    \"124\": 4.59691,\n    \"125\": 0.0656,\n    \"126\": 0.01262,\n    _: \"4 5 6 7 8 9 10 12 13 14 15 16 17 18 19 20 21 22 23 24 25 26 27 28 29 30 31 32 33 34 35 36 37 39 40 42 44 45 51 52 53 54 55 57 58 59 60 61 62 64 67 127\"\n  },\n  F: {\n    \"28\": 0.00505,\n    \"36\": 0.00252,\n    \"46\": 0.00252,\n    \"79\": 0.00252,\n    \"81\": 0.00252,\n    \"82\": 0.00252,\n    \"91\": 0.00252,\n    \"92\": 0.00505,\n    \"93\": 0.00505,\n    \"94\": 0.00505,\n    \"95\": 0.02775,\n    \"96\": 0.00252,\n    \"97\": 0.00252,\n    \"105\": 0.00252,\n    \"106\": 0.00505,\n    \"107\": 0.15643,\n    \"108\": 0.22959,\n    \"109\": 0.10597,\n    _: \"9 11 12 15 16 17 18 19 20 21 22 23 24 25 26 27 29 30 31 32 33 34 35 37 38 39 40 41 42 43 44 45 47 48 49 50 51 52 53 54 55 56 57 58 60 62 63 64 65 66 67 68 69 70 71 72 73 74 75 76 77 78 80 83 84 85 86 87 88 89 90 98 99 100 101 102 103 104 9.5-9.6 10.0-10.1 10.5 10.6 11.1 11.5 11.6 12.1\"\n  },\n  B: {\n    \"12\": 0.00757,\n    \"13\": 0.00252,\n    \"14\": 0.00252,\n    \"16\": 0.00505,\n    \"17\": 0.00252,\n    \"18\": 0.01514,\n    \"84\": 0.00505,\n    \"89\": 0.00252,\n    \"92\": 0.03028,\n    \"100\": 0.00252,\n    \"103\": 0.00252,\n    \"104\": 0.00252,\n    \"105\": 0.00505,\n    \"106\": 0.00757,\n    \"107\": 0.02271,\n    \"108\": 0.01262,\n    \"109\": 0.02523,\n    \"110\": 0.01262,\n    \"111\": 0.00757,\n    \"117\": 0.00505,\n    \"118\": 0.01009,\n    \"119\": 0.00252,\n    \"120\": 0.01766,\n    \"121\": 0.01262,\n    \"122\": 0.02775,\n    \"123\": 0.61814,\n    \"124\": 0.41125,\n    _: \"15 79 80 81 83 85 86 87 88 90 91 93 94 95 96 97 98 99 101 102 112 113 114 115 116\"\n  },\n  E: {\n    \"9\": 0.00252,\n    \"14\": 0.00252,\n    _: \"0 4 5 6 7 8 10 11 12 13 15 3.1 3.2 5.1 6.1 7.1 9.1 10.1 11.1 12.1 15.2-15.3 17.5\",\n    \"13.1\": 0.00505,\n    \"14.1\": 0.00757,\n    \"15.1\": 0.02271,\n    \"15.4\": 0.00505,\n    \"15.5\": 0.00757,\n    \"15.6\": 0.03028,\n    \"16.0\": 0.01009,\n    \"16.1\": 0.00505,\n    \"16.2\": 0.00252,\n    \"16.3\": 0.01262,\n    \"16.4\": 0.00757,\n    \"16.5\": 0.00505,\n    \"16.6\": 0.02523,\n    \"17.0\": 0.01009,\n    \"17.1\": 0.01262,\n    \"17.2\": 0.02018,\n    \"17.3\": 0.03785,\n    \"17.4\": 0.11101\n  },\n  G: {\n    \"8\": 0,\n    \"3.2\": 0,\n    \"4.0-4.1\": 0,\n    \"4.2-4.3\": 0.00061,\n    \"5.0-5.1\": 0.00061,\n    \"6.0-6.1\": 0.00152,\n    \"7.0-7.1\": 0.00243,\n    \"8.1-8.4\": 0.00061,\n    \"9.0-9.2\": 0.00152,\n    \"9.3\": 0.00761,\n    \"10.0-10.2\": 0.00152,\n    \"10.3\": 0.01217,\n    \"11.0-11.2\": 0.01035,\n    \"11.3-11.4\": 0.00304,\n    \"12.0-12.1\": 0.00213,\n    \"12.2-12.5\": 0.0496,\n    \"13.0-13.1\": 0.00091,\n    \"13.2\": 0.01004,\n    \"13.3\": 0.00243,\n    \"13.4-13.7\": 0.00943,\n    \"14.0-14.4\": 0.01856,\n    \"14.5-14.8\": 0.0283,\n    \"15.0-15.1\": 0.01309,\n    \"15.2-15.3\": 0.01491,\n    \"15.4\": 0.01704,\n    \"15.5\": 0.02161,\n    \"15.6-15.8\": 0.18867,\n    \"16.0\": 0.04413,\n    \"16.1\": 0.0919,\n    \"16.2\": 0.04413,\n    \"16.3\": 0.0779,\n    \"16.4\": 0.01613,\n    \"16.5\": 0.03378,\n    \"16.6-16.7\": 0.26688,\n    \"17.0\": 0.03195,\n    \"17.1\": 0.05904,\n    \"17.2\": 0.07851,\n    \"17.3\": 0.57272,\n    \"17.4\": 1.29273,\n    \"17.5\": 0.01187\n  },\n  P: {\n    \"4\": 0.19227,\n    \"20\": 0.02024,\n    \"21\": 0.03036,\n    \"22\": 0.03036,\n    \"23\": 0.1012,\n    \"24\": 0.49587,\n    _: \"5.0-5.4 8.2 10.1 12.0 14.0 15.0\",\n    \"6.2-6.4\": 0.03036,\n    \"7.2-7.4\": 0.12144,\n    \"9.2\": 0.01012,\n    \"11.1-11.2\": 0.01012,\n    \"13.0\": 0.01012,\n    \"16.0\": 0.02024,\n    \"17.0\": 0.04048,\n    \"18.0\": 0.01012,\n    \"19.0\": 0.02024\n  },\n  I: {\n    \"0\": 0.16382,\n    \"3\": 0,\n    \"4\": 0.00002,\n    \"2.1\": 0,\n    \"2.2\": 0,\n    \"2.3\": 0,\n    \"4.1\": 0.00003,\n    \"4.2-4.3\": 0.0001,\n    \"4.4\": 0,\n    \"4.4.3-4.4.4\": 0.00041\n  },\n  A: {\n    \"8\": 0.01617,\n    \"9\": 0.00539,\n    \"10\": 0.0027,\n    \"11\": 0.09433,\n    _: \"6 7 5.5\"\n  },\n  K: {\n    \"0\": 3.35933,\n    _: \"10 11 12 11.1 11.5 12.1\"\n  },\n  J: {\n    _: \"7 10\"\n  },\n  N: {\n    _: \"10 11\"\n  },\n  S: {\n    \"2.5\": 0.01495,\n    _: \"3.0-3.1\"\n  },\n  Q: {\n    _: \"14.9\"\n  },\n  O: {\n    \"0\": 2.19824\n  },\n  H: {\n    \"0\": 0.11\n  },\n  L: {\n    \"0\": 68.57296\n  },\n  R: {\n    _: \"0\"\n  },\n  M: {\n    \"0\": 0.0972\n  }\n};","map":{"version":3,"names":["module","exports","C","_","D","F","B","E","G","P","I","A","K","J","N","S","Q","O","H","L","R","M"],"sources":["C:/Users/chest/OneDrive/Documentos/GitHub/HackUPC/frontend/node_modules/caniuse-lite/data/regions/BD.js"],