{"ast":null,"code":"module.exports = {\n  C: {\n    \"34\": 0.02199,\n    \"48\": 0.0022,\n    \"52\": 0.0022,\n    \"66\": 0.0022,\n    \"68\": 0.0044,\n    \"72\": 0.0022,\n    \"78\": 0.0044,\n    \"84\": 0.0022,\n    \"88\": 0.011,\n    \"103\": 0.0044,\n    \"115\": 0.05498,\n    \"117\": 0.0022,\n    \"119\": 0.0066,\n    \"121\": 0.0044,\n    \"122\": 0.011,\n    \"123\": 0.01759,\n    \"124\": 0.35404,\n    \"125\": 0.18252,\n    \"126\": 0.0022,\n    _: \"2 3 4 5 6 7 8 9 10 11 12 13 14 15 16 17 18 19 20 21 22 23 24 25 26 27 28 29 30 31 32 33 35 36 37 38 39 40 41 42 43 44 45 46 47 49 50 51 53 54 55 56 57 58 59 60 61 62 63 64 65 67 69 70 71 73 74 75 76 77 79 80 81 82 83 85 86 87 89 90 91 92 93 94 95 96 97 98 99 100 101 102 104 105 106 107 108 109 110 111 112 113 114 116 118 120 127 128 3.5 3.6\"\n  },\n  D: {\n    \"34\": 0.0022,\n    \"38\": 0.02419,\n    \"41\": 0.0022,\n    \"47\": 0.0088,\n    \"49\": 0.0044,\n    \"50\": 0.0022,\n    \"56\": 0.01539,\n    \"58\": 0.0088,\n    \"64\": 0.0088,\n    \"65\": 0.0044,\n    \"68\": 0.0022,\n    \"69\": 0.0022,\n    \"70\": 0.0022,\n    \"73\": 0.0088,\n    \"74\": 0.0022,\n    \"75\": 0.011,\n    \"76\": 0.0022,\n    \"78\": 0.02859,\n    \"79\": 0.05058,\n    \"80\": 0.0066,\n    \"81\": 0.0044,\n    \"83\": 0.0088,\n    \"84\": 0.0088,\n    \"86\": 0.0022,\n    \"87\": 0.08576,\n    \"88\": 0.02419,\n    \"89\": 0.0044,\n    \"90\": 0.01979,\n    \"91\": 0.0044,\n    \"92\": 0.0022,\n    \"93\": 0.0088,\n    \"94\": 0.0044,\n    \"95\": 0.0022,\n    \"96\": 0.0022,\n    \"97\": 0.0044,\n    \"98\": 0.0044,\n    \"99\": 0.01759,\n    \"100\": 0.0022,\n    \"101\": 0.0066,\n    \"102\": 0.0044,\n    \"103\": 0.07037,\n    \"104\": 0.011,\n    \"105\": 0.011,\n    \"106\": 0.01759,\n    \"107\": 0.01759,\n    \"108\": 0.0088,\n    \"109\": 0.60473,\n    \"110\": 0.04838,\n    \"111\": 0.02859,\n    \"112\": 0.0088,\n    \"113\": 0.0044,\n    \"114\": 0.05058,\n    \"115\": 0.01759,\n    \"116\": 0.04178,\n    \"117\": 0.011,\n    \"118\": 0.0088,\n    \"119\": 0.04838,\n    \"120\": 0.12754,\n    \"121\": 0.12974,\n    \"122\": 0.40462,\n    \"123\": 7.56896,\n    \"124\": 3.2985,\n    \"125\": 0.01539,\n    _: \"4 5 6 7 8 9 10 11 12 13 14 15 16 17 18 19 20 21 22 23 24 25 26 27 28 29 30 31 32 33 35 36 37 39 40 42 43 44 45 46 48 51 52 53 54 55 57 59 60 61 62 63 66 67 71 72 77 85 126 127\"\n  },\n  F: {\n    \"28\": 0.02199,\n    \"36\": 0.0022,\n    \"46\": 0.05937,\n    \"74\": 0.0044,\n    \"79\": 0.0022,\n    \"81\": 0.0022,\n    \"89\": 0.0022,\n    \"95\": 0.01759,\n    \"102\": 0.0044,\n    \"107\": 0.61572,\n    \"108\": 0.15613,\n    \"109\": 0.12314,\n    _: \"9 11 12 15 16 17 18 19 20 21 22 23 24 25 26 27 29 30 31 32 33 34 35 37 38 39 40 41 42 43 44 45 47 48 49 50 51 52 53 54 55 56 57 58 60 62 63 64 65 66 67 68 69 70 71 72 73 75 76 77 78 80 82 83 84 85 86 87 88 90 91 92 93 94 96 97 98 99 100 101 103 104 105 106 9.5-9.6 10.0-10.1 10.5 10.6 11.1 11.5 11.6 12.1\"\n  },\n  B: {\n    \"12\": 0.0022,\n    \"15\": 0.0022,\n    \"17\": 0.0022,\n    \"18\": 0.0044,\n    \"84\": 0.0022,\n    \"92\": 0.01319,\n    \"100\": 0.0022,\n    \"105\": 0.0022,\n    \"108\": 0.0022,\n    \"109\": 0.02639,\n    \"110\": 0.0044,\n    \"112\": 0.0022,\n    \"114\": 0.0066,\n    \"115\": 0.0022,\n    \"116\": 0.0022,\n    \"117\": 0.0022,\n    \"118\": 0.0022,\n    \"119\": 0.0044,\n    \"120\": 0.01759,\n    \"121\": 0.04178,\n    \"122\": 0.18252,\n    \"123\": 1.89994,\n    \"124\": 0.76965,\n    _: \"13 14 16 79 80 81 83 85 86 87 88 89 90 91 93 94 95 96 97 98 99 101 102 103 104 106 107 111 113\"\n  },\n  E: {\n    \"7\": 0.13194,\n    \"12\": 0.0044,\n    \"13\": 0.0066,\n    \"14\": 0.05717,\n    \"15\": 0.02199,\n    _: \"0 4 5 6 8 9 10 11 3.1 3.2 5.1 6.1 7.1 9.1 10.1 11.1\",\n    \"12.1\": 0.0044,\n    \"13.1\": 0.02419,\n    \"14.1\": 0.13854,\n    \"15.1\": 0.02639,\n    \"15.2-15.3\": 0.01759,\n    \"15.4\": 0.03738,\n    \"15.5\": 0.11215,\n    \"15.6\": 0.12754,\n    \"16.0\": 0.01319,\n    \"16.1\": 0.07477,\n    \"16.2\": 0.05717,\n    \"16.3\": 0.11435,\n    \"16.4\": 0.03299,\n    \"16.5\": 0.08576,\n    \"16.6\": 0.25069,\n    \"17.0\": 0.07916,\n    \"17.1\": 0.09016,\n    \"17.2\": 0.10115,\n    \"17.3\": 0.53656,\n    \"17.4\": 0.70588,\n    \"17.5\": 0.0066\n  },\n  G: {\n    \"8\": 0,\n    \"3.2\": 0,\n    \"4.0-4.1\": 0,\n    \"4.2-4.3\": 0.00724,\n    \"5.0-5.1\": 0.00724,\n    \"6.0-6.1\": 0.0181,\n    \"7.0-7.1\": 0.02895,\n    \"8.1-8.4\": 0.00724,\n    \"9.0-9.2\": 0.0181,\n    \"9.3\": 0.09048,\n    \"10.0-10.2\": 0.0181,\n    \"10.3\": 0.14477,\n    \"11.0-11.2\": 0.12306,\n    \"11.3-11.4\": 0.03619,\n    \"12.0-12.1\": 0.02534,\n    \"12.2-12.5\": 0.58995,\n    \"13.0-13.1\": 0.01086,\n    \"13.2\": 0.11944,\n    \"13.3\": 0.02895,\n    \"13.4-13.7\": 0.1122,\n    \"14.0-14.4\": 0.22078,\n    \"14.5-14.8\": 0.3366,\n    \"15.0-15.1\": 0.15563,\n    \"15.2-15.3\": 0.17735,\n    \"15.4\": 0.20268,\n    \"15.5\": 0.25697,\n    \"15.6-15.8\": 2.244,\n    \"16.0\": 0.52481,\n    \"16.1\": 1.09304,\n    \"16.2\": 0.52481,\n    \"16.3\": 0.92655,\n    \"16.4\": 0.19183,\n    \"16.5\": 0.40175,\n    \"16.6-16.7\": 3.17417,\n    \"17.0\": 0.38003,\n    \"17.1\": 0.70215,\n    \"17.2\": 0.93379,\n    \"17.3\": 6.81161,\n    \"17.4\": 15.37499,\n    \"17.5\": 0.14115\n  },\n  P: {\n    \"4\": 0.22471,\n    \"20\": 0.05107,\n    \"21\": 0.12257,\n    \"22\": 0.22471,\n    \"23\": 0.77627,\n    \"24\": 3.31957,\n    \"5.0-5.4\": 0.04086,\n    \"6.2-6.4\": 0.02043,\n    \"7.2-7.4\": 0.08171,\n    _: \"8.2 9.2 10.1 12.0 15.0\",\n    \"11.1-11.2\": 0.05107,\n    \"13.0\": 0.03064,\n    \"14.0\": 0.01021,\n    \"16.0\": 0.05107,\n    \"17.0\": 0.02043,\n    \"18.0\": 0.02043,\n    \"19.0\": 0.10214\n  },\n  I: {\n    \"0\": 0.04662,\n    \"3\": 0,\n    \"4\": 0,\n    \"2.1\": 0,\n    \"2.2\": 0,\n    \"2.3\": 0,\n    \"4.1\": 0.00001,\n    \"4.2-4.3\": 0.00003,\n    \"4.4\": 0,\n    \"4.4.3-4.4.4\": 0.00012\n  },\n  A: {\n    \"11\": 0.02639,\n    _: \"6 7 8 9 10 5.5\"\n  },\n  K: {\n    \"0\": 2.02072,\n    _: \"10 11 12 11.1 11.5 12.1\"\n  },\n  J: {\n    _: \"7 10\"\n  },\n  N: {\n    _: \"10 11\"\n  },\n  S: {\n    _: \"2.5 3.0-3.1\"\n  },\n  Q: {\n    _: \"14.9\"\n  },\n  O: {\n    \"0\": 0.84262\n  },\n  H: {\n    \"0\": 0\n  },\n  L: {\n    \"0\": 34.33674\n  },\n  R: {\n    _: \"0\"\n  },\n  M: {\n    \"0\": 0.10923\n  }\n};","map":{"version":3,"names":["module","exports","C","_","D","F","B","E","G","P","I","A","K","J","N","S","Q","O","H","L","R","M"],"sources":["C:/Users/chest/OneDrive/Documentos/GitHub/HackUPC/frontend/node_modules/caniuse-lite/data/regions/KW.js"],