{"ast":null,"code":"module.exports = {\n  C: {\n    \"104\": 0.09754,\n    \"109\": 0.03251,\n    \"110\": 0.03251,\n    \"115\": 0.84531,\n    \"122\": 0.03251,\n    \"124\": 5.46202,\n    \"125\": 1.85318,\n    _: \"2 3 4 5 6 7 8 9 10 11 12 13 14 15 16 17 18 19 20 21 22 23 24 25 26 27 28 29 30 31 32 33 34 35 36 37 38 39 40 41 42 43 44 45 46 47 48 49 50 51 52 53 54 55 56 57 58 59 60 61 62 63 64 65 66 67 68 69 70 71 72 73 74 75 76 77 78 79 80 81 82 83 84 85 86 87 88 89 90 91 92 93 94 95 96 97 98 99 100 101 102 103 105 106 107 108 111 112 113 114 116 117 118 119 120 121 123 126 127 128 3.5 3.6\"\n  },\n  D: {\n    \"103\": 0.03251,\n    \"107\": 0.16256,\n    \"109\": 1.65811,\n    \"114\": 0.09754,\n    \"116\": 0.06502,\n    \"120\": 0.06502,\n    \"122\": 2.1783,\n    \"123\": 28.12288,\n    \"124\": 9.85114,\n    _: \"4 5 6 7 8 9 10 11 12 13 14 15 16 17 18 19 20 21 22 23 24 25 26 27 28 29 30 31 32 33 34 35 36 37 38 39 40 41 42 43 44 45 46 47 48 49 50 51 52 53 54 55 56 57 58 59 60 61 62 63 64 65 66 67 68 69 70 71 72 73 74 75 76 77 78 79 80 81 83 84 85 86 87 88 89 90 91 92 93 94 95 96 97 98 99 100 101 102 104 105 106 108 110 111 112 113 115 117 118 119 121 125 126 127\"\n  },\n  F: {\n    \"107\": 0.13005,\n    \"108\": 0.39014,\n    _: \"9 11 12 15 16 17 18 19 20 21 22 23 24 25 26 27 28 29 30 31 32 33 34 35 36 37 38 39 40 41 42 43 44 45 46 47 48 49 50 51 52 53 54 55 56 57 58 60 62 63 64 65 66 67 68 69 70 71 72 73 74 75 76 77 78 79 80 81 82 83 84 85 86 87 88 89 90 91 92 93 94 95 96 97 98 99 100 101 102 103 104 105 106 109 9.5-9.6 10.0-10.1 10.5 10.6 11.1 11.5 11.6 12.1\"\n  },\n  B: {\n    \"18\": 0.09754,\n    \"122\": 0.22758,\n    \"123\": 15.67078,\n    \"124\": 8.42061,\n    _: \"12 13 14 15 16 17 79 80 81 83 84 85 86 87 88 89 90 91 92 93 94 95 96 97 98 99 100 101 102 103 104 105 106 107 108 109 110 111 112 113 114 115 116 117 118 119 120 121\"\n  },\n  E: {\n    \"14\": 0.03251,\n    _: \"0 4 5 6 7 8 9 10 11 12 13 15 3.1 3.2 5.1 6.1 7.1 9.1 10.1 11.1 12.1 14.1 15.1 15.2-15.3 15.5 16.0 16.1 16.2 16.4 17.5\",\n    \"13.1\": 0.16256,\n    \"15.4\": 0.03251,\n    \"15.6\": 0.09754,\n    \"16.3\": 0.09754,\n    \"16.5\": 0.2601,\n    \"16.6\": 0.09754,\n    \"17.0\": 0.06502,\n    \"17.1\": 1.6256,\n    \"17.2\": 0.19507,\n    \"17.3\": 0.61773,\n    \"17.4\": 2.08077\n  },\n  G: {\n    \"8\": 0,\n    \"3.2\": 0,\n    \"4.0-4.1\": 0,\n    \"4.2-4.3\": 0.00168,\n    \"5.0-5.1\": 0.00168,\n    \"6.0-6.1\": 0.0042,\n    \"7.0-7.1\": 0.00671,\n    \"8.1-8.4\": 0.00168,\n    \"9.0-9.2\": 0.0042,\n    \"9.3\": 0.02098,\n    \"10.0-10.2\": 0.0042,\n    \"10.3\": 0.03356,\n    \"11.0-11.2\": 0.02853,\n    \"11.3-11.4\": 0.00839,\n    \"12.0-12.1\": 0.00587,\n    \"12.2-12.5\": 0.13676,\n    \"13.0-13.1\": 0.00252,\n    \"13.2\": 0.02769,\n    \"13.3\": 0.00671,\n    \"13.4-13.7\": 0.02601,\n    \"14.0-14.4\": 0.05118,\n    \"14.5-14.8\": 0.07803,\n    \"15.0-15.1\": 0.03608,\n    \"15.2-15.3\": 0.04111,\n    \"15.4\": 0.04699,\n    \"15.5\": 0.05957,\n    \"15.6-15.8\": 0.5202,\n    \"16.0\": 0.12166,\n    \"16.1\": 0.25339,\n    \"16.2\": 0.12166,\n    \"16.3\": 0.21479,\n    \"16.4\": 0.04447,\n    \"16.5\": 0.09313,\n    \"16.6-16.7\": 0.73583,\n    \"17.0\": 0.0881,\n    \"17.1\": 0.16277,\n    \"17.2\": 0.21647,\n    \"17.3\": 1.57906,\n    \"17.4\": 3.5642,\n    \"17.5\": 0.03272\n  },\n  P: {\n    \"24\": 0.63925,\n    _: \"4 20 21 22 23 5.0-5.4 6.2-6.4 7.2-7.4 8.2 9.2 10.1 11.1-11.2 12.0 13.0 14.0 15.0 16.0 17.0 18.0 19.0\"\n  },\n  I: {\n    \"0\": 0,\n    \"3\": 0,\n    \"4\": 0,\n    \"2.1\": 0,\n    \"2.2\": 0,\n    \"2.3\": 0,\n    \"4.1\": 0,\n    \"4.2-4.3\": 0,\n    \"4.4\": 0,\n    \"4.4.3-4.4.4\": 0\n  },\n  A: {\n    _: \"6 7 8 9 10 11 5.5\"\n  },\n  K: {\n    \"0\": 0,\n    _: \"10 11 12 11.1 11.5 12.1\"\n  },\n  J: {\n    _: \"7 10\"\n  },\n  N: {\n    _: \"10 11\"\n  },\n  S: {\n    _: \"2.5 3.0-3.1\"\n  },\n  Q: {\n    _: \"14.9\"\n  },\n  O: {\n    \"0\": 0.22277\n  },\n  H: {\n    \"0\": 0\n  },\n  L: {\n    \"0\": 9.31389\n  },\n  R: {\n    _: \"0\"\n  },\n  M: {\n    \"0\": 0.03182\n  }\n};","map":{"version":3,"names":["module","exports","C","_","D","F","B","E","G","P","I","A","K","J","N","S","Q","O","H","L","R","M"],"sources":["C:/Users/chest/OneDrive/Documentos/GitHub/HackUPC/frontend/node_modules/caniuse-lite/data/regions/VA.js"],"sourcesContent":["module.exports={C:{\"104\":0.09754,\"109\":0.03251,\"110\":0.03251,\"115\":0.84531,\"122\":0.03251,\"124\":5.46202,\"125\":1.85318,_:\"2 3 4 5 6 7 8 9 10 11 12 13 14 15 16 17 18 19 20 21 22 23 24 25 26 27 28 29 30 31 32 33 34 35 36 37 38 39 40 41 42 43 44 45 46 47 48 49 50 51 52 53 54 55 56 57 58 59 60 61 62 63 64 65 66 67 68 69 70 71 72 73 74 75 76 77 78 79 80 81 82 83 84 85 86 87 88 89 90 91 92 93 94 95 96 97 98 99 100 101 102 103 105 106 107 108 111 112 113 114 116 117 118 119 120 121 123 126 127 128 3.5 3.6\"},D:{\"103\":0.03251,\"107\":0.16256,\"109\":1.65811,\"114\":0.09754,\"116\":0.06502,\"120\":0.06502,\"122\":2.1783,\"123\":28.12288,\"124\":9.85114,_:\"4 5 6 7 8 9 10 11 12 13 14 15 16 17 18 19 20 21 22 23 24 25 26 27 28 29 30 31 32 33 34 35 36 37 38 39 40 41 42 43 44 45 46 47 48 49 50 51 52 53 54 55 56 57 58 59 60 61 62 63 64 65 66 67 68 69 70 71 72 73 74 75 76 77 78 79 80 81 83 84 85 86 87 88 89 90 91 92 93 94 95 96 97 98 99 100 101 102 104 105 106 108 110 111 112 113 115 117 118 119 121 125 126 127\"},F:{\"107\":0.13005,\"108\":0.39014,_:\"9 11 12 15 16 17 18 19 20 21 22 23 24 25 26 27 28 29 30 31 32 33 34 35 36 37 38 39 40 41 42 43 44 45 46 47 48 49 50 51 52 53 54 55 56 57 58 60 62 63 64 65 66 67 68 69 70 71 72 73 74 75 76 77 78 79 80 81 82 83 84 85 86 87 88 89 90 91 92 93 94 95 96 97 98 99 100 101 102 103 104 105 106 109 9.5-9.6 10.0-10.1 10.5 10.6 11.1 11.5 11.6 12.1\"},B:{\"18\":0.09754,\"122\":0.22758,\"123\":15.67078,\"124\":8.42061,_:\"12 13 14 15 16 17 79 80 81 83 84 85 86 87 88 89 90 91 92 93 94 95 96 97 98 99 100 101 102 103 104 105 106 107 108 109 110 111 112 113 114 115 116 117 118 119 120 121\"},E:{\"14\":0.03251,_:\"0 4 5 6 7 8 9 10 11 12 13 15 3.1 3.2 5.1 6.1 7.1 9.1 10.1 11.1 12.1 14.1 15.1 15.2-15.3 15.5 16.0 16.1 16.2 16.4 17.5\",\"13.1\":0.16256,\"15.4\":0.03251,\"15.6\":0.09754,\"16.3\":0.09754,\"16.5\":0.2601,\"16.6\":0.09754,\"17.0\":0.06502,\"17.1\":1.6256,\"17.2\":0.19507,\"17.3\":0.61773,\"17.4\":2.08077},G:{\"8\":0,\"3.2\":0,\"4.0-4.1\":0,\"4.2-4.3\":0.00168,\"5.0-5.1\":0.00168,\"6.0-6.1\":0.0042,\"7.0-7.1\":0.00671,\"8.1-8.4\":0.00168,\"9.0-9.2\":0.0042,\"9.3\":0.02098,\"10.0-10.2\":0.0042,\"10.3\":0.03356,\"11.0-11.2\":0.02853,\"11.3-11.4\":0.00839,\"12.0-12.1\":0.00587,\"12.2-12.5\":0.13676,\"13.0-13.1\":0.00252,\"13.2\":0.02769,\"13.3\":0.00671,\"13.4-13.7\":0.02601,\"14.0-14.4\":0.05118,\"14.5-14.8\":0.07803,\"15.0-15.1\":0.03608,\"15.2-15.3\":0.04111,\"15.4\":0.04699,\"15.5\":0.05957,\"15.6-15.8\":0.5202,\"16.0\":0.12166,\"16.1\":0.25339,\"16.2\":0.12166,\"16.3\":0.21479,\"16.4\":0.04447,\"16.5\":0.09313,\"16.6-16.7\":0.73583,\"17.0\":0.0881,\"17.1\":0.16277,\"17.2\":0.21647,\"17.3\":1.57906,\"17.4\":3.5642,\"17.5\":0.03272},P:{\"24\":0.63925,_:\"4 20 21 22 23 5.0-5.4 6.2-6.4 7.2-7.4 8.2 9.2 10.1 11.1-11.2 12.0 13.0 14.0 15.0 16.0 17.0 18.0 19.0\"},I:{\"0\":0,\"3\":0,\"4\":0,\"2.1\":0,\"2.2\":0,\"2.3\":0,\"4.1\":0,\"4.2-4.3\":0,\"4.4\":0,\"4.4.3-4.4.4\":0},A:{_:\"6 7 8 9 10 11 5.5\"},K:{\"0\":0,_:\"10 11 12 11.1 11.5 12.1\"},J:{_:\"7 10\"},N:{_:\"10 11\"},S:{_:\"2.5 3.0-3.1\"},Q:{_:\"14.9\"},O:{\"0\":0.22277},H:{\"0\":0},L:{\"0\":9.31389},R:{_:\"0\"},M:{\"0\":0.03182}};\n"],