{"ast":null,"code":"module.exports = {\n  C: {\n    \"4\": 0.03094,\n    \"52\": 0.00387,\n    \"66\": 0.00387,\n    \"73\": 0.04255,\n    \"82\": 0.00387,\n    \"94\": 0.00387,\n    \"105\": 0.00774,\n    \"108\": 0.00774,\n    \"113\": 0.01547,\n    \"115\": 0.06576,\n    \"116\": 0.00774,\n    \"117\": 0.00774,\n    \"121\": 0.00387,\n    \"122\": 0.00387,\n    \"123\": 0.04255,\n    \"124\": 0.51831,\n    \"125\": 0.3752,\n    _: \"2 3 5 6 7 8 9 10 11 12 13 14 15 16 17 18 19 20 21 22 23 24 25 26 27 28 29 30 31 32 33 34 35 36 37 38 39 40 41 42 43 44 45 46 47 48 49 50 51 53 54 55 56 57 58 59 60 61 62 63 64 65 67 68 69 70 71 72 74 75 76 77 78 79 80 81 83 84 85 86 87 88 89 90 91 92 93 95 96 97 98 99 100 101 102 103 104 106 107 109 110 111 112 114 118 119 120 126 127 128 3.5 3.6\"\n  },\n  D: {\n    \"11\": 0.00387,\n    \"38\": 0.00387,\n    \"39\": 0.00387,\n    \"47\": 0.03481,\n    \"49\": 0.00387,\n    \"63\": 0.00387,\n    \"65\": 0.00774,\n    \"68\": 0.00387,\n    \"69\": 0.00387,\n    \"70\": 0.00387,\n    \"73\": 0.0116,\n    \"74\": 0.00387,\n    \"75\": 0.00774,\n    \"76\": 0.00774,\n    \"77\": 0.00387,\n    \"79\": 0.08896,\n    \"80\": 0.03094,\n    \"81\": 0.00774,\n    \"83\": 0.00774,\n    \"85\": 0.00774,\n    \"86\": 0.00387,\n    \"87\": 0.08896,\n    \"88\": 0.02708,\n    \"89\": 0.00387,\n    \"90\": 0.00387,\n    \"91\": 0.00774,\n    \"92\": 0.00387,\n    \"93\": 0.03094,\n    \"94\": 0.05028,\n    \"95\": 0.00387,\n    \"96\": 0.00387,\n    \"97\": 0.00387,\n    \"98\": 0.01547,\n    \"99\": 0.02321,\n    \"101\": 0.00774,\n    \"102\": 0.00387,\n    \"103\": 0.1083,\n    \"104\": 0.00387,\n    \"105\": 0.02321,\n    \"106\": 0.01934,\n    \"107\": 0.00387,\n    \"108\": 0.22048,\n    \"109\": 1.41569,\n    \"110\": 0.02708,\n    \"111\": 0.00774,\n    \"112\": 0.00387,\n    \"113\": 0.01547,\n    \"114\": 0.01934,\n    \"115\": 0.05028,\n    \"116\": 0.14698,\n    \"117\": 0.04642,\n    \"118\": 0.0116,\n    \"119\": 0.08896,\n    \"120\": 0.1083,\n    \"121\": 0.21274,\n    \"122\": 1.09464,\n    \"123\": 15.47974,\n    \"124\": 6.06502,\n    \"125\": 0.0116,\n    _: \"4 5 6 7 8 9 10 12 13 14 15 16 17 18 19 20 21 22 23 24 25 26 27 28 29 30 31 32 33 34 35 36 37 40 41 42 43 44 45 46 48 50 51 52 53 54 55 56 57 58 59 60 61 62 64 66 67 71 72 78 84 100 126 127\"\n  },\n  F: {\n    \"36\": 0.00387,\n    \"40\": 0.00387,\n    \"86\": 0.0116,\n    \"95\": 0.04642,\n    \"99\": 0.00774,\n    \"105\": 0.00387,\n    \"107\": 1.48918,\n    \"108\": 0.58407,\n    \"109\": 0.17019,\n    _: \"9 11 12 15 16 17 18 19 20 21 22 23 24 25 26 27 28 29 30 31 32 33 34 35 37 38 39 41 42 43 44 45 46 47 48 49 50 51 52 53 54 55 56 57 58 60 62 63 64 65 66 67 68 69 70 71 72 73 74 75 76 77 78 79 80 81 82 83 84 85 87 88 89 90 91 92 93 94 96 97 98 100 101 102 103 104 106 9.5-9.6 10.0-10.1 10.5 10.6 11.1 11.5 11.6 12.1\"\n  },\n  B: {\n    \"18\": 0.00387,\n    \"89\": 0.00387,\n    \"92\": 0.08896,\n    \"98\": 0.00387,\n    \"100\": 0.00387,\n    \"102\": 0.00387,\n    \"109\": 0.03868,\n    \"110\": 0.0116,\n    \"114\": 0.03481,\n    \"115\": 0.00774,\n    \"116\": 0.00774,\n    \"117\": 0.0116,\n    \"119\": 0.00774,\n    \"120\": 0.02321,\n    \"121\": 0.02708,\n    \"122\": 0.33265,\n    \"123\": 3.16016,\n    \"124\": 1.52786,\n    _: \"12 13 14 15 16 17 79 80 81 83 84 85 86 87 88 90 91 93 94 95 96 97 99 101 103 104 105 106 107 108 111 112 113 118\"\n  },\n  E: {\n    \"14\": 0.00387,\n    _: \"0 4 5 6 7 8 9 10 11 12 13 15 3.1 3.2 6.1 7.1 9.1 10.1 11.1 12.1\",\n    \"5.1\": 0.0116,\n    \"13.1\": 0.0116,\n    \"14.1\": 0.01547,\n    \"15.1\": 0.00774,\n    \"15.2-15.3\": 0.00387,\n    \"15.4\": 0.00774,\n    \"15.5\": 0.00774,\n    \"15.6\": 0.09283,\n    \"16.0\": 0.0116,\n    \"16.1\": 0.01547,\n    \"16.2\": 0.01547,\n    \"16.3\": 0.03094,\n    \"16.4\": 0.02708,\n    \"16.5\": 0.05802,\n    \"16.6\": 0.11604,\n    \"17.0\": 0.03094,\n    \"17.1\": 0.03481,\n    \"17.2\": 0.07349,\n    \"17.3\": 0.15472,\n    \"17.4\": 0.61114,\n    \"17.5\": 0.01934\n  },\n  G: {\n    \"8\": 0,\n    \"3.2\": 0,\n    \"4.0-4.1\": 0,\n    \"4.2-4.3\": 0.00216,\n    \"5.0-5.1\": 0.00216,\n    \"6.0-6.1\": 0.0054,\n    \"7.0-7.1\": 0.00864,\n    \"8.1-8.4\": 0.00216,\n    \"9.0-9.2\": 0.0054,\n    \"9.3\": 0.027,\n    \"10.0-10.2\": 0.0054,\n    \"10.3\": 0.04319,\n    \"11.0-11.2\": 0.03671,\n    \"11.3-11.4\": 0.0108,\n    \"12.0-12.1\": 0.00756,\n    \"12.2-12.5\": 0.17601,\n    \"13.0-13.1\": 0.00324,\n    \"13.2\": 0.03563,\n    \"13.3\": 0.00864,\n    \"13.4-13.7\": 0.03348,\n    \"14.0-14.4\": 0.06587,\n    \"14.5-14.8\": 0.10043,\n    \"15.0-15.1\": 0.04643,\n    \"15.2-15.3\": 0.05291,\n    \"15.4\": 0.06047,\n    \"15.5\": 0.07667,\n    \"15.6-15.8\": 0.6695,\n    \"16.0\": 0.15658,\n    \"16.1\": 0.32611,\n    \"16.2\": 0.15658,\n    \"16.3\": 0.27644,\n    \"16.4\": 0.05723,\n    \"16.5\": 0.11986,\n    \"16.6-16.7\": 0.94702,\n    \"17.0\": 0.11338,\n    \"17.1\": 0.20949,\n    \"17.2\": 0.2786,\n    \"17.3\": 2.03227,\n    \"17.4\": 4.58718,\n    \"17.5\": 0.04211\n  },\n  P: {\n    \"4\": 0.18549,\n    \"20\": 0.03092,\n    \"21\": 0.06183,\n    \"22\": 0.09275,\n    \"23\": 0.28854,\n    \"24\": 1.81371,\n    \"5.0-5.4\": 0.01031,\n    \"6.2-6.4\": 0.03092,\n    \"7.2-7.4\": 0.10305,\n    _: \"8.2 10.1 12.0 15.0\",\n    \"9.2\": 0.01031,\n    \"11.1-11.2\": 0.06183,\n    \"13.0\": 0.02061,\n    \"14.0\": 0.01031,\n    \"16.0\": 0.04122,\n    \"17.0\": 0.02061,\n    \"18.0\": 0.01031,\n    \"19.0\": 0.06183\n  },\n  I: {\n    \"0\": 0.05496,\n    \"3\": 0,\n    \"4\": 0.00001,\n    \"2.1\": 0,\n    \"2.2\": 0,\n    \"2.3\": 0,\n    \"4.1\": 0.00001,\n    \"4.2-4.3\": 0.00003,\n    \"4.4\": 0,\n    \"4.4.3-4.4.4\": 0.00014\n  },\n  A: {\n    \"11\": 0.01547,\n    _: \"6 7 8 9 10 5.5\"\n  },\n  K: {\n    \"0\": 0.35566,\n    _: \"10 11 12 11.1 11.5 12.1\"\n  },\n  J: {\n    _: \"7 10\"\n  },\n  N: {\n    _: \"10 11\"\n  },\n  S: {\n    _: \"2.5 3.0-3.1\"\n  },\n  Q: {\n    _: \"14.9\"\n  },\n  O: {\n    \"0\": 0.07972\n  },\n  H: {\n    \"0\": 0\n  },\n  L: {\n    \"0\": 49.22382\n  },\n  R: {\n    _: \"0\"\n  },\n  M: {\n    \"0\": 0.18396\n  }\n};","map":{"version":3,"names":["module","exports","C","_","D","F","B","E","G","P","I","A","K","J","N","S","Q","O","H","L","R","M"],"sources":["C:/Users/chest/OneDrive/Documentos/GitHub/HackUPC/frontend/node_modules/caniuse-lite/data/regions/HN.js"],