{"ast":null,"code":"module.exports = {\n  C: {\n    \"34\": 0.00796,\n    \"39\": 0.01195,\n    \"52\": 0.00796,\n    \"53\": 0.01991,\n    \"78\": 0.00398,\n    \"83\": 0.00398,\n    \"88\": 0.00398,\n    \"110\": 0.00398,\n    \"113\": 0.00796,\n    \"114\": 0.00398,\n    \"115\": 0.20308,\n    \"119\": 0.00398,\n    \"120\": 0.00398,\n    \"121\": 0.00796,\n    \"122\": 0.00796,\n    \"123\": 0.02787,\n    \"124\": 0.61323,\n    \"125\": 0.3544,\n    \"126\": 0.00398,\n    _: \"2 3 4 5 6 7 8 9 10 11 12 13 14 15 16 17 18 19 20 21 22 23 24 25 26 27 28 29 30 31 32 33 35 36 37 38 40 41 42 43 44 45 46 47 48 49 50 51 54 55 56 57 58 59 60 61 62 63 64 65 66 67 68 69 70 71 72 73 74 75 76 77 79 80 81 82 84 85 86 87 89 90 91 92 93 94 95 96 97 98 99 100 101 102 103 104 105 106 107 108 109 111 112 116 117 118 127 128 3.5 3.6\"\n  },\n  D: {\n    \"29\": 0.01991,\n    \"34\": 0.00796,\n    \"38\": 0.01991,\n    \"47\": 0.00398,\n    \"49\": 0.00796,\n    \"53\": 0.00398,\n    \"55\": 0.01593,\n    \"56\": 0.00796,\n    \"65\": 0.00398,\n    \"66\": 0.00398,\n    \"67\": 0.00398,\n    \"68\": 0.00398,\n    \"70\": 0.00398,\n    \"72\": 0.00398,\n    \"74\": 0.00796,\n    \"75\": 0.00796,\n    \"76\": 0.00398,\n    \"77\": 0.00398,\n    \"78\": 0.00398,\n    \"79\": 0.05973,\n    \"80\": 0.00398,\n    \"81\": 0.01991,\n    \"83\": 0.00398,\n    \"84\": 0.00398,\n    \"85\": 0.00398,\n    \"86\": 0.02787,\n    \"87\": 0.06371,\n    \"88\": 0.01593,\n    \"89\": 0.01195,\n    \"90\": 0.00398,\n    \"91\": 0.01991,\n    \"92\": 0.00796,\n    \"93\": 0.01593,\n    \"94\": 0.05973,\n    \"95\": 0.00398,\n    \"96\": 0.03982,\n    \"97\": 0.01991,\n    \"98\": 0.01593,\n    \"99\": 0.07964,\n    \"100\": 0.00398,\n    \"101\": 0.00796,\n    \"102\": 0.0438,\n    \"103\": 0.77251,\n    \"104\": 0.00796,\n    \"105\": 0.0438,\n    \"106\": 0.00796,\n    \"107\": 0.01195,\n    \"108\": 0.02389,\n    \"109\": 1.83172,\n    \"110\": 0.00796,\n    \"111\": 0.02389,\n    \"112\": 0.02389,\n    \"113\": 0.01991,\n    \"114\": 0.04778,\n    \"115\": 0.01593,\n    \"116\": 0.10751,\n    \"117\": 0.13937,\n    \"118\": 0.03186,\n    \"119\": 0.08362,\n    \"120\": 0.14733,\n    \"121\": 0.20706,\n    \"122\": 0.82029,\n    \"123\": 17.62831,\n    \"124\": 6.6141,\n    \"125\": 0.03186,\n    \"126\": 0.00398,\n    _: \"4 5 6 7 8 9 10 11 12 13 14 15 16 17 18 19 20 21 22 23 24 25 26 27 28 30 31 32 33 35 36 37 39 40 41 42 43 44 45 46 48 50 51 52 54 57 58 59 60 61 62 63 64 69 71 73 127\"\n  },\n  F: {\n    \"28\": 0.01195,\n    \"36\": 0.01195,\n    \"46\": 0.01991,\n    \"95\": 0.01593,\n    \"107\": 0.32254,\n    \"108\": 0.17919,\n    \"109\": 0.05575,\n    _: \"9 11 12 15 16 17 18 19 20 21 22 23 24 25 26 27 29 30 31 32 33 34 35 37 38 39 40 41 42 43 44 45 47 48 49 50 51 52 53 54 55 56 57 58 60 62 63 64 65 66 67 68 69 70 71 72 73 74 75 76 77 78 79 80 81 82 83 84 85 86 87 88 89 90 91 92 93 94 96 97 98 99 100 101 102 103 104 105 106 9.5-9.6 10.0-10.1 10.5 10.6 11.1 11.5 11.6 12.1\"\n  },\n  B: {\n    \"92\": 0.00796,\n    \"108\": 0.00398,\n    \"109\": 0.0438,\n    \"113\": 0.00398,\n    \"114\": 0.00398,\n    \"115\": 0.00398,\n    \"117\": 0.00398,\n    \"118\": 0.00796,\n    \"119\": 0.00796,\n    \"120\": 0.01593,\n    \"121\": 0.01593,\n    \"122\": 0.12742,\n    \"123\": 1.97109,\n    \"124\": 0.86409,\n    _: \"12 13 14 15 16 17 18 79 80 81 83 84 85 86 87 88 89 90 91 93 94 95 96 97 98 99 100 101 102 103 104 105 106 107 110 111 112 116\"\n  },\n  E: {\n    \"13\": 0.00398,\n    \"14\": 0.03982,\n    \"15\": 0.00796,\n    _: \"0 4 5 6 7 8 9 10 11 12 3.1 3.2 5.1 6.1 7.1 9.1 10.1 11.1\",\n    \"12.1\": 0.00398,\n    \"13.1\": 0.01593,\n    \"14.1\": 0.09955,\n    \"15.1\": 0.01991,\n    \"15.2-15.3\": 0.01593,\n    \"15.4\": 0.03186,\n    \"15.5\": 0.06371,\n    \"15.6\": 0.24688,\n    \"16.0\": 0.02787,\n    \"16.1\": 0.07566,\n    \"16.2\": 0.04778,\n    \"16.3\": 0.16326,\n    \"16.4\": 0.03186,\n    \"16.5\": 0.07168,\n    \"16.6\": 0.3544,\n    \"17.0\": 0.04778,\n    \"17.1\": 0.10751,\n    \"17.2\": 0.20706,\n    \"17.3\": 0.54952,\n    \"17.4\": 1.21849,\n    \"17.5\": 0.00796\n  },\n  G: {\n    \"8\": 0,\n    \"3.2\": 0,\n    \"4.0-4.1\": 0,\n    \"4.2-4.3\": 0.00311,\n    \"5.0-5.1\": 0.00311,\n    \"6.0-6.1\": 0.00778,\n    \"7.0-7.1\": 0.01244,\n    \"8.1-8.4\": 0.00311,\n    \"9.0-9.2\": 0.00778,\n    \"9.3\": 0.03888,\n    \"10.0-10.2\": 0.00778,\n    \"10.3\": 0.06222,\n    \"11.0-11.2\": 0.05288,\n    \"11.3-11.4\": 0.01555,\n    \"12.0-12.1\": 0.01089,\n    \"12.2-12.5\": 0.25353,\n    \"13.0-13.1\": 0.00467,\n    \"13.2\": 0.05133,\n    \"13.3\": 0.01244,\n    \"13.4-13.7\": 0.04822,\n    \"14.0-14.4\": 0.09488,\n    \"14.5-14.8\": 0.14465,\n    \"15.0-15.1\": 0.06688,\n    \"15.2-15.3\": 0.07621,\n    \"15.4\": 0.0871,\n    \"15.5\": 0.11043,\n    \"15.6-15.8\": 0.96434,\n    \"16.0\": 0.22553,\n    \"16.1\": 0.46973,\n    \"16.2\": 0.22553,\n    \"16.3\": 0.39818,\n    \"16.4\": 0.08244,\n    \"16.5\": 0.17265,\n    \"16.6-16.7\": 1.36408,\n    \"17.0\": 0.16332,\n    \"17.1\": 0.30175,\n    \"17.2\": 0.40129,\n    \"17.3\": 2.92725,\n    \"17.4\": 6.60732,\n    \"17.5\": 0.06066\n  },\n  P: {\n    \"4\": 0.23152,\n    \"20\": 0.02105,\n    \"21\": 0.04209,\n    \"22\": 0.05262,\n    \"23\": 0.21047,\n    \"24\": 1.71532,\n    \"5.0-5.4\": 0.03157,\n    \"6.2-6.4\": 0.01052,\n    \"7.2-7.4\": 0.04209,\n    _: \"8.2 9.2 10.1 12.0 13.0 14.0\",\n    \"11.1-11.2\": 0.01052,\n    \"15.0\": 0.01052,\n    \"16.0\": 0.02105,\n    \"17.0\": 0.01052,\n    \"18.0\": 0.01052,\n    \"19.0\": 0.01052\n  },\n  I: {\n    \"0\": 0.02397,\n    \"3\": 0,\n    \"4\": 0,\n    \"2.1\": 0,\n    \"2.2\": 0,\n    \"2.3\": 0,\n    \"4.1\": 0,\n    \"4.2-4.3\": 0.00001,\n    \"4.4\": 0,\n    \"4.4.3-4.4.4\": 0.00006\n  },\n  A: {\n    \"8\": 0.0091,\n    \"11\": 0.05461,\n    _: \"6 7 9 10 5.5\"\n  },\n  K: {\n    \"0\": 0.76416,\n    _: \"10 11 12 11.1 11.5 12.1\"\n  },\n  J: {\n    _: \"7 10\"\n  },\n  N: {\n    _: \"10 11\"\n  },\n  S: {\n    _: \"2.5 3.0-3.1\"\n  },\n  Q: {\n    \"14.9\": 0.01203\n  },\n  O: {\n    \"0\": 0.81831\n  },\n  H: {\n    \"0\": 0\n  },\n  L: {\n    \"0\": 41.81928\n  },\n  R: {\n    _: \"0\"\n  },\n  M: {\n    \"0\": 0.27077\n  }\n};","map":{"version":3,"names":["module","exports","C","_","D","F","B","E","G","P","I","A","K","J","N","S","Q","O","H","L","R","M"],"sources":["C:/Users/chest/OneDrive/Documentos/GitHub/HackUPC/frontend/node_modules/caniuse-lite/data/regions/MY.js"],