{"ast":null,"code":"module.exports = {\n  C: {\n    \"4\": 0.25333,\n    \"35\": 0.00362,\n    \"40\": 0.00362,\n    \"52\": 0.0181,\n    \"60\": 0.00362,\n    \"73\": 0.04705,\n    \"84\": 0.00362,\n    \"88\": 0.01086,\n    \"93\": 0.00362,\n    \"103\": 0.01086,\n    \"106\": 0.00362,\n    \"107\": 0.00362,\n    \"113\": 0.00362,\n    \"115\": 0.38,\n    \"116\": 0.00362,\n    \"118\": 0.00362,\n    \"119\": 0.00724,\n    \"120\": 0.00362,\n    \"121\": 0.00362,\n    \"122\": 0.0181,\n    \"123\": 0.076,\n    \"124\": 0.81428,\n    \"125\": 0.35466,\n    _: \"2 3 5 6 7 8 9 10 11 12 13 14 15 16 17 18 19 20 21 22 23 24 25 26 27 28 29 30 31 32 33 34 36 37 38 39 41 42 43 44 45 46 47 48 49 50 51 53 54 55 56 57 58 59 61 62 63 64 65 66 67 68 69 70 71 72 74 75 76 77 78 79 80 81 82 83 85 86 87 89 90 91 92 94 95 96 97 98 99 100 101 102 104 105 108 109 110 111 112 114 117 126 127 128 3.5\",\n    \"3.6\": 0.00362\n  },\n  D: {\n    \"11\": 0.00724,\n    \"21\": 0.00362,\n    \"31\": 0.00362,\n    \"38\": 0.00362,\n    \"39\": 0.00362,\n    \"40\": 0.00362,\n    \"41\": 0.00724,\n    \"43\": 0.00362,\n    \"44\": 0.00724,\n    \"45\": 0.00724,\n    \"46\": 0.00724,\n    \"47\": 0.08686,\n    \"49\": 0.01086,\n    \"51\": 0.01086,\n    \"55\": 0.00362,\n    \"65\": 0.01448,\n    \"66\": 0.00362,\n    \"67\": 0.00362,\n    \"69\": 0.00724,\n    \"70\": 0.01448,\n    \"73\": 0.01086,\n    \"74\": 0.01086,\n    \"75\": 0.00362,\n    \"76\": 0.00362,\n    \"77\": 0.00362,\n    \"79\": 0.09048,\n    \"80\": 0.00724,\n    \"81\": 0.00724,\n    \"83\": 0.02895,\n    \"85\": 0.00362,\n    \"86\": 0.01086,\n    \"87\": 0.75637,\n    \"88\": 0.00724,\n    \"89\": 0.03619,\n    \"90\": 0.01086,\n    \"91\": 0.2099,\n    \"92\": 0.00362,\n    \"93\": 0.00362,\n    \"94\": 0.00362,\n    \"96\": 0.00362,\n    \"97\": 0.00362,\n    \"98\": 0.00362,\n    \"99\": 0.00724,\n    \"100\": 0.00724,\n    \"101\": 0.00724,\n    \"102\": 0.01448,\n    \"103\": 0.0181,\n    \"104\": 0.00362,\n    \"105\": 0.00724,\n    \"106\": 0.00724,\n    \"107\": 0.00724,\n    \"108\": 0.04343,\n    \"109\": 2.86625,\n    \"110\": 0.04343,\n    \"111\": 0.0579,\n    \"112\": 0.0181,\n    \"113\": 0.01086,\n    \"114\": 0.01448,\n    \"115\": 0.0181,\n    \"116\": 0.06514,\n    \"117\": 0.04705,\n    \"118\": 0.01086,\n    \"119\": 0.12305,\n    \"120\": 0.10857,\n    \"121\": 0.14838,\n    \"122\": 1.27389,\n    \"123\": 13.80649,\n    \"124\": 6.55401,\n    \"125\": 0.03257,\n    \"126\": 0.00724,\n    _: \"4 5 6 7 8 9 10 12 13 14 15 16 17 18 19 20 22 23 24 25 26 27 28 29 30 32 33 34 35 36 37 42 48 50 52 53 54 56 57 58 59 60 61 62 63 64 68 71 72 78 84 95 127\"\n  },\n  F: {\n    \"31\": 0.00362,\n    \"95\": 0.02171,\n    \"102\": 0.00724,\n    \"106\": 0.00362,\n    \"107\": 1.18341,\n    \"108\": 0.2859,\n    \"109\": 0.14476,\n    _: \"9 11 12 15 16 17 18 19 20 21 22 23 24 25 26 27 28 29 30 32 33 34 35 36 37 38 39 40 41 42 43 44 45 46 47 48 49 50 51 52 53 54 55 56 57 58 60 62 63 64 65 66 67 68 69 70 71 72 73 74 75 76 77 78 79 80 81 82 83 84 85 86 87 88 89 90 91 92 93 94 96 97 98 99 100 101 103 104 105 9.5-9.6 10.0-10.1 10.5 10.6 11.1 11.5 11.6\",\n    \"12.1\": 0.00362\n  },\n  B: {\n    \"12\": 0.00362,\n    \"18\": 0.01086,\n    \"84\": 0.00362,\n    \"89\": 0.00362,\n    \"92\": 0.01448,\n    \"100\": 0.00362,\n    \"101\": 0.00724,\n    \"109\": 0.03981,\n    \"110\": 0.00362,\n    \"113\": 0.00362,\n    \"114\": 0.00362,\n    \"115\": 0.00362,\n    \"116\": 0.01448,\n    \"117\": 0.00362,\n    \"118\": 0.00362,\n    \"119\": 0.01086,\n    \"120\": 0.02171,\n    \"121\": 0.03981,\n    \"122\": 0.17733,\n    \"123\": 2.18588,\n    \"124\": 1.01694,\n    _: \"13 14 15 16 17 79 80 81 83 85 86 87 88 90 91 93 94 95 96 97 98 99 102 103 104 105 106 107 108 111 112\"\n  },\n  E: {\n    \"9\": 0.01448,\n    \"13\": 0.00362,\n    \"14\": 0.00362,\n    \"15\": 0.00362,\n    _: \"0 4 5 6 7 8 10 11 12 3.1 3.2 6.1 7.1 9.1 10.1 11.1 15.1 15.2-15.3 15.5\",\n    \"5.1\": 0.00362,\n    \"12.1\": 0.00362,\n    \"13.1\": 0.00724,\n    \"14.1\": 0.01448,\n    \"15.4\": 0.00362,\n    \"15.6\": 0.04343,\n    \"16.0\": 0.00362,\n    \"16.1\": 0.01086,\n    \"16.2\": 0.02895,\n    \"16.3\": 0.02895,\n    \"16.4\": 0.00362,\n    \"16.5\": 0.00362,\n    \"16.6\": 0.09409,\n    \"17.0\": 0.00724,\n    \"17.1\": 0.02533,\n    \"17.2\": 0.05429,\n    \"17.3\": 0.11943,\n    \"17.4\": 0.23885,\n    \"17.5\": 0.01086\n  },\n  G: {\n    \"8\": 0,\n    \"3.2\": 0,\n    \"4.0-4.1\": 0,\n    \"4.2-4.3\": 0.00136,\n    \"5.0-5.1\": 0.00136,\n    \"6.0-6.1\": 0.0034,\n    \"7.0-7.1\": 0.00544,\n    \"8.1-8.4\": 0.00136,\n    \"9.0-9.2\": 0.0034,\n    \"9.3\": 0.01699,\n    \"10.0-10.2\": 0.0034,\n    \"10.3\": 0.02718,\n    \"11.0-11.2\": 0.02311,\n    \"11.3-11.4\": 0.0068,\n    \"12.0-12.1\": 0.00476,\n    \"12.2-12.5\": 0.11077,\n    \"13.0-13.1\": 0.00204,\n    \"13.2\": 0.02243,\n    \"13.3\": 0.00544,\n    \"13.4-13.7\": 0.02107,\n    \"14.0-14.4\": 0.04145,\n    \"14.5-14.8\": 0.0632,\n    \"15.0-15.1\": 0.02922,\n    \"15.2-15.3\": 0.0333,\n    \"15.4\": 0.03806,\n    \"15.5\": 0.04825,\n    \"15.6-15.8\": 0.42134,\n    \"16.0\": 0.09854,\n    \"16.1\": 0.20523,\n    \"16.2\": 0.09854,\n    \"16.3\": 0.17397,\n    \"16.4\": 0.03602,\n    \"16.5\": 0.07543,\n    \"16.6-16.7\": 0.59599,\n    \"17.0\": 0.07136,\n    \"17.1\": 0.13184,\n    \"17.2\": 0.17533,\n    \"17.3\": 1.27896,\n    \"17.4\": 2.88684,\n    \"17.5\": 0.0265\n  },\n  P: {\n    \"4\": 0.31552,\n    \"20\": 0.04071,\n    \"21\": 0.11196,\n    \"22\": 0.11196,\n    \"23\": 0.55979,\n    \"24\": 2.94146,\n    _: \"5.0-5.4 8.2 10.1\",\n    \"6.2-6.4\": 0.02036,\n    \"7.2-7.4\": 0.52926,\n    \"9.2\": 0.03053,\n    \"11.1-11.2\": 0.06107,\n    \"12.0\": 0.01018,\n    \"13.0\": 0.03053,\n    \"14.0\": 0.04071,\n    \"15.0\": 0.01018,\n    \"16.0\": 0.10178,\n    \"17.0\": 0.0916,\n    \"18.0\": 0.06107,\n    \"19.0\": 0.05089\n  },\n  I: {\n    \"0\": 0.12074,\n    \"3\": 0,\n    \"4\": 0.00001,\n    \"2.1\": 0,\n    \"2.2\": 0,\n    \"2.3\": 0,\n    \"4.1\": 0.00002,\n    \"4.2-4.3\": 0.00007,\n    \"4.4\": 0,\n    \"4.4.3-4.4.4\": 0.0003\n  },\n  A: {\n    \"6\": 0.00362,\n    \"7\": 0.00362,\n    \"8\": 0.03981,\n    \"9\": 0.00724,\n    \"10\": 0.00724,\n    \"11\": 0.03619,\n    _: \"5.5\"\n  },\n  K: {\n    \"0\": 0.34457,\n    _: \"10 11 12 11.1 11.5 12.1\"\n  },\n  J: {\n    _: \"7 10\"\n  },\n  N: {\n    _: \"10 11\"\n  },\n  S: {\n    \"2.5\": 0.00638,\n    _: \"3.0-3.1\"\n  },\n  Q: {\n    _: \"14.9\"\n  },\n  O: {\n    \"0\": 0.07657\n  },\n  H: {\n    \"0\": 0\n  },\n  L: {\n    \"0\": 51.84275\n  },\n  R: {\n    _: \"0\"\n  },\n  M: {\n    \"0\": 0.18505\n  }\n};","map":{"version":3,"names":["module","exports","C","_","D","F","B","E","G","P","I","A","K","J","N","S","Q","O","H","L","R","M"],"sources":["C:/Users/chest/OneDrive/Documentos/GitHub/HackUPC/frontend/node_modules/caniuse-lite/data/regions/PY.js"],