{"ast":null,"code":"module.exports = {\n  C: {\n    \"52\": 0.00394,\n    \"54\": 0.00197,\n    \"57\": 0.00394,\n    \"58\": 0.00197,\n    \"68\": 0.00592,\n    \"72\": 0.00592,\n    \"78\": 0.00394,\n    \"79\": 0.00197,\n    \"88\": 0.01578,\n    \"94\": 0.00197,\n    \"102\": 0.00394,\n    \"113\": 0.00197,\n    \"114\": 0.00789,\n    \"115\": 0.1479,\n    \"119\": 0.00197,\n    \"121\": 0.00197,\n    \"122\": 0.00592,\n    \"123\": 0.02169,\n    \"124\": 0.56005,\n    \"125\": 0.33918,\n    \"126\": 0.00592,\n    _: \"2 3 4 5 6 7 8 9 10 11 12 13 14 15 16 17 18 19 20 21 22 23 24 25 26 27 28 29 30 31 32 33 34 35 36 37 38 39 40 41 42 43 44 45 46 47 48 49 50 51 53 55 56 59 60 61 62 63 64 65 66 67 69 70 71 73 74 75 76 77 80 81 82 83 84 85 86 87 89 90 91 92 93 95 96 97 98 99 100 101 103 104 105 106 107 108 109 110 111 112 116 117 118 120 127 128 3.5 3.6\"\n  },\n  D: {\n    \"35\": 0.00197,\n    \"40\": 0.00197,\n    \"43\": 0.00197,\n    \"46\": 0.00592,\n    \"47\": 0.00394,\n    \"49\": 0.0138,\n    \"56\": 0.00394,\n    \"58\": 0.00394,\n    \"59\": 0.00197,\n    \"64\": 0.00394,\n    \"65\": 0.00986,\n    \"68\": 0.00789,\n    \"69\": 0.00394,\n    \"70\": 0.0138,\n    \"72\": 0.00394,\n    \"73\": 0.00394,\n    \"75\": 0.00197,\n    \"76\": 0.00394,\n    \"77\": 0.00592,\n    \"78\": 0.00197,\n    \"79\": 0.01578,\n    \"80\": 0.00986,\n    \"81\": 0.00789,\n    \"83\": 0.00592,\n    \"85\": 0.00789,\n    \"86\": 0.00197,\n    \"87\": 0.19128,\n    \"88\": 0.01972,\n    \"89\": 0.00592,\n    \"90\": 0.00789,\n    \"91\": 0.00986,\n    \"92\": 0.00197,\n    \"93\": 0.00789,\n    \"94\": 0.00789,\n    \"95\": 0.01972,\n    \"96\": 0.00394,\n    \"97\": 0.00394,\n    \"98\": 0.00394,\n    \"99\": 0.0493,\n    \"100\": 0.00394,\n    \"101\": 0.00986,\n    \"102\": 0.00986,\n    \"103\": 0.05324,\n    \"104\": 0.0493,\n    \"105\": 0.01972,\n    \"106\": 0.01183,\n    \"107\": 0.00789,\n    \"108\": 0.01775,\n    \"109\": 1.88326,\n    \"110\": 0.00394,\n    \"111\": 0.00394,\n    \"112\": 0.00197,\n    \"113\": 0.00394,\n    \"114\": 0.0138,\n    \"115\": 0.00394,\n    \"116\": 0.06508,\n    \"117\": 0.00394,\n    \"118\": 0.00789,\n    \"119\": 0.07296,\n    \"120\": 0.17156,\n    \"121\": 0.08282,\n    \"122\": 0.31946,\n    \"123\": 5.59851,\n    \"124\": 2.53402,\n    \"125\": 0.01578,\n    \"126\": 0.00197,\n    _: \"4 5 6 7 8 9 10 11 12 13 14 15 16 17 18 19 20 21 22 23 24 25 26 27 28 29 30 31 32 33 34 36 37 38 39 41 42 44 45 48 50 51 52 53 54 55 57 60 61 62 63 66 67 71 74 84 127\"\n  },\n  F: {\n    \"46\": 0.00197,\n    \"73\": 0.00197,\n    \"79\": 0.00197,\n    \"95\": 0.03352,\n    \"102\": 0.00197,\n    \"106\": 0.00197,\n    \"107\": 0.02958,\n    \"108\": 0.35102,\n    \"109\": 0.08282,\n    _: \"9 11 12 15 16 17 18 19 20 21 22 23 24 25 26 27 28 29 30 31 32 33 34 35 36 37 38 39 40 41 42 43 44 45 47 48 49 50 51 52 53 54 55 56 57 58 60 62 63 64 65 66 67 68 69 70 71 72 74 75 76 77 78 80 81 82 83 84 85 86 87 88 89 90 91 92 93 94 96 97 98 99 100 101 103 104 105 9.5-9.6 10.0-10.1 10.5 10.6 11.1 11.5 11.6 12.1\"\n  },\n  B: {\n    \"12\": 0.00394,\n    \"14\": 0.00197,\n    \"17\": 0.00394,\n    \"18\": 0.00986,\n    \"79\": 0.00197,\n    \"84\": 0.00197,\n    \"85\": 0.00197,\n    \"89\": 0.00197,\n    \"90\": 0.00197,\n    \"92\": 0.01578,\n    \"100\": 0.00197,\n    \"109\": 0.01183,\n    \"110\": 0.00986,\n    \"113\": 0.00197,\n    \"114\": 0.00394,\n    \"115\": 0.00197,\n    \"116\": 0.00986,\n    \"117\": 0.00197,\n    \"118\": 0.00197,\n    \"119\": 0.00789,\n    \"120\": 0.01972,\n    \"121\": 0.01183,\n    \"122\": 0.11832,\n    \"123\": 1.19503,\n    \"124\": 0.56991,\n    _: \"13 15 16 80 81 83 86 87 88 91 93 94 95 96 97 98 99 101 102 103 104 105 106 107 108 111 112\"\n  },\n  E: {\n    \"14\": 0.00394,\n    _: \"0 4 5 6 7 8 9 10 11 12 13 15 3.1 3.2 5.1 6.1 7.1 9.1 10.1 11.1 12.1 15.1 15.2-15.3 15.4 16.2 17.5\",\n    \"13.1\": 0.02169,\n    \"14.1\": 0.00592,\n    \"15.5\": 0.00394,\n    \"15.6\": 0.02958,\n    \"16.0\": 0.00197,\n    \"16.1\": 0.00197,\n    \"16.3\": 0.00789,\n    \"16.4\": 0.00394,\n    \"16.5\": 0.00789,\n    \"16.6\": 0.01578,\n    \"17.0\": 0.00394,\n    \"17.1\": 0.00986,\n    \"17.2\": 0.02761,\n    \"17.3\": 0.0493,\n    \"17.4\": 0.0986\n  },\n  G: {\n    \"8\": 0,\n    \"3.2\": 0,\n    \"4.0-4.1\": 0,\n    \"4.2-4.3\": 0.00308,\n    \"5.0-5.1\": 0.00308,\n    \"6.0-6.1\": 0.0077,\n    \"7.0-7.1\": 0.01232,\n    \"8.1-8.4\": 0.00308,\n    \"9.0-9.2\": 0.0077,\n    \"9.3\": 0.03849,\n    \"10.0-10.2\": 0.0077,\n    \"10.3\": 0.06159,\n    \"11.0-11.2\": 0.05235,\n    \"11.3-11.4\": 0.0154,\n    \"12.0-12.1\": 0.01078,\n    \"12.2-12.5\": 0.25098,\n    \"13.0-13.1\": 0.00462,\n    \"13.2\": 0.05081,\n    \"13.3\": 0.01232,\n    \"13.4-13.7\": 0.04773,\n    \"14.0-14.4\": 0.09393,\n    \"14.5-14.8\": 0.1432,\n    \"15.0-15.1\": 0.06621,\n    \"15.2-15.3\": 0.07545,\n    \"15.4\": 0.08623,\n    \"15.5\": 0.10932,\n    \"15.6-15.8\": 0.95466,\n    \"16.0\": 0.22327,\n    \"16.1\": 0.46501,\n    \"16.2\": 0.22327,\n    \"16.3\": 0.39418,\n    \"16.4\": 0.08161,\n    \"16.5\": 0.17091,\n    \"16.6-16.7\": 1.35038,\n    \"17.0\": 0.16168,\n    \"17.1\": 0.29872,\n    \"17.2\": 0.39726,\n    \"17.3\": 2.89785,\n    \"17.4\": 6.54094,\n    \"17.5\": 0.06005\n  },\n  P: {\n    \"4\": 0.03138,\n    \"20\": 0.01046,\n    \"21\": 0.0523,\n    \"22\": 0.06276,\n    \"23\": 0.17783,\n    \"24\": 0.5858,\n    \"5.0-5.4\": 0.01046,\n    _: \"6.2-6.4 8.2 9.2 13.0 15.0\",\n    \"7.2-7.4\": 0.26152,\n    \"10.1\": 0.01046,\n    \"11.1-11.2\": 0.03138,\n    \"12.0\": 0.01046,\n    \"14.0\": 0.01046,\n    \"16.0\": 0.02092,\n    \"17.0\": 0.01046,\n    \"18.0\": 0.01046,\n    \"19.0\": 0.0523\n  },\n  I: {\n    \"0\": 0.02399,\n    \"3\": 0,\n    \"4\": 0,\n    \"2.1\": 0,\n    \"2.2\": 0,\n    \"2.3\": 0,\n    \"4.1\": 0,\n    \"4.2-4.3\": 0.00001,\n    \"4.4\": 0,\n    \"4.4.3-4.4.4\": 0.00006\n  },\n  A: {\n    \"11\": 0.00197,\n    _: \"6 7 8 9 10 5.5\"\n  },\n  K: {\n    \"0\": 0.64125,\n    _: \"10 11 12 11.1 11.5 12.1\"\n  },\n  J: {\n    _: \"7 10\"\n  },\n  N: {\n    _: \"10 11\"\n  },\n  S: {\n    \"2.5\": 0.00803,\n    _: \"3.0-3.1\"\n  },\n  Q: {\n    \"14.9\": 0.00803\n  },\n  O: {\n    \"0\": 0.08831\n  },\n  H: {\n    \"0\": 0.29\n  },\n  L: {\n    \"0\": 66.27511\n  },\n  R: {\n    _: \"0\"\n  },\n  M: {\n    \"0\": 0.08831\n  }\n};","map":{"version":3,"names":["module","exports","C","_","D","F","B","E","G","P","I","A","K","J","N","S","Q","O","H","L","R","M"],"sources":["C:/Users/chest/OneDrive/Documentos/GitHub/HackUPC/frontend/node_modules/caniuse-lite/data/regions/CI.js"],