{"ast":null,"code":"module.exports = {\n  C: {\n    \"4\": 0.22976,\n    \"43\": 0.00145,\n    \"47\": 0.00289,\n    \"57\": 0.01445,\n    \"60\": 0.00145,\n    \"95\": 0.00145,\n    \"115\": 0.03902,\n    \"119\": 0.01156,\n    \"120\": 0.00578,\n    \"121\": 0.00145,\n    \"122\": 0.00578,\n    \"123\": 0.01301,\n    \"124\": 0.26444,\n    \"125\": 0.2182,\n    \"126\": 0.05202,\n    _: \"2 3 5 6 7 8 9 10 11 12 13 14 15 16 17 18 19 20 21 22 23 24 25 26 27 28 29 30 31 32 33 34 35 36 37 38 39 40 41 42 44 45 46 48 49 50 51 52 53 54 55 56 58 59 61 62 63 64 65 66 67 68 69 70 71 72 73 74 75 76 77 78 79 80 81 82 83 84 85 86 87 88 89 90 91 92 93 94 96 97 98 99 100 101 102 103 104 105 106 107 108 109 110 111 112 113 114 116 117 118 127 128 3.5 3.6\"\n  },\n  D: {\n    \"11\": 0.00145,\n    \"29\": 0.00145,\n    \"33\": 0.00289,\n    \"39\": 0.00145,\n    \"43\": 0.00289,\n    \"46\": 0.00145,\n    \"50\": 0.00867,\n    \"58\": 0.00289,\n    \"60\": 0.00289,\n    \"63\": 0.02457,\n    \"64\": 0.00867,\n    \"65\": 0.01156,\n    \"66\": 0.00145,\n    \"67\": 0.00145,\n    \"68\": 0.00289,\n    \"69\": 0.01301,\n    \"70\": 0.00145,\n    \"71\": 0.00145,\n    \"72\": 0.01301,\n    \"74\": 0.00434,\n    \"75\": 0.05058,\n    \"76\": 0.00723,\n    \"77\": 0.00289,\n    \"79\": 0.00578,\n    \"80\": 0.00434,\n    \"81\": 0.00578,\n    \"83\": 0.00434,\n    \"84\": 0.00289,\n    \"86\": 0.00289,\n    \"87\": 0.00867,\n    \"88\": 0.00723,\n    \"90\": 0.00434,\n    \"91\": 0.00289,\n    \"92\": 0.00289,\n    \"93\": 0.05058,\n    \"94\": 0.00145,\n    \"95\": 0.00145,\n    \"96\": 0.00145,\n    \"98\": 0.00145,\n    \"99\": 0.00723,\n    \"100\": 0.00145,\n    \"101\": 0.00434,\n    \"102\": 0.0159,\n    \"103\": 0.07659,\n    \"104\": 0.00145,\n    \"105\": 0.00723,\n    \"106\": 0.00578,\n    \"107\": 0.01445,\n    \"108\": 0.01445,\n    \"109\": 0.18063,\n    \"110\": 0.00723,\n    \"111\": 0.02023,\n    \"112\": 0.00578,\n    \"113\": 0.00723,\n    \"114\": 0.00578,\n    \"115\": 0.00145,\n    \"116\": 0.03179,\n    \"117\": 0.03468,\n    \"118\": 0.01301,\n    \"119\": 0.02746,\n    \"120\": 0.05491,\n    \"121\": 0.19219,\n    \"122\": 0.30345,\n    \"123\": 3.13565,\n    \"124\": 0.96093,\n    \"125\": 0.00723,\n    _: \"4 5 6 7 8 9 10 12 13 14 15 16 17 18 19 20 21 22 23 24 25 26 27 28 30 31 32 34 35 36 37 38 40 41 42 44 45 47 48 49 51 52 53 54 55 56 57 59 61 62 73 78 85 89 97 126 127\"\n  },\n  F: {\n    \"37\": 0.00289,\n    \"42\": 0.00145,\n    \"46\": 0.01156,\n    \"48\": 0.00145,\n    \"65\": 0.01301,\n    \"74\": 0.00145,\n    \"79\": 0.01156,\n    \"81\": 0.00145,\n    \"82\": 0.00145,\n    \"89\": 0.00289,\n    \"90\": 0.01012,\n    \"95\": 0.01879,\n    \"106\": 0.00145,\n    \"107\": 0.01156,\n    \"108\": 0.34825,\n    \"109\": 0.08381,\n    _: \"9 11 12 15 16 17 18 19 20 21 22 23 24 25 26 27 28 29 30 31 32 33 34 35 36 38 39 40 41 43 44 45 47 49 50 51 52 53 54 55 56 57 58 60 62 63 64 66 67 68 69 70 71 72 73 75 76 77 78 80 83 84 85 86 87 88 91 92 93 94 96 97 98 99 100 101 102 103 104 105 9.5-9.6 10.0-10.1 10.5 10.6 11.1 11.5 11.6 12.1\"\n  },\n  B: {\n    \"12\": 0.0159,\n    \"13\": 0.00578,\n    \"14\": 0.00578,\n    \"15\": 0.01879,\n    \"16\": 0.00578,\n    \"17\": 0.00578,\n    \"18\": 0.07514,\n    \"84\": 0.00723,\n    \"85\": 0.00145,\n    \"89\": 0.00434,\n    \"90\": 0.00289,\n    \"92\": 0.03179,\n    \"100\": 0.00723,\n    \"107\": 0.00145,\n    \"108\": 0.01879,\n    \"109\": 0.00145,\n    \"111\": 0.00145,\n    \"112\": 0.01156,\n    \"113\": 0.00145,\n    \"114\": 0.00145,\n    \"115\": 0.00145,\n    \"116\": 0.00434,\n    \"117\": 0.01012,\n    \"118\": 0.00289,\n    \"119\": 0.01012,\n    \"120\": 0.01445,\n    \"121\": 0.01734,\n    \"122\": 0.14739,\n    \"123\": 1.32507,\n    \"124\": 0.50431,\n    _: \"79 80 81 83 86 87 88 91 93 94 95 96 97 98 99 101 102 103 104 105 106 110\"\n  },\n  E: {\n    \"12\": 0.00145,\n    \"14\": 0.03324,\n    _: \"0 4 5 6 7 8 9 10 11 13 15 3.1 3.2 6.1 9.1 10.1 12.1 15.1 15.4 16.4\",\n    \"5.1\": 0.00289,\n    \"7.1\": 0.00145,\n    \"11.1\": 0.00578,\n    \"13.1\": 0.01879,\n    \"14.1\": 0.0159,\n    \"15.2-15.3\": 0.00145,\n    \"15.5\": 0.00145,\n    \"15.6\": 0.05925,\n    \"16.0\": 0.00145,\n    \"16.1\": 0.00434,\n    \"16.2\": 0.00145,\n    \"16.3\": 0.00434,\n    \"16.5\": 0.00578,\n    \"16.6\": 0.06936,\n    \"17.0\": 0.00145,\n    \"17.1\": 0.02601,\n    \"17.2\": 0.02601,\n    \"17.3\": 0.03179,\n    \"17.4\": 0.03613,\n    \"17.5\": 0.00145\n  },\n  G: {\n    \"8\": 0,\n    \"3.2\": 0,\n    \"4.0-4.1\": 0,\n    \"4.2-4.3\": 0.00123,\n    \"5.0-5.1\": 0.00123,\n    \"6.0-6.1\": 0.00307,\n    \"7.0-7.1\": 0.00491,\n    \"8.1-8.4\": 0.00123,\n    \"9.0-9.2\": 0.00307,\n    \"9.3\": 0.01536,\n    \"10.0-10.2\": 0.00307,\n    \"10.3\": 0.02457,\n    \"11.0-11.2\": 0.02088,\n    \"11.3-11.4\": 0.00614,\n    \"12.0-12.1\": 0.0043,\n    \"12.2-12.5\": 0.10012,\n    \"13.0-13.1\": 0.00184,\n    \"13.2\": 0.02027,\n    \"13.3\": 0.00491,\n    \"13.4-13.7\": 0.01904,\n    \"14.0-14.4\": 0.03747,\n    \"14.5-14.8\": 0.05713,\n    \"15.0-15.1\": 0.02641,\n    \"15.2-15.3\": 0.0301,\n    \"15.4\": 0.0344,\n    \"15.5\": 0.04361,\n    \"15.6-15.8\": 0.38083,\n    \"16.0\": 0.08907,\n    \"16.1\": 0.1855,\n    \"16.2\": 0.08907,\n    \"16.3\": 0.15725,\n    \"16.4\": 0.03256,\n    \"16.5\": 0.06818,\n    \"16.6-16.7\": 0.5387,\n    \"17.0\": 0.0645,\n    \"17.1\": 0.11916,\n    \"17.2\": 0.15848,\n    \"17.3\": 1.15602,\n    \"17.4\": 2.60933,\n    \"17.5\": 0.02396\n  },\n  P: {\n    \"4\": 0.2324,\n    \"20\": 0.0101,\n    \"21\": 0.06063,\n    \"22\": 0.06063,\n    \"23\": 0.15156,\n    \"24\": 0.50522,\n    \"5.0-5.4\": 0.03031,\n    \"6.2-6.4\": 0.02021,\n    \"7.2-7.4\": 0.09094,\n    \"8.2\": 0.0101,\n    \"9.2\": 0.02021,\n    _: \"10.1 12.0 13.0 14.0 15.0 18.0\",\n    \"11.1-11.2\": 0.0101,\n    \"16.0\": 0.03031,\n    \"17.0\": 0.0101,\n    \"19.0\": 0.03031\n  },\n  I: {\n    \"0\": 0.0426,\n    \"3\": 0,\n    \"4\": 0,\n    \"2.1\": 0,\n    \"2.2\": 0,\n    \"2.3\": 0,\n    \"4.1\": 0.00001,\n    \"4.2-4.3\": 0.00003,\n    \"4.4\": 0,\n    \"4.4.3-4.4.4\": 0.00011\n  },\n  A: {\n    \"10\": 0.00289,\n    \"11\": 0.03468,\n    _: \"6 7 8 9 5.5\"\n  },\n  K: {\n    \"0\": 9.64744,\n    _: \"10 11 12 11.1 11.5 12.1\"\n  },\n  J: {\n    _: \"7 10\"\n  },\n  N: {\n    _: \"10 11\"\n  },\n  S: {\n    \"2.5\": 0.05133,\n    _: \"3.0-3.1\"\n  },\n  Q: {\n    \"14.9\": 0.00856\n  },\n  O: {\n    \"0\": 0.26521\n  },\n  H: {\n    \"0\": 5.82\n  },\n  L: {\n    \"0\": 66.69409\n  },\n  R: {\n    _: \"0\"\n  },\n  M: {\n    \"0\": 0.03422\n  }\n};","map":{"version":3,"names":["module","exports","C","_","D","F","B","E","G","P","I","A","K","J","N","S","Q","O","H","L","R","M"],"sources":["C:/Users/chest/OneDrive/Documentos/GitHub/HackUPC/frontend/node_modules/caniuse-lite/data/regions/SL.js"],