{"ast":null,"code":"module.exports = {\n  C: {\n    \"61\": 0.00636,\n    \"72\": 0.00636,\n    \"78\": 0.00954,\n    \"115\": 0.09543,\n    \"118\": 0.00636,\n    \"123\": 0.00318,\n    \"124\": 0.35945,\n    \"125\": 0.2004,\n    _: \"2 3 4 5 6 7 8 9 10 11 12 13 14 15 16 17 18 19 20 21 22 23 24 25 26 27 28 29 30 31 32 33 34 35 36 37 38 39 40 41 42 43 44 45 46 47 48 49 50 51 52 53 54 55 56 57 58 59 60 62 63 64 65 66 67 68 69 70 71 73 74 75 76 77 79 80 81 82 83 84 85 86 87 88 89 90 91 92 93 94 95 96 97 98 99 100 101 102 103 104 105 106 107 108 109 110 111 112 113 114 116 117 119 120 121 122 126 127 128 3.5 3.6\"\n  },\n  D: {\n    \"37\": 0.00318,\n    \"43\": 0.00318,\n    \"49\": 0.00636,\n    \"50\": 0.00318,\n    \"55\": 0.01909,\n    \"59\": 0.00636,\n    \"65\": 0.00318,\n    \"68\": 0.00318,\n    \"69\": 0.00318,\n    \"70\": 0.00318,\n    \"73\": 0.00636,\n    \"74\": 0.03181,\n    \"75\": 0.02227,\n    \"76\": 0.00318,\n    \"79\": 0.01909,\n    \"80\": 0.00318,\n    \"83\": 0.00954,\n    \"84\": 0.00318,\n    \"87\": 0.02545,\n    \"88\": 0.00954,\n    \"90\": 0.00318,\n    \"91\": 0.06044,\n    \"93\": 0.01272,\n    \"95\": 0.00318,\n    \"99\": 0.23221,\n    \"100\": 0.00318,\n    \"102\": 0.00636,\n    \"103\": 0.03817,\n    \"105\": 0.00954,\n    \"106\": 0.00636,\n    \"108\": 0.00318,\n    \"109\": 0.85569,\n    \"112\": 0.00318,\n    \"113\": 0.09225,\n    \"115\": 0.00318,\n    \"116\": 0.15905,\n    \"117\": 0.00636,\n    \"118\": 0.00636,\n    \"119\": 0.10179,\n    \"120\": 0.09225,\n    \"121\": 0.17814,\n    \"122\": 1.08472,\n    \"123\": 11.27983,\n    \"124\": 4.29753,\n    \"125\": 0.05408,\n    _: \"4 5 6 7 8 9 10 11 12 13 14 15 16 17 18 19 20 21 22 23 24 25 26 27 28 29 30 31 32 33 34 35 36 38 39 40 41 42 44 45 46 47 48 51 52 53 54 56 57 58 60 61 62 63 64 66 67 71 72 77 78 81 85 86 89 92 94 96 97 98 101 104 107 110 111 114 126 127\"\n  },\n  F: {\n    \"95\": 0.01909,\n    \"106\": 0.00318,\n    \"107\": 0.95112,\n    \"108\": 0.43898,\n    \"109\": 0.09543,\n    _: \"9 11 12 15 16 17 18 19 20 21 22 23 24 25 26 27 28 29 30 31 32 33 34 35 36 37 38 39 40 41 42 43 44 45 46 47 48 49 50 51 52 53 54 55 56 57 58 60 62 63 64 65 66 67 68 69 70 71 72 73 74 75 76 77 78 79 80 81 82 83 84 85 86 87 88 89 90 91 92 93 94 96 97 98 99 100 101 102 103 104 105 9.5-9.6 10.0-10.1 10.5 10.6 11.1 11.5 11.6 12.1\"\n  },\n  B: {\n    \"18\": 0.00318,\n    \"83\": 0.00318,\n    \"89\": 0.00318,\n    \"90\": 0.00318,\n    \"92\": 0.02545,\n    \"99\": 0.00636,\n    \"101\": 0.00318,\n    \"109\": 0.02227,\n    \"112\": 0.01591,\n    \"114\": 0.00954,\n    \"115\": 0.00318,\n    \"117\": 0.01272,\n    \"119\": 0.13678,\n    \"120\": 0.15587,\n    \"121\": 0.02863,\n    \"122\": 0.69664,\n    \"123\": 3.62634,\n    \"124\": 1.42827,\n    _: \"12 13 14 15 16 17 79 80 81 84 85 86 87 88 91 93 94 95 96 97 98 100 102 103 104 105 106 107 108 110 111 113 116 118\"\n  },\n  E: {\n    \"14\": 0.00954,\n    _: \"0 4 5 6 7 8 9 10 11 12 13 15 3.1 3.2 5.1 6.1 7.1 9.1 10.1 12.1 15.4 16.0\",\n    \"11.1\": 0.00318,\n    \"13.1\": 0.02227,\n    \"14.1\": 0.0509,\n    \"15.1\": 0.04135,\n    \"15.2-15.3\": 0.00318,\n    \"15.5\": 0.00954,\n    \"15.6\": 0.07316,\n    \"16.1\": 0.06362,\n    \"16.2\": 0.00318,\n    \"16.3\": 0.00636,\n    \"16.4\": 0.00318,\n    \"16.5\": 0.16859,\n    \"16.6\": 0.1336,\n    \"17.0\": 0.00318,\n    \"17.1\": 0.00954,\n    \"17.2\": 0.05408,\n    \"17.3\": 0.13996,\n    \"17.4\": 0.16541,\n    \"17.5\": 0.01272\n  },\n  G: {\n    \"8\": 0,\n    \"3.2\": 0,\n    \"4.0-4.1\": 0,\n    \"4.2-4.3\": 0.00228,\n    \"5.0-5.1\": 0.00228,\n    \"6.0-6.1\": 0.00569,\n    \"7.0-7.1\": 0.00911,\n    \"8.1-8.4\": 0.00228,\n    \"9.0-9.2\": 0.00569,\n    \"9.3\": 0.02847,\n    \"10.0-10.2\": 0.00569,\n    \"10.3\": 0.04556,\n    \"11.0-11.2\": 0.03872,\n    \"11.3-11.4\": 0.01139,\n    \"12.0-12.1\": 0.00797,\n    \"12.2-12.5\": 0.18565,\n    \"13.0-13.1\": 0.00342,\n    \"13.2\": 0.03759,\n    \"13.3\": 0.00911,\n    \"13.4-13.7\": 0.03531,\n    \"14.0-14.4\": 0.06948,\n    \"14.5-14.8\": 0.10592,\n    \"15.0-15.1\": 0.04897,\n    \"15.2-15.3\": 0.05581,\n    \"15.4\": 0.06378,\n    \"15.5\": 0.08086,\n    \"15.6-15.8\": 0.70614,\n    \"16.0\": 0.16515,\n    \"16.1\": 0.34396,\n    \"16.2\": 0.16515,\n    \"16.3\": 0.29157,\n    \"16.4\": 0.06036,\n    \"16.5\": 0.12642,\n    \"16.6-16.7\": 0.99885,\n    \"17.0\": 0.11959,\n    \"17.1\": 0.22095,\n    \"17.2\": 0.29385,\n    \"17.3\": 2.14349,\n    \"17.4\": 4.83822,\n    \"17.5\": 0.04442\n  },\n  P: {\n    \"4\": 0.09343,\n    \"20\": 0.03114,\n    \"21\": 0.15571,\n    \"22\": 0.04152,\n    \"23\": 0.33218,\n    \"24\": 1.22492,\n    _: \"5.0-5.4 6.2-6.4 8.2 9.2 10.1 12.0\",\n    \"7.2-7.4\": 0.11419,\n    \"11.1-11.2\": 0.19723,\n    \"13.0\": 0.01038,\n    \"14.0\": 0.02076,\n    \"15.0\": 0.12457,\n    \"16.0\": 0.06228,\n    \"17.0\": 0.02076,\n    \"18.0\": 0.01038,\n    \"19.0\": 0.10381\n  },\n  I: {\n    \"0\": 0.0883,\n    \"3\": 0,\n    \"4\": 0.00001,\n    \"2.1\": 0,\n    \"2.2\": 0,\n    \"2.3\": 0,\n    \"4.1\": 0.00002,\n    \"4.2-4.3\": 0.00005,\n    \"4.4\": 0,\n    \"4.4.3-4.4.4\": 0.00022\n  },\n  A: {\n    \"11\": 0.01591,\n    _: \"6 7 8 9 10 5.5\"\n  },\n  K: {\n    \"0\": 0.16368,\n    _: \"10 11 12 11.1 11.5 12.1\"\n  },\n  J: {\n    _: \"7 10\"\n  },\n  N: {\n    _: \"10 11\"\n  },\n  S: {\n    \"2.5\": 0.00682,\n    _: \"3.0-3.1\"\n  },\n  Q: {\n    _: \"14.9\"\n  },\n  O: {\n    \"0\": 0.11594\n  },\n  H: {\n    \"0\": 0\n  },\n  L: {\n    \"0\": 56.85692\n  },\n  R: {\n    _: \"0\"\n  },\n  M: {\n    \"0\": 0.25234\n  }\n};","map":{"version":3,"names":["module","exports","C","_","D","F","B","E","G","P","I","A","K","J","N","S","Q","O","H","L","R","M"],"sources":["C:/Users/chest/OneDrive/Documentos/GitHub/HackUPC/frontend/node_modules/caniuse-lite/data/regions/CV.js"],