{"ast":null,"code":"module.exports = {\n  C: {\n    \"4\": 0.00519,\n    \"11\": 0.06222,\n    \"17\": 0.00519,\n    \"38\": 0.00519,\n    \"43\": 0.00519,\n    \"44\": 0.02593,\n    \"45\": 0.00519,\n    \"48\": 0.00519,\n    \"52\": 0.02074,\n    \"59\": 0.00519,\n    \"72\": 0.00519,\n    \"78\": 0.03111,\n    \"83\": 0.00519,\n    \"88\": 0.01037,\n    \"91\": 0.00519,\n    \"93\": 0.00519,\n    \"94\": 0.01556,\n    \"102\": 0.01037,\n    \"103\": 0.01037,\n    \"104\": 0.02074,\n    \"105\": 0.00519,\n    \"107\": 0.00519,\n    \"108\": 0.00519,\n    \"109\": 0.00519,\n    \"110\": 0.00519,\n    \"112\": 0.00519,\n    \"113\": 0.01037,\n    \"114\": 0.00519,\n    \"115\": 0.38369,\n    \"116\": 0.00519,\n    \"117\": 0.01037,\n    \"118\": 0.52369,\n    \"119\": 0.00519,\n    \"120\": 0.00519,\n    \"121\": 0.02074,\n    \"122\": 0.02074,\n    \"123\": 0.08815,\n    \"124\": 1.57624,\n    \"125\": 0.70516,\n    \"126\": 0.00519,\n    _: \"2 3 5 6 7 8 9 10 12 13 14 15 16 18 19 20 21 22 23 24 25 26 27 28 29 30 31 32 33 34 35 36 37 39 40 41 42 46 47 49 50 51 53 54 55 56 57 58 60 61 62 63 64 65 66 67 68 69 70 71 73 74 75 76 77 79 80 81 82 84 85 86 87 89 90 92 95 96 97 98 99 100 101 106 111 127 128 3.5 3.6\"\n  },\n  D: {\n    \"38\": 0.00519,\n    \"41\": 0.00519,\n    \"43\": 0.00519,\n    \"47\": 0.00519,\n    \"48\": 0.06741,\n    \"49\": 0.03111,\n    \"51\": 0.00519,\n    \"52\": 0.00519,\n    \"53\": 0.00519,\n    \"56\": 0.04667,\n    \"62\": 0.00519,\n    \"65\": 0.00519,\n    \"66\": 0.02593,\n    \"67\": 0.00519,\n    \"68\": 0.00519,\n    \"69\": 0.01037,\n    \"70\": 0.00519,\n    \"71\": 0.00519,\n    \"72\": 0.00519,\n    \"74\": 0.01037,\n    \"75\": 0.01037,\n    \"76\": 0.02074,\n    \"77\": 0.00519,\n    \"78\": 0.01037,\n    \"79\": 0.18666,\n    \"80\": 0.02593,\n    \"81\": 0.05704,\n    \"83\": 0.11407,\n    \"84\": 0.01037,\n    \"85\": 0.06741,\n    \"86\": 0.58591,\n    \"87\": 0.06222,\n    \"88\": 0.02074,\n    \"89\": 0.02593,\n    \"90\": 0.01037,\n    \"91\": 0.08296,\n    \"92\": 0.01037,\n    \"93\": 0.05185,\n    \"94\": 0.0363,\n    \"95\": 0.01037,\n    \"96\": 0.02074,\n    \"97\": 0.01556,\n    \"98\": 0.01037,\n    \"99\": 0.02593,\n    \"100\": 0.60665,\n    \"101\": 1.15107,\n    \"102\": 0.58072,\n    \"103\": 1.01626,\n    \"104\": 0.61702,\n    \"105\": 0.08815,\n    \"106\": 0.0363,\n    \"107\": 0.02593,\n    \"108\": 0.05185,\n    \"109\": 0.6585,\n    \"110\": 0.04667,\n    \"111\": 0.03111,\n    \"112\": 0.04148,\n    \"113\": 0.12963,\n    \"114\": 0.23333,\n    \"115\": 0.05704,\n    \"116\": 0.30592,\n    \"117\": 0.35777,\n    \"118\": 0.2437,\n    \"119\": 0.30073,\n    \"120\": 0.59109,\n    \"121\": 1.12515,\n    \"122\": 2.64435,\n    \"123\": 13.81803,\n    \"124\": 4.78576,\n    \"125\": 0.05704,\n    \"126\": 0.02074,\n    _: \"4 5 6 7 8 9 10 11 12 13 14 15 16 17 18 19 20 21 22 23 24 25 26 27 28 29 30 31 32 33 34 35 36 37 39 40 42 44 45 46 50 54 55 57 58 59 60 61 63 64 73 127\"\n  },\n  F: {\n    \"95\": 0.03111,\n    \"102\": 0.00519,\n    \"106\": 0.00519,\n    \"107\": 0.53406,\n    \"108\": 0.21259,\n    \"109\": 0.08815,\n    _: \"9 11 12 15 16 17 18 19 20 21 22 23 24 25 26 27 28 29 30 31 32 33 34 35 36 37 38 39 40 41 42 43 44 45 46 47 48 49 50 51 52 53 54 55 56 57 58 60 62 63 64 65 66 67 68 69 70 71 72 73 74 75 76 77 78 79 80 81 82 83 84 85 86 87 88 89 90 91 92 93 94 96 97 98 99 100 101 103 104 105 9.5-9.6 10.0-10.1 10.5 10.6 11.1 11.5 11.6 12.1\"\n  },\n  B: {\n    \"12\": 0.00519,\n    \"17\": 0.00519,\n    \"18\": 0.00519,\n    \"85\": 0.00519,\n    \"87\": 0.00519,\n    \"92\": 0.00519,\n    \"107\": 0.00519,\n    \"108\": 0.00519,\n    \"109\": 0.08296,\n    \"110\": 0.00519,\n    \"111\": 0.00519,\n    \"112\": 0.00519,\n    \"113\": 0.00519,\n    \"114\": 0.01037,\n    \"115\": 0.00519,\n    \"116\": 0.00519,\n    \"117\": 0.01037,\n    \"118\": 0.00519,\n    \"119\": 0.01556,\n    \"120\": 0.04148,\n    \"121\": 0.05704,\n    \"122\": 0.43036,\n    \"123\": 4.57836,\n    \"124\": 1.92882,\n    _: \"13 14 15 16 79 80 81 83 84 86 88 89 90 91 93 94 95 96 97 98 99 100 101 102 103 104 105 106\"\n  },\n  E: {\n    \"8\": 0.00519,\n    \"9\": 0.01037,\n    \"13\": 0.01037,\n    \"14\": 0.07778,\n    \"15\": 0.01556,\n    _: \"0 4 5 6 7 10 11 12 3.1 3.2 6.1 7.1 10.1\",\n    \"5.1\": 0.00519,\n    \"9.1\": 0.01556,\n    \"11.1\": 0.00519,\n    \"12.1\": 0.02593,\n    \"13.1\": 0.17111,\n    \"14.1\": 0.18666,\n    \"15.1\": 0.10889,\n    \"15.2-15.3\": 0.02074,\n    \"15.4\": 0.04148,\n    \"15.5\": 0.05185,\n    \"15.6\": 0.45628,\n    \"16.0\": 0.07778,\n    \"16.1\": 0.09333,\n    \"16.2\": 0.08815,\n    \"16.3\": 0.21259,\n    \"16.4\": 0.08296,\n    \"16.5\": 0.14518,\n    \"16.6\": 0.77257,\n    \"17.0\": 0.08296,\n    \"17.1\": 0.19185,\n    \"17.2\": 0.31629,\n    \"17.3\": 0.88145,\n    \"17.4\": 2.57176,\n    \"17.5\": 0.02074\n  },\n  G: {\n    \"8\": 0,\n    \"3.2\": 0,\n    \"4.0-4.1\": 0,\n    \"4.2-4.3\": 0.00479,\n    \"5.0-5.1\": 0.00479,\n    \"6.0-6.1\": 0.01197,\n    \"7.0-7.1\": 0.01915,\n    \"8.1-8.4\": 0.00479,\n    \"9.0-9.2\": 0.01197,\n    \"9.3\": 0.05985,\n    \"10.0-10.2\": 0.01197,\n    \"10.3\": 0.09576,\n    \"11.0-11.2\": 0.0814,\n    \"11.3-11.4\": 0.02394,\n    \"12.0-12.1\": 0.01676,\n    \"12.2-12.5\": 0.39023,\n    \"13.0-13.1\": 0.00718,\n    \"13.2\": 0.079,\n    \"13.3\": 0.01915,\n    \"13.4-13.7\": 0.07422,\n    \"14.0-14.4\": 0.14604,\n    \"14.5-14.8\": 0.22265,\n    \"15.0-15.1\": 0.10294,\n    \"15.2-15.3\": 0.11731,\n    \"15.4\": 0.13407,\n    \"15.5\": 0.16998,\n    \"15.6-15.8\": 1.4843,\n    \"16.0\": 0.34713,\n    \"16.1\": 0.723,\n    \"16.2\": 0.34713,\n    \"16.3\": 0.61287,\n    \"16.4\": 0.12688,\n    \"16.5\": 0.26574,\n    \"16.6-16.7\": 2.09957,\n    \"17.0\": 0.25137,\n    \"17.1\": 0.46444,\n    \"17.2\": 0.61766,\n    \"17.3\": 4.50557,\n    \"17.4\": 10.16985,\n    \"17.5\": 0.09337\n  },\n  P: {\n    \"4\": 0.03275,\n    \"20\": 0.01092,\n    \"21\": 0.03275,\n    \"22\": 0.03275,\n    \"23\": 0.09825,\n    \"24\": 1.25537,\n    _: \"5.0-5.4 6.2-6.4 7.2-7.4 8.2 9.2 10.1 11.1-11.2 12.0 14.0 15.0\",\n    \"13.0\": 0.01092,\n    \"16.0\": 0.02183,\n    \"17.0\": 0.01092,\n    \"18.0\": 0.01092,\n    \"19.0\": 0.01092\n  },\n  I: {\n    \"0\": 0.11991,\n    \"3\": 0,\n    \"4\": 0.00001,\n    \"2.1\": 0,\n    \"2.2\": 0,\n    \"2.3\": 0,\n    \"4.1\": 0.00002,\n    \"4.2-4.3\": 0.00007,\n    \"4.4\": 0,\n    \"4.4.3-4.4.4\": 0.0003\n  },\n  A: {\n    \"8\": 0.01103,\n    \"9\": 0.03309,\n    \"11\": 0.30328,\n    _: \"6 7 10 5.5\"\n  },\n  K: {\n    \"0\": 0.3323,\n    _: \"10 11 12 11.1 11.5 12.1\"\n  },\n  J: {\n    _: \"7 10\"\n  },\n  N: {\n    _: \"10 11\"\n  },\n  S: {\n    \"2.5\": 0.00482,\n    _: \"3.0-3.1\"\n  },\n  Q: {\n    \"14.9\": 0.03853\n  },\n  O: {\n    \"0\": 0.07706\n  },\n  H: {\n    \"0\": 0\n  },\n  L: {\n    \"0\": 22.07956\n  },\n  R: {\n    _: \"0\"\n  },\n  M: {\n    \"0\": 0.66461\n  }\n};","map":{"version":3,"names":["module","exports","C","_","D","F","B","E","G","P","I","A","K","J","N","S","Q","O","H","L","R","M"],"sources":["C:/Users/chest/OneDrive/Documentos/GitHub/HackUPC/frontend/node_modules/caniuse-lite/data/regions/US.js"],