{"ast":null,"code":"module.exports = {\n  C: {\n    \"48\": 0.01377,\n    \"52\": 0.03442,\n    \"71\": 0.00688,\n    \"78\": 0.04818,\n    \"84\": 0.00688,\n    \"91\": 0.00688,\n    \"95\": 0.00688,\n    \"99\": 0.00688,\n    \"102\": 0.02065,\n    \"103\": 0.00688,\n    \"108\": 0.00688,\n    \"109\": 0.00688,\n    \"112\": 0.00688,\n    \"113\": 0.0413,\n    \"115\": 0.71583,\n    \"116\": 0.00688,\n    \"117\": 0.00688,\n    \"118\": 0.05506,\n    \"119\": 0.00688,\n    \"120\": 0.00688,\n    \"121\": 0.03442,\n    \"122\": 0.02753,\n    \"123\": 0.09636,\n    \"124\": 2.63619,\n    \"125\": 1.49361,\n    \"126\": 0.00688,\n    _: \"2 3 4 5 6 7 8 9 10 11 12 13 14 15 16 17 18 19 20 21 22 23 24 25 26 27 28 29 30 31 32 33 34 35 36 37 38 39 40 41 42 43 44 45 46 47 49 50 51 53 54 55 56 57 58 59 60 61 62 63 64 65 66 67 68 69 70 72 73 74 75 76 77 79 80 81 82 83 85 86 87 88 89 90 92 93 94 96 97 98 100 101 104 105 106 107 110 111 114 127 128 3.5 3.6\"\n  },\n  D: {\n    \"49\": 0.02753,\n    \"52\": 0.16519,\n    \"66\": 0.04818,\n    \"74\": 0.00688,\n    \"79\": 0.02753,\n    \"80\": 0.01377,\n    \"81\": 0.00688,\n    \"84\": 0.01377,\n    \"85\": 0.00688,\n    \"86\": 0.09636,\n    \"87\": 0.0413,\n    \"88\": 0.00688,\n    \"89\": 0.00688,\n    \"90\": 0.00688,\n    \"91\": 0.00688,\n    \"94\": 0.00688,\n    \"95\": 0.00688,\n    \"97\": 0.00688,\n    \"98\": 0.00688,\n    \"99\": 0.01377,\n    \"100\": 0.09636,\n    \"101\": 0.18584,\n    \"102\": 0.11013,\n    \"103\": 0.24091,\n    \"104\": 0.10325,\n    \"105\": 0.01377,\n    \"106\": 0.00688,\n    \"107\": 0.02065,\n    \"108\": 0.11013,\n    \"109\": 1.65192,\n    \"110\": 0.00688,\n    \"111\": 0.02065,\n    \"112\": 0.01377,\n    \"113\": 0.15831,\n    \"114\": 0.18584,\n    \"115\": 0.02065,\n    \"116\": 0.48869,\n    \"117\": 0.03442,\n    \"118\": 0.06195,\n    \"119\": 0.15143,\n    \"120\": 0.6057,\n    \"121\": 0.39233,\n    \"122\": 3.01475,\n    \"123\": 22.67949,\n    \"124\": 9.36088,\n    \"125\": 0.01377,\n    _: \"4 5 6 7 8 9 10 11 12 13 14 15 16 17 18 19 20 21 22 23 24 25 26 27 28 29 30 31 32 33 34 35 36 37 38 39 40 41 42 43 44 45 46 47 48 50 51 53 54 55 56 57 58 59 60 61 62 63 64 65 67 68 69 70 71 72 73 75 76 77 78 83 92 93 96 126 127\"\n  },\n  F: {\n    \"46\": 0.00688,\n    \"77\": 0.00688,\n    \"95\": 0.02065,\n    \"102\": 0.00688,\n    \"106\": 0.00688,\n    \"107\": 0.48869,\n    \"108\": 0.38545,\n    \"109\": 0.13078,\n    _: \"9 11 12 15 16 17 18 19 20 21 22 23 24 25 26 27 28 29 30 31 32 33 34 35 36 37 38 39 40 41 42 43 44 45 47 48 49 50 51 52 53 54 55 56 57 58 60 62 63 64 65 66 67 68 69 70 71 72 73 74 75 76 78 79 80 81 82 83 84 85 86 87 88 89 90 91 92 93 94 96 97 98 99 100 101 103 104 105 9.5-9.6 10.0-10.1 10.5 10.6 11.1 11.5 11.6 12.1\"\n  },\n  B: {\n    \"85\": 0.01377,\n    \"86\": 0.00688,\n    \"91\": 0.11701,\n    \"92\": 0.01377,\n    \"97\": 0.00688,\n    \"99\": 0.00688,\n    \"103\": 0.01377,\n    \"105\": 0.00688,\n    \"107\": 0.00688,\n    \"108\": 0.0413,\n    \"109\": 0.19272,\n    \"110\": 0.00688,\n    \"111\": 0.12389,\n    \"112\": 0.00688,\n    \"113\": 0.0413,\n    \"114\": 0.01377,\n    \"115\": 0.02065,\n    \"116\": 0.02753,\n    \"117\": 0.02753,\n    \"118\": 0.02065,\n    \"119\": 0.13766,\n    \"120\": 0.11701,\n    \"121\": 0.17208,\n    \"122\": 0.96362,\n    \"123\": 9.21634,\n    \"124\": 4.02656,\n    _: \"12 13 14 15 16 17 18 79 80 81 83 84 87 88 89 90 93 94 95 96 98 100 101 102 104 106\"\n  },\n  E: {\n    \"8\": 0.00688,\n    \"13\": 0.00688,\n    \"14\": 0.0413,\n    \"15\": 0.00688,\n    _: \"0 4 5 6 7 9 10 11 12 3.1 3.2 5.1 6.1 7.1 9.1 10.1\",\n    \"11.1\": 0.00688,\n    \"12.1\": 0.02753,\n    \"13.1\": 0.11701,\n    \"14.1\": 0.13766,\n    \"15.1\": 0.02065,\n    \"15.2-15.3\": 0.02065,\n    \"15.4\": 0.03442,\n    \"15.5\": 0.03442,\n    \"15.6\": 0.46116,\n    \"16.0\": 0.06883,\n    \"16.1\": 0.08948,\n    \"16.2\": 0.06195,\n    \"16.3\": 0.14454,\n    \"16.4\": 0.04818,\n    \"16.5\": 0.08948,\n    \"16.6\": 0.55752,\n    \"17.0\": 0.06883,\n    \"17.1\": 0.20649,\n    \"17.2\": 0.26844,\n    \"17.3\": 0.58506,\n    \"17.4\": 2.18191,\n    \"17.5\": 0.01377\n  },\n  G: {\n    \"8\": 0,\n    \"3.2\": 0,\n    \"4.0-4.1\": 0,\n    \"4.2-4.3\": 0.00279,\n    \"5.0-5.1\": 0.00279,\n    \"6.0-6.1\": 0.00698,\n    \"7.0-7.1\": 0.01117,\n    \"8.1-8.4\": 0.00279,\n    \"9.0-9.2\": 0.00698,\n    \"9.3\": 0.03491,\n    \"10.0-10.2\": 0.00698,\n    \"10.3\": 0.05585,\n    \"11.0-11.2\": 0.04747,\n    \"11.3-11.4\": 0.01396,\n    \"12.0-12.1\": 0.00977,\n    \"12.2-12.5\": 0.22759,\n    \"13.0-13.1\": 0.00419,\n    \"13.2\": 0.04608,\n    \"13.3\": 0.01117,\n    \"13.4-13.7\": 0.04328,\n    \"14.0-14.4\": 0.08517,\n    \"14.5-14.8\": 0.12985,\n    \"15.0-15.1\": 0.06004,\n    \"15.2-15.3\": 0.06842,\n    \"15.4\": 0.07819,\n    \"15.5\": 0.09914,\n    \"15.6-15.8\": 0.86569,\n    \"16.0\": 0.20246,\n    \"16.1\": 0.42168,\n    \"16.2\": 0.20246,\n    \"16.3\": 0.35745,\n    \"16.4\": 0.074,\n    \"16.5\": 0.15499,\n    \"16.6-16.7\": 1.22454,\n    \"17.0\": 0.14661,\n    \"17.1\": 0.27088,\n    \"17.2\": 0.36024,\n    \"17.3\": 2.6278,\n    \"17.4\": 5.9314,\n    \"17.5\": 0.05445\n  },\n  P: {\n    \"4\": 0.0542,\n    \"20\": 0.02168,\n    \"21\": 0.04336,\n    \"22\": 0.03252,\n    \"23\": 0.19511,\n    \"24\": 2.25458,\n    \"5.0-5.4\": 0.01084,\n    \"6.2-6.4\": 0.01084,\n    _: \"7.2-7.4 8.2 9.2 10.1 11.1-11.2 12.0 13.0 14.0 15.0 16.0 18.0\",\n    \"17.0\": 0.01084,\n    \"19.0\": 0.01084\n  },\n  I: {\n    \"0\": 0.02483,\n    \"3\": 0,\n    \"4\": 0,\n    \"2.1\": 0,\n    \"2.2\": 0,\n    \"2.3\": 0,\n    \"4.1\": 0,\n    \"4.2-4.3\": 0.00001,\n    \"4.4\": 0,\n    \"4.4.3-4.4.4\": 0.00006\n  },\n  A: {\n    \"8\": 0.00688,\n    \"11\": 0.0826,\n    _: \"6 7 9 10 5.5\"\n  },\n  K: {\n    \"0\": 0.2337,\n    _: \"10 11 12 11.1 11.5 12.1\"\n  },\n  J: {\n    _: \"7 10\"\n  },\n  N: {\n    _: \"10 11\"\n  },\n  S: {\n    _: \"2.5 3.0-3.1\"\n  },\n  Q: {\n    \"14.9\": 0.00312\n  },\n  O: {\n    \"0\": 0.03739\n  },\n  H: {\n    \"0\": 0\n  },\n  L: {\n    \"0\": 14.20355\n  },\n  R: {\n    _: \"0\"\n  },\n  M: {\n    \"0\": 0.65124\n  }\n};","map":{"version":3,"names":["module","exports","C","_","D","F","B","E","G","P","I","A","K","J","N","S","Q","O","H","L","R","M"],"sources":["C:/Users/chest/OneDrive/Documentos/GitHub/HackUPC/frontend/node_modules/caniuse-lite/data/regions/CH.js"],