{"ast":null,"code":"module.exports = {\n  C: {\n    \"88\": 0.00299,\n    \"110\": 0.00299,\n    \"111\": 0.00898,\n    \"115\": 0.02993,\n    \"116\": 0.00299,\n    \"120\": 0.00299,\n    \"122\": 0.00299,\n    \"123\": 0.11972,\n    \"124\": 0.23645,\n    \"125\": 0.16162,\n    \"126\": 0.00898,\n    _: \"2 3 4 5 6 7 8 9 10 11 12 13 14 15 16 17 18 19 20 21 22 23 24 25 26 27 28 29 30 31 32 33 34 35 36 37 38 39 40 41 42 43 44 45 46 47 48 49 50 51 52 53 54 55 56 57 58 59 60 61 62 63 64 65 66 67 68 69 70 71 72 73 74 75 76 77 78 79 80 81 82 83 84 85 86 87 89 90 91 92 93 94 95 96 97 98 99 100 101 102 103 104 105 106 107 108 109 112 113 114 117 118 119 121 127 128 3.5 3.6\"\n  },\n  D: {\n    \"11\": 0.00898,\n    \"39\": 0.00299,\n    \"57\": 0.00599,\n    \"58\": 0.00599,\n    \"63\": 0.00299,\n    \"65\": 0.00599,\n    \"68\": 0.00299,\n    \"69\": 0.10775,\n    \"70\": 0.00599,\n    \"73\": 0.00898,\n    \"75\": 0.00599,\n    \"76\": 0.02993,\n    \"77\": 0.00599,\n    \"79\": 0.05088,\n    \"80\": 0.00299,\n    \"83\": 0.02095,\n    \"86\": 0.03292,\n    \"87\": 0.0419,\n    \"88\": 0.00299,\n    \"89\": 0.00898,\n    \"90\": 0.01497,\n    \"91\": 0.00299,\n    \"92\": 0.00299,\n    \"93\": 0.0449,\n    \"94\": 0.00299,\n    \"95\": 0.00299,\n    \"97\": 0.00599,\n    \"98\": 0.02694,\n    \"99\": 0.00299,\n    \"101\": 0.00299,\n    \"102\": 0.01796,\n    \"103\": 0.05687,\n    \"104\": 0.00299,\n    \"105\": 0.02993,\n    \"106\": 0.01497,\n    \"107\": 0.01497,\n    \"108\": 0.01497,\n    \"109\": 0.29331,\n    \"110\": 0.04789,\n    \"111\": 0.01497,\n    \"112\": 0.02394,\n    \"113\": 0.00898,\n    \"114\": 0.05088,\n    \"115\": 0.00898,\n    \"116\": 0.03592,\n    \"117\": 0.03891,\n    \"118\": 0.02095,\n    \"119\": 0.06884,\n    \"120\": 0.06884,\n    \"121\": 0.10775,\n    \"122\": 1.05054,\n    \"123\": 11.25967,\n    \"124\": 4.08245,\n    \"125\": 0.01796,\n    _: \"4 5 6 7 8 9 10 12 13 14 15 16 17 18 19 20 21 22 23 24 25 26 27 28 29 30 31 32 33 34 35 36 37 38 40 41 42 43 44 45 46 47 48 49 50 51 52 53 54 55 56 59 60 61 62 64 66 67 71 72 74 78 81 84 85 96 100 126 127\"\n  },\n  F: {\n    \"28\": 0.00299,\n    \"95\": 0.01796,\n    \"102\": 0.00299,\n    \"107\": 1.05653,\n    \"108\": 0.32923,\n    \"109\": 0.11074,\n    _: \"9 11 12 15 16 17 18 19 20 21 22 23 24 25 26 27 29 30 31 32 33 34 35 36 37 38 39 40 41 42 43 44 45 46 47 48 49 50 51 52 53 54 55 56 57 58 60 62 63 64 65 66 67 68 69 70 71 72 73 74 75 76 77 78 79 80 81 82 83 84 85 86 87 88 89 90 91 92 93 94 96 97 98 99 100 101 103 104 105 106 9.5-9.6 10.0-10.1 10.5 10.6 11.1 11.5 11.6 12.1\"\n  },\n  B: {\n    \"12\": 0.00299,\n    \"15\": 0.00599,\n    \"16\": 0.00299,\n    \"18\": 0.01197,\n    \"92\": 0.01197,\n    \"99\": 0.00299,\n    \"100\": 0.00898,\n    \"102\": 0.00299,\n    \"104\": 0.00299,\n    \"109\": 0.03891,\n    \"115\": 0.00299,\n    \"116\": 0.00299,\n    \"117\": 0.01197,\n    \"118\": 0.00599,\n    \"119\": 0.01197,\n    \"120\": 0.0449,\n    \"121\": 0.0449,\n    \"122\": 0.32025,\n    \"123\": 3.31624,\n    \"124\": 1.55337,\n    _: \"13 14 17 79 80 81 83 84 85 86 87 88 89 90 91 93 94 95 96 97 98 101 103 105 106 107 108 110 111 112 113 114\"\n  },\n  E: {\n    _: \"0 4 5 6 7 8 9 10 11 12 13 14 15 3.1 3.2 5.1 6.1 7.1 9.1 10.1 11.1 12.1 15.2-15.3\",\n    \"13.1\": 0.08979,\n    \"14.1\": 0.00898,\n    \"15.1\": 0.00599,\n    \"15.4\": 0.00599,\n    \"15.5\": 0.00599,\n    \"15.6\": 0.06585,\n    \"16.0\": 0.01197,\n    \"16.1\": 0.00299,\n    \"16.2\": 0.01796,\n    \"16.3\": 0.02394,\n    \"16.4\": 0.01796,\n    \"16.5\": 0.0419,\n    \"16.6\": 0.11373,\n    \"17.0\": 0.01497,\n    \"17.1\": 0.01497,\n    \"17.2\": 0.16761,\n    \"17.3\": 0.18557,\n    \"17.4\": 0.45194,\n    \"17.5\": 0.00299\n  },\n  G: {\n    \"8\": 0,\n    \"3.2\": 0,\n    \"4.0-4.1\": 0,\n    \"4.2-4.3\": 0.00308,\n    \"5.0-5.1\": 0.00308,\n    \"6.0-6.1\": 0.00771,\n    \"7.0-7.1\": 0.01233,\n    \"8.1-8.4\": 0.00308,\n    \"9.0-9.2\": 0.00771,\n    \"9.3\": 0.03854,\n    \"10.0-10.2\": 0.00771,\n    \"10.3\": 0.06166,\n    \"11.0-11.2\": 0.05241,\n    \"11.3-11.4\": 0.01542,\n    \"12.0-12.1\": 0.01079,\n    \"12.2-12.5\": 0.25127,\n    \"13.0-13.1\": 0.00462,\n    \"13.2\": 0.05087,\n    \"13.3\": 0.01233,\n    \"13.4-13.7\": 0.04779,\n    \"14.0-14.4\": 0.09403,\n    \"14.5-14.8\": 0.14336,\n    \"15.0-15.1\": 0.06629,\n    \"15.2-15.3\": 0.07554,\n    \"15.4\": 0.08633,\n    \"15.5\": 0.10945,\n    \"15.6-15.8\": 0.95575,\n    \"16.0\": 0.22352,\n    \"16.1\": 0.46555,\n    \"16.2\": 0.22352,\n    \"16.3\": 0.39463,\n    \"16.4\": 0.0817,\n    \"16.5\": 0.17111,\n    \"16.6-16.7\": 1.35193,\n    \"17.0\": 0.16186,\n    \"17.1\": 0.29906,\n    \"17.2\": 0.39772,\n    \"17.3\": 2.90118,\n    \"17.4\": 6.54846,\n    \"17.5\": 0.06012\n  },\n  P: {\n    \"4\": 0.18744,\n    \"20\": 0.01103,\n    \"21\": 0.09923,\n    \"22\": 0.09923,\n    \"23\": 0.2536,\n    \"24\": 4.30011,\n    _: \"5.0-5.4 6.2-6.4 8.2 9.2 10.1\",\n    \"7.2-7.4\": 0.3418,\n    \"11.1-11.2\": 0.02205,\n    \"12.0\": 0.02205,\n    \"13.0\": 0.01103,\n    \"14.0\": 0.01103,\n    \"15.0\": 0.01103,\n    \"16.0\": 0.01103,\n    \"17.0\": 0.01103,\n    \"18.0\": 0.02205,\n    \"19.0\": 0.14334\n  },\n  I: {\n    \"0\": 0.02791,\n    \"3\": 0,\n    \"4\": 0,\n    \"2.1\": 0,\n    \"2.2\": 0,\n    \"2.3\": 0,\n    \"4.1\": 0.00001,\n    \"4.2-4.3\": 0.00002,\n    \"4.4\": 0,\n    \"4.4.3-4.4.4\": 0.00007\n  },\n  A: {\n    \"10\": 0.00599,\n    \"11\": 0.01497,\n    _: \"6 7 8 9 5.5\"\n  },\n  K: {\n    \"0\": 0.39239,\n    _: \"10 11 12 11.1 11.5 12.1\"\n  },\n  J: {\n    _: \"7 10\"\n  },\n  N: {\n    _: \"10 11\"\n  },\n  S: {\n    _: \"2.5 3.0-3.1\"\n  },\n  Q: {\n    \"14.9\": 0.04204\n  },\n  O: {\n    \"0\": 0.43443\n  },\n  H: {\n    \"0\": 0\n  },\n  L: {\n    \"0\": 50.57078\n  },\n  R: {\n    _: \"0\"\n  },\n  M: {\n    \"0\": 0.11912\n  }\n};","map":{"version":3,"names":["module","exports","C","_","D","F","B","E","G","P","I","A","K","J","N","S","Q","O","H","L","R","M"],"sources":["C:/Users/chest/OneDrive/Documentos/GitHub/HackUPC/frontend/node_modules/caniuse-lite/data/regions/GY.js"],