{"ast":null,"code":"module.exports = {\n  C: {\n    \"78\": 0.02779,\n    \"101\": 0.01112,\n    \"103\": 0.03613,\n    \"105\": 0.00556,\n    \"115\": 0.05002,\n    \"119\": 0.00278,\n    \"121\": 0.00556,\n    \"122\": 0.00278,\n    \"123\": 0.0528,\n    \"124\": 0.47799,\n    \"125\": 0.16396,\n    _: \"2 3 4 5 6 7 8 9 10 11 12 13 14 15 16 17 18 19 20 21 22 23 24 25 26 27 28 29 30 31 32 33 34 35 36 37 38 39 40 41 42 43 44 45 46 47 48 49 50 51 52 53 54 55 56 57 58 59 60 61 62 63 64 65 66 67 68 69 70 71 72 73 74 75 76 77 79 80 81 82 83 84 85 86 87 88 89 90 91 92 93 94 95 96 97 98 99 100 102 104 106 107 108 109 110 111 112 113 114 116 117 118 120 126 127 128 3.5 3.6\"\n  },\n  D: {\n    \"49\": 0.01945,\n    \"80\": 0.00556,\n    \"86\": 0.00278,\n    \"87\": 0.00834,\n    \"91\": 0.00556,\n    \"92\": 0.00834,\n    \"93\": 0.00556,\n    \"96\": 0.0139,\n    \"98\": 0.00556,\n    \"99\": 0.00278,\n    \"103\": 0.10004,\n    \"106\": 0.00278,\n    \"108\": 0.00278,\n    \"109\": 0.87816,\n    \"111\": 0.00278,\n    \"112\": 0.01112,\n    \"113\": 0.00834,\n    \"114\": 0.00278,\n    \"115\": 0.0139,\n    \"116\": 0.08337,\n    \"117\": 0.0139,\n    \"118\": 0.03335,\n    \"119\": 0.03891,\n    \"120\": 0.20009,\n    \"121\": 0.18897,\n    \"122\": 0.95598,\n    \"123\": 9.73762,\n    \"124\": 2.9902,\n    \"125\": 0.0139,\n    _: \"4 5 6 7 8 9 10 11 12 13 14 15 16 17 18 19 20 21 22 23 24 25 26 27 28 29 30 31 32 33 34 35 36 37 38 39 40 41 42 43 44 45 46 47 48 50 51 52 53 54 55 56 57 58 59 60 61 62 63 64 65 66 67 68 69 70 71 72 73 74 75 76 77 78 79 81 83 84 85 88 89 90 94 95 97 100 101 102 104 105 107 110 126 127\"\n  },\n  F: {\n    \"95\": 0.00278,\n    \"100\": 0.00278,\n    \"107\": 0.2918,\n    \"108\": 0.20287,\n    \"109\": 0.04169,\n    _: \"9 11 12 15 16 17 18 19 20 21 22 23 24 25 26 27 28 29 30 31 32 33 34 35 36 37 38 39 40 41 42 43 44 45 46 47 48 49 50 51 52 53 54 55 56 57 58 60 62 63 64 65 66 67 68 69 70 71 72 73 74 75 76 77 78 79 80 81 82 83 84 85 86 87 88 89 90 91 92 93 94 96 97 98 99 101 102 103 104 105 106 9.5-9.6 10.0-10.1 10.5 10.6 11.1 11.5 11.6 12.1\"\n  },\n  B: {\n    \"12\": 0.00278,\n    \"100\": 0.00278,\n    \"105\": 0.00556,\n    \"109\": 0.02779,\n    \"113\": 0.02223,\n    \"114\": 0.00278,\n    \"115\": 0.00278,\n    \"117\": 0.0139,\n    \"118\": 0.01112,\n    \"119\": 0.01112,\n    \"120\": 0.06392,\n    \"121\": 0.05002,\n    \"122\": 0.31125,\n    \"123\": 3.7711,\n    \"124\": 2.15095,\n    _: \"13 14 15 16 17 18 79 80 81 83 84 85 86 87 88 89 90 91 92 93 94 95 96 97 98 99 101 102 103 104 106 107 108 110 111 112 116\"\n  },\n  E: {\n    \"10\": 0.00278,\n    \"13\": 0.00556,\n    \"14\": 0.02779,\n    \"15\": 0.03335,\n    _: \"0 4 5 6 7 8 9 11 12 3.1 3.2 5.1 6.1 7.1 9.1 10.1 11.1\",\n    \"12.1\": 0.00834,\n    \"13.1\": 0.03057,\n    \"14.1\": 0.16118,\n    \"15.1\": 0.00834,\n    \"15.2-15.3\": 0.01945,\n    \"15.4\": 0.10004,\n    \"15.5\": 0.03613,\n    \"15.6\": 0.17786,\n    \"16.0\": 0.11394,\n    \"16.1\": 0.05002,\n    \"16.2\": 0.09449,\n    \"16.3\": 0.13895,\n    \"16.4\": 0.02779,\n    \"16.5\": 0.06948,\n    \"16.6\": 0.30847,\n    \"17.0\": 0.0139,\n    \"17.1\": 0.19175,\n    \"17.2\": 0.25567,\n    \"17.3\": 0.41407,\n    \"17.4\": 1.31725,\n    \"17.5\": 0.01945\n  },\n  G: {\n    \"8\": 0,\n    \"3.2\": 0,\n    \"4.0-4.1\": 0,\n    \"4.2-4.3\": 0.006,\n    \"5.0-5.1\": 0.006,\n    \"6.0-6.1\": 0.01499,\n    \"7.0-7.1\": 0.02399,\n    \"8.1-8.4\": 0.006,\n    \"9.0-9.2\": 0.01499,\n    \"9.3\": 0.07495,\n    \"10.0-10.2\": 0.01499,\n    \"10.3\": 0.11993,\n    \"11.0-11.2\": 0.10194,\n    \"11.3-11.4\": 0.02998,\n    \"12.0-12.1\": 0.02099,\n    \"12.2-12.5\": 0.4887,\n    \"13.0-13.1\": 0.00899,\n    \"13.2\": 0.09894,\n    \"13.3\": 0.02399,\n    \"13.4-13.7\": 0.09294,\n    \"14.0-14.4\": 0.18289,\n    \"14.5-14.8\": 0.27883,\n    \"15.0-15.1\": 0.12892,\n    \"15.2-15.3\": 0.14691,\n    \"15.4\": 0.1679,\n    \"15.5\": 0.21287,\n    \"15.6-15.8\": 1.85886,\n    \"16.0\": 0.43473,\n    \"16.1\": 0.90544,\n    \"16.2\": 0.43473,\n    \"16.3\": 0.76753,\n    \"16.4\": 0.1589,\n    \"16.5\": 0.3328,\n    \"16.6-16.7\": 2.62939,\n    \"17.0\": 0.31481,\n    \"17.1\": 0.58164,\n    \"17.2\": 0.77353,\n    \"17.3\": 5.64254,\n    \"17.4\": 12.73618,\n    \"17.5\": 0.11693\n  },\n  P: {\n    \"4\": 0.0828,\n    \"20\": 0.0414,\n    \"21\": 0.09315,\n    \"22\": 0.09315,\n    \"23\": 0.52784,\n    \"24\": 6.34442,\n    _: \"5.0-5.4 6.2-6.4 8.2 9.2 10.1 12.0 15.0\",\n    \"7.2-7.4\": 0.0828,\n    \"11.1-11.2\": 0.01035,\n    \"13.0\": 0.03105,\n    \"14.0\": 0.01035,\n    \"16.0\": 0.01035,\n    \"17.0\": 0.01035,\n    \"18.0\": 0.01035,\n    \"19.0\": 0.03105\n  },\n  I: {\n    \"0\": 0.00719,\n    \"3\": 0,\n    \"4\": 0,\n    \"2.1\": 0,\n    \"2.2\": 0,\n    \"2.3\": 0,\n    \"4.1\": 0,\n    \"4.2-4.3\": 0,\n    \"4.4\": 0,\n    \"4.4.3-4.4.4\": 0.00002\n  },\n  A: {\n    \"8\": 0.00278,\n    \"11\": 0.01112,\n    _: \"6 7 9 10 5.5\"\n  },\n  K: {\n    \"0\": 0.1372,\n    _: \"10 11 12 11.1 11.5 12.1\"\n  },\n  J: {\n    _: \"7 10\"\n  },\n  N: {\n    _: \"10 11\"\n  },\n  S: {\n    _: \"2.5 3.0-3.1\"\n  },\n  Q: {\n    _: \"14.9\"\n  },\n  O: {\n    \"0\": 0.07221\n  },\n  H: {\n    \"0\": 0\n  },\n  L: {\n    \"0\": 34.37914\n  },\n  R: {\n    _: \"0\"\n  },\n  M: {\n    \"0\": 0.23829\n  }\n};","map":{"version":3,"names":["module","exports","C","_","D","F","B","E","G","P","I","A","K","J","N","S","Q","O","H","L","R","M"],"sources":["C:/Users/chest/OneDrive/Documentos/GitHub/HackUPC/frontend/node_modules/caniuse-lite/data/regions/AW.js"],