{"ast":null,"code":"module.exports = {\n  C: {\n    \"4\": 0.0551,\n    \"52\": 0.01002,\n    \"70\": 0.00501,\n    \"73\": 0.00501,\n    \"78\": 0.01503,\n    \"86\": 0.00501,\n    \"103\": 0.00501,\n    \"105\": 0.01002,\n    \"106\": 0.00501,\n    \"108\": 0.00501,\n    \"112\": 0.00501,\n    \"113\": 0.00501,\n    \"115\": 0.17031,\n    \"118\": 0.00501,\n    \"119\": 0.00501,\n    \"120\": 0.03005,\n    \"121\": 0.00501,\n    \"122\": 0.01002,\n    \"123\": 0.05009,\n    \"124\": 0.80645,\n    \"125\": 0.42076,\n    \"126\": 0.00501,\n    _: \"2 3 5 6 7 8 9 10 11 12 13 14 15 16 17 18 19 20 21 22 23 24 25 26 27 28 29 30 31 32 33 34 35 36 37 38 39 40 41 42 43 44 45 46 47 48 49 50 51 53 54 55 56 57 58 59 60 61 62 63 64 65 66 67 68 69 71 72 74 75 76 77 79 80 81 82 83 84 85 87 88 89 90 91 92 93 94 95 96 97 98 99 100 101 102 104 107 109 110 111 114 116 117 127 128 3.5 3.6\"\n  },\n  D: {\n    \"38\": 0.01503,\n    \"47\": 0.01002,\n    \"48\": 0.00501,\n    \"49\": 0.01503,\n    \"63\": 0.00501,\n    \"65\": 0.01503,\n    \"74\": 0.01002,\n    \"79\": 0.12523,\n    \"81\": 0.00501,\n    \"83\": 0.00501,\n    \"86\": 0.00501,\n    \"87\": 0.07514,\n    \"88\": 0.00501,\n    \"89\": 0.00501,\n    \"90\": 0.00501,\n    \"91\": 0.01002,\n    \"92\": 0.00501,\n    \"93\": 0.00501,\n    \"94\": 0.1102,\n    \"96\": 0.01002,\n    \"97\": 0.00501,\n    \"98\": 0.00501,\n    \"99\": 0.02004,\n    \"100\": 0.00501,\n    \"101\": 0.00501,\n    \"102\": 0.01503,\n    \"103\": 0.08515,\n    \"104\": 0.00501,\n    \"105\": 0.00501,\n    \"106\": 0.01503,\n    \"107\": 0.01503,\n    \"108\": 0.03005,\n    \"109\": 1.70306,\n    \"110\": 0.02505,\n    \"111\": 0.02004,\n    \"112\": 0.02004,\n    \"113\": 0.0551,\n    \"114\": 0.08515,\n    \"115\": 0.01503,\n    \"116\": 0.23542,\n    \"117\": 0.02505,\n    \"118\": 0.03506,\n    \"119\": 0.06512,\n    \"120\": 0.16029,\n    \"121\": 0.21038,\n    \"122\": 0.9467,\n    \"123\": 18.31791,\n    \"124\": 7.65375,\n    \"125\": 0.01503,\n    _: \"4 5 6 7 8 9 10 11 12 13 14 15 16 17 18 19 20 21 22 23 24 25 26 27 28 29 30 31 32 33 34 35 36 37 39 40 41 42 43 44 45 46 50 51 52 53 54 55 56 57 58 59 60 61 62 64 66 67 68 69 70 71 72 73 75 76 77 78 80 84 85 95 126 127\"\n  },\n  F: {\n    \"28\": 0.00501,\n    \"36\": 0.00501,\n    \"92\": 0.00501,\n    \"95\": 0.03506,\n    \"102\": 0.00501,\n    \"104\": 0.01002,\n    \"106\": 0.00501,\n    \"107\": 4.18252,\n    \"108\": 0.71128,\n    \"109\": 0.26047,\n    _: \"9 11 12 15 16 17 18 19 20 21 22 23 24 25 26 27 29 30 31 32 33 34 35 37 38 39 40 41 42 43 44 45 46 47 48 49 50 51 52 53 54 55 56 57 58 60 62 63 64 65 66 67 68 69 70 71 72 73 74 75 76 77 78 79 80 81 82 83 84 85 86 87 88 89 90 91 93 94 96 97 98 99 100 101 103 105 9.5-9.6 10.0-10.1 10.5 10.6 11.1 11.5 11.6 12.1\"\n  },\n  B: {\n    \"92\": 0.01002,\n    \"100\": 0.00501,\n    \"109\": 0.03506,\n    \"111\": 0.00501,\n    \"114\": 0.00501,\n    \"115\": 0.00501,\n    \"116\": 0.00501,\n    \"117\": 0.00501,\n    \"118\": 0.00501,\n    \"119\": 0.00501,\n    \"120\": 0.02004,\n    \"121\": 0.02505,\n    \"122\": 0.20036,\n    \"123\": 2.77499,\n    \"124\": 1.34742,\n    _: \"12 13 14 15 16 17 18 79 80 81 83 84 85 86 87 88 89 90 91 93 94 95 96 97 98 99 101 102 103 104 105 106 107 108 110 112 113\"\n  },\n  E: {\n    \"9\": 0.00501,\n    \"14\": 0.01503,\n    \"15\": 0.00501,\n    _: \"0 4 5 6 7 8 10 11 12 13 3.1 3.2 5.1 6.1 7.1 9.1 10.1 11.1\",\n    \"12.1\": 0.00501,\n    \"13.1\": 0.03506,\n    \"14.1\": 0.05009,\n    \"15.1\": 0.00501,\n    \"15.2-15.3\": 0.00501,\n    \"15.4\": 0.01002,\n    \"15.5\": 0.02004,\n    \"15.6\": 0.14526,\n    \"16.0\": 0.01002,\n    \"16.1\": 0.02505,\n    \"16.2\": 0.01503,\n    \"16.3\": 0.05009,\n    \"16.4\": 0.02004,\n    \"16.5\": 0.03005,\n    \"16.6\": 0.10018,\n    \"17.0\": 0.03005,\n    \"17.1\": 0.05009,\n    \"17.2\": 0.08014,\n    \"17.3\": 0.12523,\n    \"17.4\": 0.48587,\n    \"17.5\": 0.00501\n  },\n  G: {\n    \"8\": 0,\n    \"3.2\": 0,\n    \"4.0-4.1\": 0,\n    \"4.2-4.3\": 0.00175,\n    \"5.0-5.1\": 0.00175,\n    \"6.0-6.1\": 0.00438,\n    \"7.0-7.1\": 0.00701,\n    \"8.1-8.4\": 0.00175,\n    \"9.0-9.2\": 0.00438,\n    \"9.3\": 0.02191,\n    \"10.0-10.2\": 0.00438,\n    \"10.3\": 0.03506,\n    \"11.0-11.2\": 0.0298,\n    \"11.3-11.4\": 0.00876,\n    \"12.0-12.1\": 0.00613,\n    \"12.2-12.5\": 0.14286,\n    \"13.0-13.1\": 0.00263,\n    \"13.2\": 0.02892,\n    \"13.3\": 0.00701,\n    \"13.4-13.7\": 0.02717,\n    \"14.0-14.4\": 0.05346,\n    \"14.5-14.8\": 0.08151,\n    \"15.0-15.1\": 0.03769,\n    \"15.2-15.3\": 0.04294,\n    \"15.4\": 0.04908,\n    \"15.5\": 0.06223,\n    \"15.6-15.8\": 0.54338,\n    \"16.0\": 0.12708,\n    \"16.1\": 0.26468,\n    \"16.2\": 0.12708,\n    \"16.3\": 0.22436,\n    \"16.4\": 0.04645,\n    \"16.5\": 0.09728,\n    \"16.6-16.7\": 0.76862,\n    \"17.0\": 0.09202,\n    \"17.1\": 0.17003,\n    \"17.2\": 0.22612,\n    \"17.3\": 1.64942,\n    \"17.4\": 3.72303,\n    \"17.5\": 0.03418\n  },\n  P: {\n    \"4\": 0.09468,\n    \"20\": 0.02104,\n    \"21\": 0.03156,\n    \"22\": 0.04208,\n    \"23\": 0.14728,\n    \"24\": 1.20979,\n    \"5.0-5.4\": 0.01052,\n    _: \"6.2-6.4 8.2 9.2 10.1 12.0 13.0 14.0 15.0\",\n    \"7.2-7.4\": 0.01052,\n    \"11.1-11.2\": 0.01052,\n    \"16.0\": 0.02104,\n    \"17.0\": 0.01052,\n    \"18.0\": 0.01052,\n    \"19.0\": 0.02104\n  },\n  I: {\n    \"0\": 0.09444,\n    \"3\": 0,\n    \"4\": 0.00001,\n    \"2.1\": 0,\n    \"2.2\": 0,\n    \"2.3\": 0,\n    \"4.1\": 0.00002,\n    \"4.2-4.3\": 0.00006,\n    \"4.4\": 0,\n    \"4.4.3-4.4.4\": 0.00024\n  },\n  A: {\n    \"8\": 0.01717,\n    \"9\": 0.00572,\n    \"10\": 0.00572,\n    \"11\": 0.05152,\n    _: \"6 7 5.5\"\n  },\n  K: {\n    \"0\": 0.30445,\n    _: \"10 11 12 11.1 11.5 12.1\"\n  },\n  J: {\n    _: \"7 10\"\n  },\n  N: {\n    _: \"10 11\"\n  },\n  S: {\n    _: \"2.5 3.0-3.1\"\n  },\n  Q: {\n    \"14.9\": 0.00499\n  },\n  O: {\n    \"0\": 0.01497\n  },\n  H: {\n    \"0\": 0\n  },\n  L: {\n    \"0\": 39.00764\n  },\n  R: {\n    _: \"0\"\n  },\n  M: {\n    \"0\": 0.20463\n  }\n};","map":{"version":3,"names":["module","exports","C","_","D","F","B","E","G","P","I","A","K","J","N","S","Q","O","H","L","R","M"],"sources":["C:/Users/chest/OneDrive/Documentos/GitHub/HackUPC/frontend/node_modules/caniuse-lite/data/regions/CL.js"],