{"ast":null,"code":"module.exports = {\n  C: {\n    \"4\": 0.00773,\n    \"31\": 0.00387,\n    \"48\": 0.00387,\n    \"52\": 0.00387,\n    \"78\": 0.00387,\n    \"87\": 0.00387,\n    \"88\": 0.00387,\n    \"99\": 0.00387,\n    \"102\": 0.00387,\n    \"114\": 0.0116,\n    \"115\": 0.10438,\n    \"121\": 0.00387,\n    \"122\": 0.01933,\n    \"123\": 0.01546,\n    \"124\": 0.74227,\n    \"125\": 0.26675,\n    _: \"2 3 5 6 7 8 9 10 11 12 13 14 15 16 17 18 19 20 21 22 23 24 25 26 27 28 29 30 32 33 34 35 36 37 38 39 40 41 42 43 44 45 46 47 49 50 51 53 54 55 56 57 58 59 60 61 62 63 64 65 66 67 68 69 70 71 72 73 74 75 76 77 79 80 81 82 83 84 85 86 89 90 91 92 93 94 95 96 97 98 100 101 103 104 105 106 107 108 109 110 111 112 113 116 117 118 119 120 126 127 128 3.5 3.6\"\n  },\n  D: {\n    \"38\": 0.00387,\n    \"47\": 0.00387,\n    \"49\": 0.00773,\n    \"53\": 0.00387,\n    \"56\": 0.00387,\n    \"65\": 0.00387,\n    \"67\": 0.00387,\n    \"69\": 0.00387,\n    \"74\": 0.00387,\n    \"76\": 0.0116,\n    \"77\": 0.00387,\n    \"79\": 0.04253,\n    \"80\": 0.00773,\n    \"81\": 0.01546,\n    \"83\": 0.00387,\n    \"84\": 0.0116,\n    \"85\": 0.00387,\n    \"86\": 0.00387,\n    \"87\": 0.02706,\n    \"88\": 0.00387,\n    \"89\": 0.00387,\n    \"91\": 0.01546,\n    \"92\": 0.00387,\n    \"93\": 0.04639,\n    \"94\": 0.00773,\n    \"95\": 0.01546,\n    \"96\": 0.00773,\n    \"97\": 0.00387,\n    \"98\": 0.0116,\n    \"99\": 0.00773,\n    \"100\": 0.01546,\n    \"101\": 0.00387,\n    \"102\": 0.00387,\n    \"103\": 0.3634,\n    \"106\": 0.00773,\n    \"107\": 0.0116,\n    \"108\": 0.00387,\n    \"109\": 1.11341,\n    \"110\": 0.00773,\n    \"111\": 0.04253,\n    \"112\": 0.0116,\n    \"113\": 0.0116,\n    \"114\": 0.03866,\n    \"115\": 0.0232,\n    \"116\": 0.09665,\n    \"117\": 0.0232,\n    \"118\": 0.05799,\n    \"119\": 0.06186,\n    \"120\": 0.16624,\n    \"121\": 0.24742,\n    \"122\": 1.68944,\n    \"123\": 15.09673,\n    \"124\": 4.73972,\n    \"125\": 0.03866,\n    _: \"4 5 6 7 8 9 10 11 12 13 14 15 16 17 18 19 20 21 22 23 24 25 26 27 28 29 30 31 32 33 34 35 36 37 39 40 41 42 43 44 45 46 48 50 51 52 54 55 57 58 59 60 61 62 63 64 66 68 70 71 72 73 75 78 90 104 105 126 127\"\n  },\n  F: {\n    \"28\": 0.0116,\n    \"77\": 0.00773,\n    \"95\": 0.00773,\n    \"106\": 0.01546,\n    \"107\": 0.80413,\n    \"108\": 0.20103,\n    \"109\": 0.08119,\n    _: \"9 11 12 15 16 17 18 19 20 21 22 23 24 25 26 27 29 30 31 32 33 34 35 36 37 38 39 40 41 42 43 44 45 46 47 48 49 50 51 52 53 54 55 56 57 58 60 62 63 64 65 66 67 68 69 70 71 72 73 74 75 76 78 79 80 81 82 83 84 85 86 87 88 89 90 91 92 93 94 96 97 98 99 100 101 102 103 104 105 9.5-9.6 10.0-10.1 10.5 10.6 11.1 11.5 11.6 12.1\"\n  },\n  B: {\n    \"13\": 0.02706,\n    \"15\": 0.03479,\n    \"18\": 0.00387,\n    \"92\": 0.0116,\n    \"109\": 0.06959,\n    \"110\": 0.01546,\n    \"113\": 0.00387,\n    \"114\": 0.00773,\n    \"116\": 0.00387,\n    \"117\": 0.00387,\n    \"118\": 0.00387,\n    \"119\": 0.01933,\n    \"120\": 0.0116,\n    \"121\": 0.01933,\n    \"122\": 0.38273,\n    \"123\": 4.48843,\n    \"124\": 1.89821,\n    _: \"12 14 16 17 79 80 81 83 84 85 86 87 88 89 90 91 93 94 95 96 97 98 99 100 101 102 103 104 105 106 107 108 111 112 115\"\n  },\n  E: {\n    \"13\": 0.00387,\n    \"14\": 0.00773,\n    \"15\": 0.01546,\n    _: \"0 4 5 6 7 8 9 10 11 12 3.1 3.2 6.1 7.1 9.1 10.1 11.1 12.1 15.1 15.2-15.3\",\n    \"5.1\": 0.00387,\n    \"13.1\": 0.05799,\n    \"14.1\": 0.03093,\n    \"15.4\": 0.00773,\n    \"15.5\": 0.0232,\n    \"15.6\": 0.21263,\n    \"16.0\": 0.03479,\n    \"16.1\": 0.0232,\n    \"16.2\": 0.03093,\n    \"16.3\": 0.04639,\n    \"16.4\": 0.0116,\n    \"16.5\": 0.03479,\n    \"16.6\": 0.84665,\n    \"17.0\": 0.10052,\n    \"17.1\": 0.09665,\n    \"17.2\": 0.10052,\n    \"17.3\": 0.28608,\n    \"17.4\": 0.64176,\n    \"17.5\": 0.00387\n  },\n  G: {\n    \"8\": 0,\n    \"3.2\": 0,\n    \"4.0-4.1\": 0,\n    \"4.2-4.3\": 0.00376,\n    \"5.0-5.1\": 0.00376,\n    \"6.0-6.1\": 0.0094,\n    \"7.0-7.1\": 0.01504,\n    \"8.1-8.4\": 0.00376,\n    \"9.0-9.2\": 0.0094,\n    \"9.3\": 0.047,\n    \"10.0-10.2\": 0.0094,\n    \"10.3\": 0.0752,\n    \"11.0-11.2\": 0.06392,\n    \"11.3-11.4\": 0.0188,\n    \"12.0-12.1\": 0.01316,\n    \"12.2-12.5\": 0.30645,\n    \"13.0-13.1\": 0.00564,\n    \"13.2\": 0.06204,\n    \"13.3\": 0.01504,\n    \"13.4-13.7\": 0.05828,\n    \"14.0-14.4\": 0.11468,\n    \"14.5-14.8\": 0.17485,\n    \"15.0-15.1\": 0.08084,\n    \"15.2-15.3\": 0.09212,\n    \"15.4\": 0.10528,\n    \"15.5\": 0.13349,\n    \"15.6-15.8\": 1.16564,\n    \"16.0\": 0.27261,\n    \"16.1\": 0.56778,\n    \"16.2\": 0.27261,\n    \"16.3\": 0.4813,\n    \"16.4\": 0.09964,\n    \"16.5\": 0.20869,\n    \"16.6-16.7\": 1.64882,\n    \"17.0\": 0.19741,\n    \"17.1\": 0.36473,\n    \"17.2\": 0.48506,\n    \"17.3\": 3.53829,\n    \"17.4\": 7.98654,\n    \"17.5\": 0.07332\n  },\n  P: {\n    \"4\": 0.3295,\n    \"20\": 0.01098,\n    \"21\": 0.09885,\n    \"22\": 0.09885,\n    \"23\": 0.1977,\n    \"24\": 4.07479,\n    \"5.0-5.4\": 0.01098,\n    \"6.2-6.4\": 0.01098,\n    \"7.2-7.4\": 0.14278,\n    _: \"8.2 9.2 10.1 12.0 15.0\",\n    \"11.1-11.2\": 0.01098,\n    \"13.0\": 0.01098,\n    \"14.0\": 0.01098,\n    \"16.0\": 0.01098,\n    \"17.0\": 0.03295,\n    \"18.0\": 0.01098,\n    \"19.0\": 0.02197\n  },\n  I: {\n    \"0\": 0.01833,\n    \"3\": 0,\n    \"4\": 0,\n    \"2.1\": 0,\n    \"2.2\": 0,\n    \"2.3\": 0,\n    \"4.1\": 0,\n    \"4.2-4.3\": 0.00001,\n    \"4.4\": 0,\n    \"4.4.3-4.4.4\": 0.00005\n  },\n  A: {\n    \"11\": 0.00773,\n    _: \"6 7 8 9 10 5.5\"\n  },\n  K: {\n    \"0\": 0.21469,\n    _: \"10 11 12 11.1 11.5 12.1\"\n  },\n  J: {\n    _: \"7 10\"\n  },\n  N: {\n    _: \"10 11\"\n  },\n  S: {\n    _: \"2.5 3.0-3.1\"\n  },\n  Q: {\n    _: \"14.9\"\n  },\n  O: {\n    \"0\": 0.0368\n  },\n  H: {\n    \"0\": 0\n  },\n  L: {\n    \"0\": 38.62623\n  },\n  R: {\n    _: \"0\"\n  },\n  M: {\n    \"0\": 0.36804\n  }\n};","map":{"version":3,"names":["module","exports","C","_","D","F","B","E","G","P","I","A","K","J","N","S","Q","O","H","L","R","M"],"sources":["C:/Users/chest/OneDrive/Documentos/GitHub/HackUPC/frontend/node_modules/caniuse-lite/data/regions/TT.js"],