{"ast":null,"code":"module.exports = {\n  C: {\n    \"34\": 0.0064,\n    \"52\": 0.01493,\n    \"57\": 0.00213,\n    \"68\": 0.00213,\n    \"72\": 0.00213,\n    \"77\": 0.0064,\n    \"78\": 0.0064,\n    \"88\": 0.00213,\n    \"95\": 0.0128,\n    \"102\": 0.00213,\n    \"103\": 0.00213,\n    \"108\": 0.00427,\n    \"110\": 0.00213,\n    \"113\": 0.00427,\n    \"115\": 0.26663,\n    \"118\": 0.00213,\n    \"120\": 0.00213,\n    \"121\": 0.0064,\n    \"122\": 0.0128,\n    \"123\": 0.02346,\n    \"124\": 0.46286,\n    \"125\": 0.25809,\n    \"126\": 0.0064,\n    _: \"2 3 4 5 6 7 8 9 10 11 12 13 14 15 16 17 18 19 20 21 22 23 24 25 26 27 28 29 30 31 32 33 35 36 37 38 39 40 41 42 43 44 45 46 47 48 49 50 51 53 54 55 56 58 59 60 61 62 63 64 65 66 67 69 70 71 73 74 75 76 79 80 81 82 83 84 85 86 87 89 90 91 92 93 94 96 97 98 99 100 101 104 105 106 107 109 111 112 114 116 117 119 127 128 3.5 3.6\"\n  },\n  D: {\n    \"11\": 0.00427,\n    \"38\": 0.00213,\n    \"43\": 0.00853,\n    \"45\": 0.00427,\n    \"47\": 0.00427,\n    \"49\": 0.00853,\n    \"50\": 0.00427,\n    \"56\": 0.00427,\n    \"58\": 0.01706,\n    \"62\": 0.00213,\n    \"63\": 0.00427,\n    \"64\": 0.00213,\n    \"65\": 0.00427,\n    \"66\": 0.00853,\n    \"67\": 0.00853,\n    \"68\": 0.0064,\n    \"69\": 0.0064,\n    \"70\": 0.01067,\n    \"72\": 0.00427,\n    \"73\": 0.00427,\n    \"74\": 0.0064,\n    \"75\": 0.00427,\n    \"76\": 0.00427,\n    \"77\": 0.00427,\n    \"78\": 0.00427,\n    \"79\": 0.02773,\n    \"80\": 0.0064,\n    \"81\": 0.01493,\n    \"83\": 0.01493,\n    \"84\": 0.00427,\n    \"85\": 0.0064,\n    \"86\": 0.01493,\n    \"87\": 0.02773,\n    \"88\": 0.01706,\n    \"89\": 0.00427,\n    \"90\": 0.0064,\n    \"91\": 0.01067,\n    \"92\": 0.00853,\n    \"93\": 0.032,\n    \"94\": 0.00853,\n    \"95\": 0.0128,\n    \"96\": 0.00427,\n    \"97\": 0.00427,\n    \"98\": 0.01706,\n    \"99\": 0.02133,\n    \"100\": 0.00853,\n    \"101\": 0.0128,\n    \"102\": 0.02133,\n    \"103\": 0.03626,\n    \"104\": 0.01493,\n    \"105\": 0.00853,\n    \"106\": 0.01706,\n    \"107\": 0.01067,\n    \"108\": 0.02986,\n    \"109\": 1.37579,\n    \"110\": 0.01067,\n    \"111\": 0.01493,\n    \"112\": 0.01067,\n    \"113\": 0.00853,\n    \"114\": 0.02133,\n    \"115\": 0.00853,\n    \"116\": 0.05759,\n    \"117\": 0.01493,\n    \"118\": 0.0128,\n    \"119\": 0.05119,\n    \"120\": 0.09172,\n    \"121\": 0.11305,\n    \"122\": 0.35195,\n    \"123\": 5.84229,\n    \"124\": 2.5468,\n    \"125\": 0.02133,\n    _: \"4 5 6 7 8 9 10 12 13 14 15 16 17 18 19 20 21 22 23 24 25 26 27 28 29 30 31 32 33 34 35 36 37 39 40 41 42 44 46 48 51 52 53 54 55 57 59 60 61 71 126 127\"\n  },\n  F: {\n    \"28\": 0.00213,\n    \"79\": 0.00853,\n    \"82\": 0.00427,\n    \"95\": 0.04053,\n    \"102\": 0.00427,\n    \"105\": 0.00213,\n    \"106\": 0.00427,\n    \"107\": 0.15358,\n    \"108\": 0.26236,\n    \"109\": 0.10025,\n    _: \"9 11 12 15 16 17 18 19 20 21 22 23 24 25 26 27 29 30 31 32 33 34 35 36 37 38 39 40 41 42 43 44 45 46 47 48 49 50 51 52 53 54 55 56 57 58 60 62 63 64 65 66 67 68 69 70 71 72 73 74 75 76 77 78 80 81 83 84 85 86 87 88 89 90 91 92 93 94 96 97 98 99 100 101 103 104 9.5-9.6 10.0-10.1 10.5 10.6 11.1 11.5 11.6 12.1\"\n  },\n  B: {\n    \"12\": 0.0064,\n    \"13\": 0.00213,\n    \"14\": 0.00213,\n    \"15\": 0.00427,\n    \"16\": 0.00427,\n    \"17\": 0.00427,\n    \"18\": 0.0192,\n    \"84\": 0.00427,\n    \"89\": 0.00427,\n    \"90\": 0.00427,\n    \"92\": 0.02346,\n    \"100\": 0.00427,\n    \"109\": 0.03626,\n    \"110\": 0.00213,\n    \"113\": 0.00213,\n    \"114\": 0.0064,\n    \"115\": 0.00427,\n    \"116\": 0.00427,\n    \"117\": 0.00427,\n    \"118\": 0.01067,\n    \"119\": 0.01706,\n    \"120\": 0.02346,\n    \"121\": 0.02773,\n    \"122\": 0.21117,\n    \"123\": 1.43124,\n    \"124\": 0.69749,\n    _: \"79 80 81 83 85 86 87 88 91 93 94 95 96 97 98 99 101 102 103 104 105 106 107 108 111 112\"\n  },\n  E: {\n    \"13\": 0.00213,\n    \"14\": 0.01067,\n    _: \"0 4 5 6 7 8 9 10 11 12 15 3.1 3.2 5.1 6.1 7.1 9.1 10.1 11.1 17.5\",\n    \"12.1\": 0.00213,\n    \"13.1\": 0.01706,\n    \"14.1\": 0.01706,\n    \"15.1\": 0.00853,\n    \"15.2-15.3\": 0.00427,\n    \"15.4\": 0.00427,\n    \"15.5\": 0.0064,\n    \"15.6\": 0.05333,\n    \"16.0\": 0.00853,\n    \"16.1\": 0.00853,\n    \"16.2\": 0.0064,\n    \"16.3\": 0.01706,\n    \"16.4\": 0.00853,\n    \"16.5\": 0.01067,\n    \"16.6\": 0.05333,\n    \"17.0\": 0.00853,\n    \"17.1\": 0.01706,\n    \"17.2\": 0.0256,\n    \"17.3\": 0.04479,\n    \"17.4\": 0.14078\n  },\n  G: {\n    \"8\": 0.00236,\n    \"3.2\": 0,\n    \"4.0-4.1\": 0,\n    \"4.2-4.3\": 0,\n    \"5.0-5.1\": 0.00315,\n    \"6.0-6.1\": 0,\n    \"7.0-7.1\": 0.02048,\n    \"8.1-8.4\": 0.00079,\n    \"9.0-9.2\": 0.00158,\n    \"9.3\": 0.03072,\n    \"10.0-10.2\": 0.00079,\n    \"10.3\": 0.04804,\n    \"11.0-11.2\": 0.01024,\n    \"11.3-11.4\": 0.00315,\n    \"12.0-12.1\": 0.01418,\n    \"12.2-12.5\": 0.52059,\n    \"13.0-13.1\": 0.00709,\n    \"13.2\": 0.00236,\n    \"13.3\": 0.01339,\n    \"13.4-13.7\": 0.03859,\n    \"14.0-14.4\": 0.12129,\n    \"14.5-14.8\": 0.12995,\n    \"15.0-15.1\": 0.1331,\n    \"15.2-15.3\": 0.07561,\n    \"15.4\": 0.05356,\n    \"15.5\": 0.09451,\n    \"15.6-15.8\": 1.11286,\n    \"16.0\": 0.14177,\n    \"16.1\": 0.21186,\n    \"16.2\": 0.10632,\n    \"16.3\": 0.20871,\n    \"16.4\": 0.07325,\n    \"16.5\": 0.14177,\n    \"16.6-16.7\": 0.85217,\n    \"17.0\": 0.16933,\n    \"17.1\": 0.18902,\n    \"17.2\": 0.23549,\n    \"17.3\": 0.96401,\n    \"17.4\": 2.11782,\n    \"17.5\": 0.02126\n  },\n  P: {\n    \"4\": 0.13638,\n    \"20\": 0.03147,\n    \"21\": 0.08393,\n    \"22\": 0.1154,\n    \"23\": 0.32521,\n    \"24\": 2.03519,\n    _: \"5.0-5.4 6.2-6.4 8.2 9.2 10.1 12.0\",\n    \"7.2-7.4\": 0.18883,\n    \"11.1-11.2\": 0.02098,\n    \"13.0\": 0.02098,\n    \"14.0\": 0.01049,\n    \"15.0\": 0.01049,\n    \"16.0\": 0.04196,\n    \"17.0\": 0.04196,\n    \"18.0\": 0.03147,\n    \"19.0\": 0.08393\n  },\n  I: {\n    \"0\": 0.06998,\n    \"3\": 0,\n    \"4\": 0,\n    \"2.1\": 0,\n    \"2.2\": 0,\n    \"2.3\": 0,\n    \"4.1\": 0.00003,\n    \"4.2-4.3\": 0.0001,\n    \"4.4\": 0,\n    \"4.4.3-4.4.4\": 0.00071\n  },\n  A: {\n    \"8\": 0.00225,\n    \"11\": 0.03828,\n    _: \"6 7 9 10 5.5\"\n  },\n  K: {\n    \"0\": 6.81972,\n    _: \"10 11 12 11.1 11.5 12.1\"\n  },\n  J: {\n    _: \"7 10\"\n  },\n  N: {\n    _: \"10 11\"\n  },\n  S: {\n    \"2.5\": 0.08655,\n    _: \"3.0-3.1\"\n  },\n  Q: {\n    _: \"14.9\"\n  },\n  O: {\n    \"0\": 0.36193\n  },\n  H: {\n    \"0\": 1.78\n  },\n  L: {\n    \"0\": 63.00128\n  },\n  R: {\n    _: \"0\"\n  },\n  M: {\n    \"0\": 0.20457\n  }\n};","map":{"version":3,"names":["module","exports","C","_","D","F","B","E","G","P","I","A","K","J","N","S","Q","O","H","L","R","M"],"sources":["C:/Users/chest/OneDrive/Documentos/GitHub/HackUPC/frontend/node_modules/caniuse-lite/data/regions/alt-af.js"],