{"ast":null,"code":"module.exports = {\n  C: {\n    \"52\": 0.00804,\n    \"76\": 0.00402,\n    \"78\": 0.04018,\n    \"87\": 0.01607,\n    \"91\": 0.02009,\n    \"96\": 0.00804,\n    \"101\": 0.00804,\n    \"102\": 0.03616,\n    \"103\": 0.00804,\n    \"105\": 0.00402,\n    \"112\": 0.02009,\n    \"115\": 0.50225,\n    \"116\": 0.02813,\n    \"118\": 0.00804,\n    \"119\": 0.06027,\n    \"121\": 0.02813,\n    \"122\": 0.03616,\n    \"123\": 0.12858,\n    \"124\": 2.67197,\n    \"125\": 1.18933,\n    _: \"2 3 4 5 6 7 8 9 10 11 12 13 14 15 16 17 18 19 20 21 22 23 24 25 26 27 28 29 30 31 32 33 34 35 36 37 38 39 40 41 42 43 44 45 46 47 48 49 50 51 53 54 55 56 57 58 59 60 61 62 63 64 65 66 67 68 69 70 71 72 73 74 75 77 79 80 81 82 83 84 85 86 88 89 90 92 93 94 95 97 98 99 100 104 106 107 108 109 110 111 113 114 117 120 126 127 128 3.5 3.6\"\n  },\n  D: {\n    \"47\": 0.00402,\n    \"56\": 0.00804,\n    \"57\": 0.02411,\n    \"58\": 0.00804,\n    \"69\": 0.00804,\n    \"74\": 0.00402,\n    \"76\": 0.04018,\n    \"79\": 0.01205,\n    \"83\": 0.00402,\n    \"86\": 0.15268,\n    \"87\": 0.06429,\n    \"88\": 0.01205,\n    \"89\": 0.02411,\n    \"90\": 0.00402,\n    \"93\": 0.03616,\n    \"94\": 0.28126,\n    \"96\": 0.00402,\n    \"97\": 0.00402,\n    \"102\": 0.00402,\n    \"103\": 0.03214,\n    \"105\": 0.01607,\n    \"108\": 0.02009,\n    \"109\": 0.75137,\n    \"110\": 0.00402,\n    \"111\": 0.01205,\n    \"112\": 0.01205,\n    \"113\": 0.00402,\n    \"114\": 0.13661,\n    \"115\": 0.02009,\n    \"116\": 0.18081,\n    \"117\": 0.00402,\n    \"118\": 0.01607,\n    \"119\": 0.06831,\n    \"120\": 0.07232,\n    \"121\": 0.0884,\n    \"122\": 0.9603,\n    \"123\": 11.11379,\n    \"124\": 3.83317,\n    \"125\": 0.02411,\n    _: \"4 5 6 7 8 9 10 11 12 13 14 15 16 17 18 19 20 21 22 23 24 25 26 27 28 29 30 31 32 33 34 35 36 37 38 39 40 41 42 43 44 45 46 48 49 50 51 52 53 54 55 59 60 61 62 63 64 65 66 67 68 70 71 72 73 75 77 78 80 81 84 85 91 92 95 98 99 100 101 104 106 107 126 127\"\n  },\n  F: {\n    \"28\": 0.01607,\n    \"36\": 0.00804,\n    \"40\": 0.02009,\n    \"46\": 0.00804,\n    \"75\": 0.00402,\n    \"95\": 0.00402,\n    \"107\": 0.4018,\n    \"108\": 0.39376,\n    \"109\": 0.16072,\n    _: \"9 11 12 15 16 17 18 19 20 21 22 23 24 25 26 27 29 30 31 32 33 34 35 37 38 39 41 42 43 44 45 47 48 49 50 51 52 53 54 55 56 57 58 60 62 63 64 65 66 67 68 69 70 71 72 73 74 76 77 78 79 80 81 82 83 84 85 86 87 88 89 90 91 92 93 94 96 97 98 99 100 101 102 103 104 105 106 9.5-9.6 10.0-10.1 10.5 10.6 11.1 11.5 11.6 12.1\"\n  },\n  B: {\n    \"18\": 0.00402,\n    \"92\": 0.08438,\n    \"100\": 0.00402,\n    \"108\": 0.00402,\n    \"109\": 0.01607,\n    \"112\": 0.00402,\n    \"113\": 0.00402,\n    \"114\": 0.00402,\n    \"115\": 0.02009,\n    \"116\": 0.01205,\n    \"117\": 0.02009,\n    \"118\": 0.00402,\n    \"119\": 0.00402,\n    \"120\": 0.03214,\n    \"121\": 0.03616,\n    \"122\": 0.39376,\n    \"123\": 6.19977,\n    \"124\": 3.5278,\n    _: \"12 13 14 15 16 17 79 80 81 83 84 85 86 87 88 89 90 91 93 94 95 96 97 98 99 101 102 103 104 105 106 107 110 111\"\n  },\n  E: {\n    \"14\": 0.00804,\n    \"15\": 0.00402,\n    _: \"0 4 5 6 7 8 9 10 11 12 13 3.1 3.2 5.1 6.1 7.1 9.1 10.1\",\n    \"11.1\": 0.00804,\n    \"12.1\": 0.00402,\n    \"13.1\": 0.10045,\n    \"14.1\": 0.1567,\n    \"15.1\": 0.01205,\n    \"15.2-15.3\": 0.00402,\n    \"15.4\": 0.01607,\n    \"15.5\": 0.02411,\n    \"15.6\": 0.17679,\n    \"16.0\": 0.07232,\n    \"16.1\": 0.03616,\n    \"16.2\": 0.01205,\n    \"16.3\": 0.22099,\n    \"16.4\": 0.02411,\n    \"16.5\": 0.0884,\n    \"16.6\": 0.38975,\n    \"17.0\": 0.04822,\n    \"17.1\": 0.93619,\n    \"17.2\": 0.1125,\n    \"17.3\": 0.45805,\n    \"17.4\": 1.42237,\n    \"17.5\": 0.00402\n  },\n  G: {\n    \"8\": 0,\n    \"3.2\": 0,\n    \"4.0-4.1\": 0,\n    \"4.2-4.3\": 0.00322,\n    \"5.0-5.1\": 0.00322,\n    \"6.0-6.1\": 0.00806,\n    \"7.0-7.1\": 0.0129,\n    \"8.1-8.4\": 0.00322,\n    \"9.0-9.2\": 0.00806,\n    \"9.3\": 0.0403,\n    \"10.0-10.2\": 0.00806,\n    \"10.3\": 0.06449,\n    \"11.0-11.2\": 0.05481,\n    \"11.3-11.4\": 0.01612,\n    \"12.0-12.1\": 0.01129,\n    \"12.2-12.5\": 0.26278,\n    \"13.0-13.1\": 0.00484,\n    \"13.2\": 0.0532,\n    \"13.3\": 0.0129,\n    \"13.4-13.7\": 0.04998,\n    \"14.0-14.4\": 0.09834,\n    \"14.5-14.8\": 0.14993,\n    \"15.0-15.1\": 0.06932,\n    \"15.2-15.3\": 0.079,\n    \"15.4\": 0.09028,\n    \"15.5\": 0.11446,\n    \"15.6-15.8\": 0.99953,\n    \"16.0\": 0.23376,\n    \"16.1\": 0.48687,\n    \"16.2\": 0.23376,\n    \"16.3\": 0.41271,\n    \"16.4\": 0.08544,\n    \"16.5\": 0.17895,\n    \"16.6-16.7\": 1.41385,\n    \"17.0\": 0.16928,\n    \"17.1\": 0.31276,\n    \"17.2\": 0.41593,\n    \"17.3\": 3.03406,\n    \"17.4\": 6.84841,\n    \"17.5\": 0.06287\n  },\n  P: {\n    \"4\": 0.04203,\n    \"20\": 0.04203,\n    \"21\": 0.07355,\n    \"22\": 0.12608,\n    \"23\": 0.34673,\n    \"24\": 3.08901,\n    \"5.0-5.4\": 0.07355,\n    _: \"6.2-6.4 8.2 9.2 10.1 11.1-11.2 12.0 13.0 15.0 17.0\",\n    \"7.2-7.4\": 0.05253,\n    \"14.0\": 0.02101,\n    \"16.0\": 0.01051,\n    \"18.0\": 0.02101,\n    \"19.0\": 0.07355\n  },\n  I: {\n    \"0\": 0.02979,\n    \"3\": 0,\n    \"4\": 0,\n    \"2.1\": 0,\n    \"2.2\": 0,\n    \"2.3\": 0,\n    \"4.1\": 0.00001,\n    \"4.2-4.3\": 0.00002,\n    \"4.4\": 0,\n    \"4.4.3-4.4.4\": 0.00007\n  },\n  A: {\n    \"11\": 0.02813,\n    _: \"6 7 8 9 10 5.5\"\n  },\n  K: {\n    \"0\": 0.11964,\n    _: \"10 11 12 11.1 11.5 12.1\"\n  },\n  J: {\n    _: \"7 10\"\n  },\n  N: {\n    _: \"10 11\"\n  },\n  S: {\n    _: \"2.5 3.0-3.1\"\n  },\n  Q: {\n    \"14.9\": 0.02991\n  },\n  O: {\n    \"0\": 0.02393\n  },\n  H: {\n    \"0\": 0\n  },\n  L: {\n    \"0\": 40.24099\n  },\n  R: {\n    _: \"0\"\n  },\n  M: {\n    \"0\": 0.23928\n  }\n};","map":{"version":3,"names":["module","exports","C","_","D","F","B","E","G","P","I","A","K","J","N","S","Q","O","H","L","R","M"],"sources":["C:/Users/chest/OneDrive/Documentos/GitHub/HackUPC/frontend/node_modules/caniuse-lite/data/regions/GF.js"],