{"ast":null,"code":"module.exports = {\n  C: {\n    \"88\": 0.01184,\n    \"115\": 0.04735,\n    \"121\": 0.01973,\n    \"122\": 0.00395,\n    \"123\": 0.01184,\n    \"124\": 0.35119,\n    \"125\": 0.16573,\n    _: \"2 3 4 5 6 7 8 9 10 11 12 13 14 15 16 17 18 19 20 21 22 23 24 25 26 27 28 29 30 31 32 33 34 35 36 37 38 39 40 41 42 43 44 45 46 47 48 49 50 51 52 53 54 55 56 57 58 59 60 61 62 63 64 65 66 67 68 69 70 71 72 73 74 75 76 77 78 79 80 81 82 83 84 85 86 87 89 90 91 92 93 94 95 96 97 98 99 100 101 102 103 104 105 106 107 108 109 110 111 112 113 114 116 117 118 119 120 126 127 128 3.5 3.6\"\n  },\n  D: {\n    \"49\": 0.00395,\n    \"69\": 0.01578,\n    \"70\": 0.00395,\n    \"71\": 0.01184,\n    \"74\": 0.01578,\n    \"75\": 0.00789,\n    \"76\": 0.0513,\n    \"79\": 0.00789,\n    \"81\": 0.06708,\n    \"83\": 0.02762,\n    \"86\": 0.00789,\n    \"87\": 0.01578,\n    \"88\": 0.0513,\n    \"89\": 0.00789,\n    \"91\": 0.02762,\n    \"93\": 0.02368,\n    \"94\": 0.00789,\n    \"98\": 0.00395,\n    \"100\": 0.00395,\n    \"102\": 0.00395,\n    \"103\": 0.36698,\n    \"104\": 0.01973,\n    \"105\": 0.03157,\n    \"106\": 0.00395,\n    \"107\": 0.00789,\n    \"108\": 0.01973,\n    \"109\": 0.292,\n    \"110\": 0.00395,\n    \"111\": 0.01184,\n    \"112\": 0.00395,\n    \"114\": 0.01578,\n    \"115\": 0.00789,\n    \"116\": 0.06314,\n    \"117\": 0.00395,\n    \"118\": 0.18941,\n    \"119\": 0.20914,\n    \"120\": 4.6839,\n    \"121\": 1.59813,\n    \"122\": 2.52544,\n    \"123\": 11.838,\n    \"124\": 4.57341,\n    \"125\": 0.06708,\n    \"126\": 0.01184,\n    _: \"4 5 6 7 8 9 10 11 12 13 14 15 16 17 18 19 20 21 22 23 24 25 26 27 28 29 30 31 32 33 34 35 36 37 38 39 40 41 42 43 44 45 46 47 48 50 51 52 53 54 55 56 57 58 59 60 61 62 63 64 65 66 67 68 72 73 77 78 80 84 85 90 92 95 96 97 99 101 113 127\"\n  },\n  F: {\n    \"46\": 0.00395,\n    \"95\": 0.00395,\n    \"106\": 0.00395,\n    \"107\": 0.21308,\n    \"108\": 0.3433,\n    \"109\": 0.07103,\n    _: \"9 11 12 15 16 17 18 19 20 21 22 23 24 25 26 27 28 29 30 31 32 33 34 35 36 37 38 39 40 41 42 43 44 45 47 48 49 50 51 52 53 54 55 56 57 58 60 62 63 64 65 66 67 68 69 70 71 72 73 74 75 76 77 78 79 80 81 82 83 84 85 86 87 88 89 90 91 92 93 94 96 97 98 99 100 101 102 103 104 105 9.5-9.6 10.0-10.1 10.5 10.6 11.1 11.5 11.6 12.1\"\n  },\n  B: {\n    \"15\": 0.00789,\n    \"18\": 0.00395,\n    \"92\": 0.04735,\n    \"109\": 0.01973,\n    \"112\": 0.00789,\n    \"113\": 0.00789,\n    \"114\": 0.1973,\n    \"115\": 0.03157,\n    \"116\": 0.04341,\n    \"121\": 0.03551,\n    \"122\": 0.50509,\n    \"123\": 2.95161,\n    \"124\": 1.27061,\n    _: \"12 13 14 16 17 79 80 81 83 84 85 86 87 88 89 90 91 93 94 95 96 97 98 99 100 101 102 103 104 105 106 107 108 110 111 117 118 119 120\"\n  },\n  E: {\n    \"14\": 0.01184,\n    _: \"0 4 5 6 7 8 9 10 11 12 13 15 3.1 3.2 5.1 6.1 7.1 9.1 10.1 11.1 12.1 15.1\",\n    \"13.1\": 0.01973,\n    \"14.1\": 0.08681,\n    \"15.2-15.3\": 0.00395,\n    \"15.4\": 0.00789,\n    \"15.5\": 0.01184,\n    \"15.6\": 0.07892,\n    \"16.0\": 0.11049,\n    \"16.1\": 0.04735,\n    \"16.2\": 0.00789,\n    \"16.3\": 0.02368,\n    \"16.4\": 0.01973,\n    \"16.5\": 0.01578,\n    \"16.6\": 0.57612,\n    \"17.0\": 0.12233,\n    \"17.1\": 0.04341,\n    \"17.2\": 0.15389,\n    \"17.3\": 0.23281,\n    \"17.4\": 0.3946,\n    \"17.5\": 0.00395\n  },\n  G: {\n    \"8\": 0,\n    \"3.2\": 0,\n    \"4.0-4.1\": 0,\n    \"4.2-4.3\": 0.00313,\n    \"5.0-5.1\": 0.00313,\n    \"6.0-6.1\": 0.00783,\n    \"7.0-7.1\": 0.01253,\n    \"8.1-8.4\": 0.00313,\n    \"9.0-9.2\": 0.00783,\n    \"9.3\": 0.03915,\n    \"10.0-10.2\": 0.00783,\n    \"10.3\": 0.06263,\n    \"11.0-11.2\": 0.05324,\n    \"11.3-11.4\": 0.01566,\n    \"12.0-12.1\": 0.01096,\n    \"12.2-12.5\": 0.25523,\n    \"13.0-13.1\": 0.0047,\n    \"13.2\": 0.05167,\n    \"13.3\": 0.01253,\n    \"13.4-13.7\": 0.04854,\n    \"14.0-14.4\": 0.09552,\n    \"14.5-14.8\": 0.14562,\n    \"15.0-15.1\": 0.06733,\n    \"15.2-15.3\": 0.07673,\n    \"15.4\": 0.08769,\n    \"15.5\": 0.11117,\n    \"15.6-15.8\": 0.97081,\n    \"16.0\": 0.22704,\n    \"16.1\": 0.47288,\n    \"16.2\": 0.22704,\n    \"16.3\": 0.40085,\n    \"16.4\": 0.08299,\n    \"16.5\": 0.17381,\n    \"16.6-16.7\": 1.37323,\n    \"17.0\": 0.16441,\n    \"17.1\": 0.30377,\n    \"17.2\": 0.40398,\n    \"17.3\": 2.94688,\n    \"17.4\": 6.65162,\n    \"17.5\": 0.06107\n  },\n  P: {\n    \"4\": 0.12874,\n    \"20\": 0.01073,\n    \"21\": 0.05364,\n    \"22\": 0.03219,\n    \"23\": 0.27894,\n    \"24\": 3.59408,\n    _: \"5.0-5.4 6.2-6.4 8.2 9.2 10.1 12.0 14.0\",\n    \"7.2-7.4\": 0.39696,\n    \"11.1-11.2\": 0.02146,\n    \"13.0\": 0.02146,\n    \"15.0\": 0.02146,\n    \"16.0\": 0.05364,\n    \"17.0\": 0.01073,\n    \"18.0\": 0.01073,\n    \"19.0\": 0.06437\n  },\n  I: {\n    \"0\": 0.01206,\n    \"3\": 0,\n    \"4\": 0,\n    \"2.1\": 0,\n    \"2.2\": 0,\n    \"2.3\": 0,\n    \"4.1\": 0,\n    \"4.2-4.3\": 0.00001,\n    \"4.4\": 0,\n    \"4.4.3-4.4.4\": 0.00003\n  },\n  A: {\n    \"10\": 0.00493,\n    \"11\": 0.0148,\n    _: \"6 7 8 9 5.5\"\n  },\n  K: {\n    \"0\": 0.45413,\n    _: \"10 11 12 11.1 11.5 12.1\"\n  },\n  J: {\n    _: \"7 10\"\n  },\n  N: {\n    _: \"10 11\"\n  },\n  S: {\n    _: \"2.5 3.0-3.1\"\n  },\n  Q: {\n    _: \"14.9\"\n  },\n  O: {\n    \"0\": 0.16349\n  },\n  H: {\n    \"0\": 0\n  },\n  L: {\n    \"0\": 42.00841\n  },\n  R: {\n    _: \"0\"\n  },\n  M: {\n    \"0\": 0.35725\n  }\n};","map":{"version":3,"names":["module","exports","C","_","D","F","B","E","G","P","I","A","K","J","N","S","Q","O","H","L","R","M"],"sources":["C:/Users/chest/OneDrive/Documentos/GitHub/HackUPC/frontend/node_modules/caniuse-lite/data/regions/LC.js"],