{"ast":null,"code":"module.exports = {\n  C: {\n    \"47\": 0.00467,\n    \"48\": 0.00934,\n    \"52\": 0.05136,\n    \"56\": 0.00467,\n    \"59\": 0.01868,\n    \"68\": 0.00467,\n    \"78\": 0.03735,\n    \"88\": 0.01868,\n    \"91\": 0.00934,\n    \"93\": 0.01401,\n    \"94\": 0.01868,\n    \"101\": 0.00467,\n    \"102\": 0.00934,\n    \"103\": 0.00467,\n    \"104\": 0.00467,\n    \"105\": 0.00467,\n    \"106\": 0.00467,\n    \"107\": 0.00467,\n    \"108\": 0.00467,\n    \"109\": 0.00467,\n    \"111\": 0.00467,\n    \"112\": 0.00467,\n    \"113\": 0.00934,\n    \"114\": 0.02335,\n    \"115\": 0.54627,\n    \"116\": 0.00467,\n    \"117\": 0.00467,\n    \"118\": 0.01868,\n    \"119\": 0.00934,\n    \"120\": 0.00467,\n    \"121\": 0.01401,\n    \"122\": 0.02335,\n    \"123\": 0.0607,\n    \"124\": 2.37652,\n    \"125\": 1.22795,\n    \"126\": 0.00467,\n    _: \"2 3 4 5 6 7 8 9 10 11 12 13 14 15 16 17 18 19 20 21 22 23 24 25 26 27 28 29 30 31 32 33 34 35 36 37 38 39 40 41 42 43 44 45 46 49 50 51 53 54 55 57 58 60 61 62 63 64 65 66 67 69 70 71 72 73 74 75 76 77 79 80 81 82 83 84 85 86 87 89 90 92 95 96 97 98 99 100 110 127 128 3.5 3.6\"\n  },\n  D: {\n    \"38\": 0.00934,\n    \"41\": 0.00467,\n    \"49\": 0.04669,\n    \"52\": 0.01401,\n    \"63\": 0.08871,\n    \"65\": 0.00467,\n    \"66\": 0.08404,\n    \"67\": 0.00467,\n    \"68\": 0.00467,\n    \"70\": 0.00467,\n    \"74\": 0.00467,\n    \"77\": 0.00934,\n    \"79\": 0.01868,\n    \"80\": 0.00467,\n    \"81\": 0.00934,\n    \"83\": 0.01401,\n    \"84\": 0.02801,\n    \"85\": 0.01401,\n    \"86\": 0.01868,\n    \"87\": 0.0747,\n    \"88\": 0.01401,\n    \"89\": 0.00467,\n    \"90\": 0.00934,\n    \"91\": 0.00467,\n    \"92\": 0.26613,\n    \"93\": 0.14474,\n    \"94\": 0.00934,\n    \"95\": 0.02801,\n    \"96\": 0.00934,\n    \"97\": 0.00467,\n    \"98\": 0.00467,\n    \"99\": 0.01401,\n    \"100\": 0.00934,\n    \"101\": 0.00467,\n    \"102\": 0.01401,\n    \"103\": 0.08404,\n    \"104\": 0.0607,\n    \"105\": 0.03735,\n    \"106\": 0.01868,\n    \"107\": 0.07004,\n    \"108\": 0.02335,\n    \"109\": 2.18509,\n    \"110\": 0.00934,\n    \"111\": 0.02335,\n    \"112\": 0.02801,\n    \"113\": 0.00934,\n    \"114\": 0.02801,\n    \"115\": 0.23345,\n    \"116\": 0.26613,\n    \"117\": 0.02801,\n    \"118\": 0.0747,\n    \"119\": 0.0747,\n    \"120\": 0.14474,\n    \"121\": 0.22411,\n    \"122\": 1.19993,\n    \"123\": 18.78339,\n    \"124\": 6.87277,\n    \"125\": 0.01401,\n    _: \"4 5 6 7 8 9 10 11 12 13 14 15 16 17 18 19 20 21 22 23 24 25 26 27 28 29 30 31 32 33 34 35 36 37 39 40 42 43 44 45 46 47 48 50 51 53 54 55 56 57 58 59 60 61 62 64 69 71 72 73 75 76 78 126 127\"\n  },\n  F: {\n    \"28\": 0.00467,\n    \"46\": 0.00467,\n    \"85\": 0.00934,\n    \"92\": 0.00467,\n    \"95\": 0.02801,\n    \"102\": 0.00467,\n    \"107\": 0.40153,\n    \"108\": 0.38286,\n    \"109\": 0.15875,\n    _: \"9 11 12 15 16 17 18 19 20 21 22 23 24 25 26 27 29 30 31 32 33 34 35 36 37 38 39 40 41 42 43 44 45 47 48 49 50 51 52 53 54 55 56 57 58 60 62 63 64 65 66 67 68 69 70 71 72 73 74 75 76 77 78 79 80 81 82 83 84 86 87 88 89 90 91 93 94 96 97 98 99 100 101 103 104 105 106 9.5-9.6 10.0-10.1 10.5 10.6 11.1 11.5 11.6 12.1\"\n  },\n  B: {\n    \"17\": 0.00934,\n    \"18\": 0.00467,\n    \"85\": 0.00467,\n    \"90\": 0.14941,\n    \"92\": 0.00467,\n    \"104\": 0.00467,\n    \"107\": 0.00467,\n    \"108\": 0.00467,\n    \"109\": 0.07004,\n    \"112\": 0.00467,\n    \"113\": 0.00934,\n    \"114\": 0.00467,\n    \"115\": 0.04202,\n    \"116\": 0.00467,\n    \"117\": 0.00467,\n    \"118\": 0.00467,\n    \"119\": 0.01868,\n    \"120\": 0.03268,\n    \"121\": 0.04202,\n    \"122\": 0.18676,\n    \"123\": 2.7407,\n    \"124\": 1.25596,\n    _: \"12 13 14 15 16 79 80 81 83 84 86 87 88 89 91 93 94 95 96 97 98 99 100 101 102 103 105 106 110 111\"\n  },\n  E: {\n    \"8\": 0.00467,\n    \"13\": 0.00467,\n    \"14\": 0.04669,\n    \"15\": 0.01401,\n    _: \"0 4 5 6 7 9 10 11 12 3.1 3.2 5.1 6.1 7.1 10.1\",\n    \"9.1\": 0.00467,\n    \"11.1\": 0.01868,\n    \"12.1\": 0.01401,\n    \"13.1\": 0.14007,\n    \"14.1\": 0.36885,\n    \"15.1\": 0.02335,\n    \"15.2-15.3\": 0.01868,\n    \"15.4\": 0.02335,\n    \"15.5\": 0.03268,\n    \"15.6\": 0.2568,\n    \"16.0\": 0.03268,\n    \"16.1\": 0.0607,\n    \"16.2\": 0.04202,\n    \"16.3\": 0.09805,\n    \"16.4\": 0.04202,\n    \"16.5\": 0.0607,\n    \"16.6\": 0.26613,\n    \"17.0\": 0.0607,\n    \"17.1\": 0.11206,\n    \"17.2\": 0.18676,\n    \"17.3\": 0.33617,\n    \"17.4\": 1.08321,\n    \"17.5\": 0.00934\n  },\n  G: {\n    \"8\": 0,\n    \"3.2\": 0,\n    \"4.0-4.1\": 0,\n    \"4.2-4.3\": 0.00259,\n    \"5.0-5.1\": 0.00259,\n    \"6.0-6.1\": 0.00647,\n    \"7.0-7.1\": 0.01035,\n    \"8.1-8.4\": 0.00259,\n    \"9.0-9.2\": 0.00647,\n    \"9.3\": 0.03235,\n    \"10.0-10.2\": 0.00647,\n    \"10.3\": 0.05175,\n    \"11.0-11.2\": 0.04399,\n    \"11.3-11.4\": 0.01294,\n    \"12.0-12.1\": 0.00906,\n    \"12.2-12.5\": 0.21089,\n    \"13.0-13.1\": 0.00388,\n    \"13.2\": 0.0427,\n    \"13.3\": 0.01035,\n    \"13.4-13.7\": 0.04011,\n    \"14.0-14.4\": 0.07892,\n    \"14.5-14.8\": 0.12033,\n    \"15.0-15.1\": 0.05563,\n    \"15.2-15.3\": 0.0634,\n    \"15.4\": 0.07245,\n    \"15.5\": 0.09186,\n    \"15.6-15.8\": 0.80218,\n    \"16.0\": 0.18761,\n    \"16.1\": 0.39074,\n    \"16.2\": 0.18761,\n    \"16.3\": 0.33122,\n    \"16.4\": 0.06857,\n    \"16.5\": 0.14362,\n    \"16.6-16.7\": 1.13469,\n    \"17.0\": 0.13585,\n    \"17.1\": 0.251,\n    \"17.2\": 0.33381,\n    \"17.3\": 2.435,\n    \"17.4\": 5.49621,\n    \"17.5\": 0.05046\n  },\n  P: {\n    \"4\": 0.06281,\n    \"20\": 0.03141,\n    \"21\": 0.05234,\n    \"22\": 0.08375,\n    \"23\": 0.34547,\n    \"24\": 2.5439,\n    _: \"5.0-5.4 7.2-7.4 8.2 10.1 15.0\",\n    \"6.2-6.4\": 0.01047,\n    \"9.2\": 0.01047,\n    \"11.1-11.2\": 0.02094,\n    \"12.0\": 0.01047,\n    \"13.0\": 0.02094,\n    \"14.0\": 0.01047,\n    \"16.0\": 0.01047,\n    \"17.0\": 0.02094,\n    \"18.0\": 0.01047,\n    \"19.0\": 0.04187\n  },\n  I: {\n    \"0\": 0.04247,\n    \"3\": 0,\n    \"4\": 0,\n    \"2.1\": 0,\n    \"2.2\": 0,\n    \"2.3\": 0,\n    \"4.1\": 0.00001,\n    \"4.2-4.3\": 0.00003,\n    \"4.4\": 0,\n    \"4.4.3-4.4.4\": 0.00011\n  },\n  A: {\n    \"8\": 0.00478,\n    \"9\": 0.00478,\n    \"11\": 0.18653,\n    _: \"6 7 10 5.5\"\n  },\n  K: {\n    \"0\": 0.3785,\n    _: \"10 11 12 11.1 11.5 12.1\"\n  },\n  J: {\n    _: \"7 10\"\n  },\n  N: {\n    _: \"10 11\"\n  },\n  S: {\n    _: \"2.5 3.0-3.1\"\n  },\n  Q: {\n    \"14.9\": 0.00533\n  },\n  O: {\n    \"0\": 0.07997\n  },\n  H: {\n    \"0\": 0\n  },\n  L: {\n    \"0\": 36.05307\n  },\n  R: {\n    _: \"0\"\n  },\n  M: {\n    \"0\": 0.59707\n  }\n};","map":{"version":3,"names":["module","exports","C","_","D","F","B","E","G","P","I","A","K","J","N","S","Q","O","H","L","R","M"],"sources":["C:/Users/chest/OneDrive/Documentos/GitHub/HackUPC/frontend/node_modules/caniuse-lite/data/regions/IT.js"],