{"ast":null,"code":"module.exports = {\n  C: {\n    \"40\": 0.00744,\n    \"43\": 0.00372,\n    \"48\": 0.01488,\n    \"49\": 0.00372,\n    \"52\": 0.03719,\n    \"56\": 0.00372,\n    \"59\": 0.00372,\n    \"65\": 0.00744,\n    \"67\": 0.00372,\n    \"68\": 0.00744,\n    \"72\": 0.01488,\n    \"75\": 0.01488,\n    \"78\": 0.01116,\n    \"79\": 0.00372,\n    \"82\": 0.00372,\n    \"88\": 0.00744,\n    \"89\": 0.01488,\n    \"91\": 0.0186,\n    \"92\": 0.00744,\n    \"95\": 0.01488,\n    \"96\": 0.00372,\n    \"97\": 0.00372,\n    \"99\": 0.00744,\n    \"100\": 0.00372,\n    \"102\": 0.00372,\n    \"103\": 0.00372,\n    \"104\": 0.00372,\n    \"105\": 0.00372,\n    \"106\": 0.00372,\n    \"109\": 0.01116,\n    \"110\": 0.00744,\n    \"111\": 0.02603,\n    \"112\": 0.00744,\n    \"113\": 0.01488,\n    \"114\": 0.01116,\n    \"115\": 1.06363,\n    \"116\": 0.00744,\n    \"117\": 0.00372,\n    \"118\": 0.01116,\n    \"119\": 0.00372,\n    \"120\": 0.07066,\n    \"121\": 0.0186,\n    \"122\": 0.02975,\n    \"123\": 0.09298,\n    \"124\": 1.91157,\n    \"125\": 1.02644,\n    \"126\": 0.01488,\n    _: \"2 3 4 5 6 7 8 9 10 11 12 13 14 15 16 17 18 19 20 21 22 23 24 25 26 27 28 29 30 31 32 33 34 35 36 37 38 39 41 42 44 45 46 47 50 51 53 54 55 57 58 60 61 62 63 64 66 69 70 71 73 74 76 77 80 81 83 84 85 86 87 90 93 94 98 101 107 108 127 128 3.5 3.6\"\n  },\n  D: {\n    \"11\": 0.04091,\n    \"25\": 0.00372,\n    \"32\": 0.01116,\n    \"33\": 0.00372,\n    \"36\": 0.00372,\n    \"38\": 0.00372,\n    \"40\": 0.00372,\n    \"42\": 0.0595,\n    \"43\": 0.02231,\n    \"48\": 0.01116,\n    \"49\": 0.00744,\n    \"50\": 0.00744,\n    \"54\": 0.00372,\n    \"56\": 0.00372,\n    \"57\": 0.03347,\n    \"58\": 0.00372,\n    \"60\": 0.00372,\n    \"61\": 0.00372,\n    \"64\": 0.00372,\n    \"65\": 0.00372,\n    \"66\": 0.00372,\n    \"67\": 0.00744,\n    \"68\": 0.00744,\n    \"69\": 0.02603,\n    \"70\": 0.00744,\n    \"71\": 0.00744,\n    \"72\": 0.00372,\n    \"73\": 0.00744,\n    \"74\": 0.01488,\n    \"76\": 0.00744,\n    \"77\": 0.00744,\n    \"78\": 0.00372,\n    \"79\": 0.04091,\n    \"80\": 0.01116,\n    \"81\": 0.06322,\n    \"83\": 0.00372,\n    \"84\": 0.00372,\n    \"85\": 0.04463,\n    \"86\": 0.00744,\n    \"87\": 0.07438,\n    \"88\": 0.01488,\n    \"89\": 0.04835,\n    \"90\": 0.01116,\n    \"91\": 0.01488,\n    \"92\": 0.00372,\n    \"93\": 0.00372,\n    \"94\": 0.00372,\n    \"95\": 0.06322,\n    \"96\": 0.01488,\n    \"97\": 0.00744,\n    \"98\": 0.01116,\n    \"99\": 0.01488,\n    \"100\": 0.00372,\n    \"101\": 0.01116,\n    \"102\": 0.0595,\n    \"103\": 0.05579,\n    \"104\": 0.01488,\n    \"105\": 0.02975,\n    \"106\": 0.02231,\n    \"107\": 0.01116,\n    \"108\": 0.04091,\n    \"109\": 3.74131,\n    \"110\": 0.02603,\n    \"111\": 0.0186,\n    \"112\": 0.01488,\n    \"113\": 0.01116,\n    \"114\": 0.02975,\n    \"115\": 0.05579,\n    \"116\": 0.10413,\n    \"117\": 0.03347,\n    \"118\": 0.02603,\n    \"119\": 0.18223,\n    \"120\": 0.24545,\n    \"121\": 0.41281,\n    \"122\": 0.71405,\n    \"123\": 10.1789,\n    \"124\": 3.53677,\n    \"125\": 0.01488,\n    \"126\": 0.01116,\n    _: \"4 5 6 7 8 9 10 12 13 14 15 16 17 18 19 20 21 22 23 24 26 27 28 29 30 31 34 35 37 39 41 44 45 46 47 51 52 53 55 59 62 63 75 127\"\n  },\n  F: {\n    \"18\": 0.00372,\n    \"36\": 0.00372,\n    \"53\": 0.07066,\n    \"54\": 0.00372,\n    \"65\": 0.00372,\n    \"68\": 0.00744,\n    \"74\": 0.00372,\n    \"79\": 0.02975,\n    \"95\": 0.06322,\n    \"102\": 0.00372,\n    \"103\": 0.00372,\n    \"106\": 0.01488,\n    \"107\": 0.30868,\n    \"108\": 0.54297,\n    \"109\": 0.21198,\n    _: \"9 11 12 15 16 17 19 20 21 22 23 24 25 26 27 28 29 30 31 32 33 34 35 37 38 39 40 41 42 43 44 45 46 47 48 49 50 51 52 55 56 57 58 60 62 63 64 66 67 69 70 71 72 73 75 76 77 78 80 81 82 83 84 85 86 87 88 89 90 91 92 93 94 96 97 98 99 100 101 104 105 9.5-9.6 10.0-10.1 10.5 10.6 11.1 11.5 11.6\",\n    \"12.1\": 0.00372\n  },\n  B: {\n    \"12\": 0.00744,\n    \"15\": 0.00372,\n    \"17\": 0.01488,\n    \"18\": 0.02603,\n    \"84\": 0.01116,\n    \"85\": 0.00372,\n    \"88\": 0.00372,\n    \"89\": 0.01116,\n    \"90\": 0.00744,\n    \"92\": 0.14132,\n    \"100\": 0.01488,\n    \"109\": 0.27149,\n    \"111\": 0.00372,\n    \"114\": 0.0186,\n    \"115\": 0.01116,\n    \"116\": 0.00744,\n    \"117\": 0.00744,\n    \"118\": 0.01116,\n    \"119\": 0.01116,\n    \"120\": 0.03719,\n    \"121\": 0.03719,\n    \"122\": 0.18595,\n    \"123\": 1.9376,\n    \"124\": 0.83678,\n    _: \"13 14 16 79 80 81 83 86 87 91 93 94 95 96 97 98 99 101 102 103 104 105 106 107 108 110 112 113\"\n  },\n  E: {\n    \"7\": 0.01116,\n    \"14\": 0.00372,\n    \"15\": 0.00372,\n    _: \"0 4 5 6 8 9 10 11 12 13 3.1 3.2 5.1 6.1 7.1 9.1 10.1 12.1 15.2-15.3 17.5\",\n    \"11.1\": 0.00372,\n    \"13.1\": 0.02231,\n    \"14.1\": 0.03347,\n    \"15.1\": 0.00744,\n    \"15.4\": 0.00372,\n    \"15.5\": 0.00372,\n    \"15.6\": 0.03719,\n    \"16.0\": 0.00744,\n    \"16.1\": 0.00744,\n    \"16.2\": 0.00372,\n    \"16.3\": 0.01488,\n    \"16.4\": 0.00744,\n    \"16.5\": 0.00372,\n    \"16.6\": 0.09669,\n    \"17.0\": 0.00744,\n    \"17.1\": 0.00744,\n    \"17.2\": 0.03719,\n    \"17.3\": 0.04463,\n    \"17.4\": 0.07438\n  },\n  G: {\n    \"8\": 0,\n    \"3.2\": 0,\n    \"4.0-4.1\": 0,\n    \"4.2-4.3\": 0.00065,\n    \"5.0-5.1\": 0.00065,\n    \"6.0-6.1\": 0.00162,\n    \"7.0-7.1\": 0.0026,\n    \"8.1-8.4\": 0.00065,\n    \"9.0-9.2\": 0.00162,\n    \"9.3\": 0.00812,\n    \"10.0-10.2\": 0.00162,\n    \"10.3\": 0.01299,\n    \"11.0-11.2\": 0.01104,\n    \"11.3-11.4\": 0.00325,\n    \"12.0-12.1\": 0.00227,\n    \"12.2-12.5\": 0.05293,\n    \"13.0-13.1\": 0.00097,\n    \"13.2\": 0.01072,\n    \"13.3\": 0.0026,\n    \"13.4-13.7\": 0.01007,\n    \"14.0-14.4\": 0.01981,\n    \"14.5-14.8\": 0.0302,\n    \"15.0-15.1\": 0.01396,\n    \"15.2-15.3\": 0.01591,\n    \"15.4\": 0.01818,\n    \"15.5\": 0.02306,\n    \"15.6-15.8\": 0.20133,\n    \"16.0\": 0.04709,\n    \"16.1\": 0.09807,\n    \"16.2\": 0.04709,\n    \"16.3\": 0.08313,\n    \"16.4\": 0.01721,\n    \"16.5\": 0.03604,\n    \"16.6-16.7\": 0.28479,\n    \"17.0\": 0.0341,\n    \"17.1\": 0.063,\n    \"17.2\": 0.08378,\n    \"17.3\": 0.61114,\n    \"17.4\": 1.37944,\n    \"17.5\": 0.01266\n  },\n  P: {\n    \"4\": 0.06387,\n    \"20\": 0.01065,\n    \"21\": 0.01065,\n    \"22\": 0.02129,\n    \"23\": 0.10646,\n    \"24\": 0.29808,\n    _: \"5.0-5.4 8.2 9.2 10.1 12.0 13.0 18.0\",\n    \"6.2-6.4\": 0.01065,\n    \"7.2-7.4\": 0.01065,\n    \"11.1-11.2\": 0.01065,\n    \"14.0\": 0.01065,\n    \"15.0\": 0.01065,\n    \"16.0\": 0.01065,\n    \"17.0\": 0.01065,\n    \"19.0\": 0.01065\n  },\n  I: {\n    \"0\": 0.21893,\n    \"3\": 0,\n    \"4\": 0.00002,\n    \"2.1\": 0,\n    \"2.2\": 0,\n    \"2.3\": 0,\n    \"4.1\": 0.00004,\n    \"4.2-4.3\": 0.00013,\n    \"4.4\": 0,\n    \"4.4.3-4.4.4\": 0.00055\n  },\n  A: {\n    \"11\": 0.01488,\n    _: \"6 7 8 9 10 5.5\"\n  },\n  K: {\n    \"0\": 2.91497,\n    _: \"10 11 12 11.1 11.5 12.1\"\n  },\n  J: {\n    _: \"7 10\"\n  },\n  N: {\n    _: \"10 11\"\n  },\n  S: {\n    \"2.5\": 0.64694,\n    _: \"3.0-3.1\"\n  },\n  Q: {\n    \"14.9\": 0.00628\n  },\n  O: {\n    \"0\": 0.83537\n  },\n  H: {\n    \"0\": 4.17\n  },\n  L: {\n    \"0\": 56.24691\n  },\n  R: {\n    _: \"0\"\n  },\n  M: {\n    \"0\": 0.27636\n  }\n};","map":{"version":3,"names":["module","exports","C","_","D","F","B","E","G","P","I","A","K","J","N","S","Q","O","H","L","R","M"],"sources":["C:/Users/chest/OneDrive/Documentos/GitHub/HackUPC/frontend/node_modules/caniuse-lite/data/regions/MG.js"],