{"ast":null,"code":"module.exports = {\n  C: {\n    \"64\": 0.01237,\n    \"72\": 0.00412,\n    \"87\": 0.00412,\n    \"115\": 0.13197,\n    \"118\": 0.00412,\n    \"121\": 0.00412,\n    \"122\": 0.07423,\n    \"123\": 0.02474,\n    \"124\": 0.87429,\n    \"125\": 0.57324,\n    _: \"2 3 4 5 6 7 8 9 10 11 12 13 14 15 16 17 18 19 20 21 22 23 24 25 26 27 28 29 30 31 32 33 34 35 36 37 38 39 40 41 42 43 44 45 46 47 48 49 50 51 52 53 54 55 56 57 58 59 60 61 62 63 65 66 67 68 69 70 71 73 74 75 76 77 78 79 80 81 82 83 84 85 86 88 89 90 91 92 93 94 95 96 97 98 99 100 101 102 103 104 105 106 107 108 109 110 111 112 113 114 116 117 119 120 126 127 128 3.5 3.6\"\n  },\n  D: {\n    \"50\": 0.00412,\n    \"56\": 0.00412,\n    \"62\": 0.00412,\n    \"69\": 0.00412,\n    \"70\": 0.00412,\n    \"76\": 0.00825,\n    \"79\": 0.03299,\n    \"80\": 0.08248,\n    \"81\": 0.00412,\n    \"84\": 0.00412,\n    \"85\": 0.02474,\n    \"86\": 0.00412,\n    \"87\": 0.02887,\n    \"88\": 0.00412,\n    \"89\": 0.00825,\n    \"91\": 0.00825,\n    \"92\": 0.00412,\n    \"93\": 0.00825,\n    \"94\": 0.00412,\n    \"95\": 0.00412,\n    \"96\": 0.00825,\n    \"97\": 0.00412,\n    \"98\": 0.00412,\n    \"100\": 0.00412,\n    \"101\": 0.00412,\n    \"102\": 0.00412,\n    \"103\": 0.21857,\n    \"104\": 0.00412,\n    \"105\": 0.00412,\n    \"106\": 0.03712,\n    \"107\": 0.00825,\n    \"108\": 0.03299,\n    \"109\": 1.15472,\n    \"110\": 0.00412,\n    \"111\": 0.00412,\n    \"112\": 0.00412,\n    \"113\": 0.00825,\n    \"114\": 0.00825,\n    \"115\": 0.00412,\n    \"116\": 0.04124,\n    \"117\": 0.01237,\n    \"118\": 0.02887,\n    \"119\": 0.07423,\n    \"120\": 0.15671,\n    \"121\": 0.19383,\n    \"122\": 1.41041,\n    \"123\": 16.29805,\n    \"124\": 6.31797,\n    \"125\": 0.03712,\n    _: \"4 5 6 7 8 9 10 11 12 13 14 15 16 17 18 19 20 21 22 23 24 25 26 27 28 29 30 31 32 33 34 35 36 37 38 39 40 41 42 43 44 45 46 47 48 49 51 52 53 54 55 57 58 59 60 61 63 64 65 66 67 68 71 72 73 74 75 77 78 83 90 99 126 127\"\n  },\n  F: {\n    \"28\": 0.00412,\n    \"95\": 0.04949,\n    \"106\": 0.02062,\n    \"107\": 0.58561,\n    \"108\": 0.21445,\n    \"109\": 0.04124,\n    _: \"9 11 12 15 16 17 18 19 20 21 22 23 24 25 26 27 29 30 31 32 33 34 35 36 37 38 39 40 41 42 43 44 45 46 47 48 49 50 51 52 53 54 55 56 57 58 60 62 63 64 65 66 67 68 69 70 71 72 73 74 75 76 77 78 79 80 81 82 83 84 85 86 87 88 89 90 91 92 93 94 96 97 98 99 100 101 102 103 104 105 9.5-9.6 10.0-10.1 10.5 10.6 11.1 11.5 11.6 12.1\"\n  },\n  B: {\n    \"85\": 0.00825,\n    \"92\": 0.00825,\n    \"102\": 0.00412,\n    \"109\": 0.07011,\n    \"110\": 0.02474,\n    \"114\": 0.0165,\n    \"116\": 0.01237,\n    \"117\": 0.00412,\n    \"119\": 0.00412,\n    \"120\": 0.21445,\n    \"121\": 0.01237,\n    \"122\": 0.34642,\n    \"123\": 4.90344,\n    \"124\": 1.80219,\n    _: \"12 13 14 15 16 17 18 79 80 81 83 84 86 87 88 89 90 91 93 94 95 96 97 98 99 100 101 103 104 105 106 107 108 111 112 113 115 118\"\n  },\n  E: {\n    \"14\": 0.00825,\n    _: \"0 4 5 6 7 8 9 10 11 12 13 15 3.1 3.2 5.1 6.1 7.1 9.1 10.1 11.1 12.1 15.1 15.2-15.3 16.0\",\n    \"13.1\": 0.02062,\n    \"14.1\": 0.11135,\n    \"15.4\": 0.01237,\n    \"15.5\": 0.01237,\n    \"15.6\": 0.16496,\n    \"16.1\": 0.11547,\n    \"16.2\": 0.03299,\n    \"16.3\": 0.03299,\n    \"16.4\": 0.00825,\n    \"16.5\": 0.09485,\n    \"16.6\": 0.34229,\n    \"17.0\": 0.13609,\n    \"17.1\": 0.1031,\n    \"17.2\": 0.26806,\n    \"17.3\": 0.6021,\n    \"17.4\": 1.43103,\n    \"17.5\": 0.00412\n  },\n  G: {\n    \"8\": 0,\n    \"3.2\": 0,\n    \"4.0-4.1\": 0,\n    \"4.2-4.3\": 0.00328,\n    \"5.0-5.1\": 0.00328,\n    \"6.0-6.1\": 0.00819,\n    \"7.0-7.1\": 0.01311,\n    \"8.1-8.4\": 0.00328,\n    \"9.0-9.2\": 0.00819,\n    \"9.3\": 0.04096,\n    \"10.0-10.2\": 0.00819,\n    \"10.3\": 0.06553,\n    \"11.0-11.2\": 0.0557,\n    \"11.3-11.4\": 0.01638,\n    \"12.0-12.1\": 0.01147,\n    \"12.2-12.5\": 0.26703,\n    \"13.0-13.1\": 0.00491,\n    \"13.2\": 0.05406,\n    \"13.3\": 0.01311,\n    \"13.4-13.7\": 0.05079,\n    \"14.0-14.4\": 0.09993,\n    \"14.5-14.8\": 0.15236,\n    \"15.0-15.1\": 0.07044,\n    \"15.2-15.3\": 0.08027,\n    \"15.4\": 0.09174,\n    \"15.5\": 0.11631,\n    \"15.6-15.8\": 1.0157,\n    \"16.0\": 0.23754,\n    \"16.1\": 0.49475,\n    \"16.2\": 0.23754,\n    \"16.3\": 0.41939,\n    \"16.4\": 0.08683,\n    \"16.5\": 0.18184,\n    \"16.6-16.7\": 1.43673,\n    \"17.0\": 0.17201,\n    \"17.1\": 0.31782,\n    \"17.2\": 0.42266,\n    \"17.3\": 3.08315,\n    \"17.4\": 6.9592,\n    \"17.5\": 0.06389\n  },\n  P: {\n    \"4\": 0.10168,\n    \"20\": 0.0113,\n    \"21\": 0.10168,\n    \"22\": 0.12428,\n    \"23\": 0.44061,\n    \"24\": 5.61501,\n    \"5.0-5.4\": 0.0113,\n    \"6.2-6.4\": 0.0113,\n    \"7.2-7.4\": 0.12428,\n    _: \"8.2 9.2 10.1 11.1-11.2 12.0 14.0 18.0\",\n    \"13.0\": 0.0113,\n    \"15.0\": 0.0113,\n    \"16.0\": 0.0226,\n    \"17.0\": 0.06779,\n    \"19.0\": 0.0226\n  },\n  I: {\n    \"0\": 0.03511,\n    \"3\": 0,\n    \"4\": 0,\n    \"2.1\": 0,\n    \"2.2\": 0,\n    \"2.3\": 0,\n    \"4.1\": 0.00001,\n    \"4.2-4.3\": 0.00002,\n    \"4.4\": 0,\n    \"4.4.3-4.4.4\": 0.00009\n  },\n  A: {\n    \"8\": 0.00412,\n    \"11\": 0.0165,\n    _: \"6 7 9 10 5.5\"\n  },\n  K: {\n    \"0\": 0.15278,\n    _: \"10 11 12 11.1 11.5 12.1\"\n  },\n  J: {\n    _: \"7 10\"\n  },\n  N: {\n    _: \"10 11\"\n  },\n  S: {\n    _: \"2.5 3.0-3.1\"\n  },\n  Q: {\n    _: \"14.9\"\n  },\n  O: {\n    \"0\": 0.01763\n  },\n  H: {\n    \"0\": 0\n  },\n  L: {\n    \"0\": 35.32231\n  },\n  R: {\n    _: \"0\"\n  },\n  M: {\n    \"0\": 0.711\n  }\n};","map":{"version":3,"names":["module","exports","C","_","D","F","B","E","G","P","I","A","K","J","N","S","Q","O","H","L","R","M"],"sources":["C:/Users/chest/OneDrive/Documentos/GitHub/HackUPC/frontend/node_modules/caniuse-lite/data/regions/BB.js"],