{"ast":null,"code":"module.exports = {\n  C: {\n    \"52\": 0.00587,\n    \"66\": 0.00196,\n    \"68\": 0.00587,\n    \"70\": 0.02151,\n    \"72\": 0.00782,\n    \"78\": 0.01369,\n    \"80\": 0.00782,\n    \"81\": 0.00196,\n    \"84\": 0.00196,\n    \"85\": 0.00196,\n    \"91\": 0.00391,\n    \"95\": 0.01173,\n    \"96\": 0.00196,\n    \"97\": 0.00196,\n    \"99\": 0.00196,\n    \"102\": 0.00196,\n    \"104\": 0.00196,\n    \"109\": 0.00391,\n    \"113\": 0.00196,\n    \"115\": 0.18768,\n    \"116\": 0.00196,\n    \"120\": 0.00587,\n    \"121\": 0.00587,\n    \"122\": 0.00978,\n    \"123\": 0.03324,\n    \"124\": 0.58846,\n    \"125\": 0.36168,\n    \"126\": 0.00782,\n    _: \"2 3 4 5 6 7 8 9 10 11 12 13 14 15 16 17 18 19 20 21 22 23 24 25 26 27 28 29 30 31 32 33 34 35 36 37 38 39 40 41 42 43 44 45 46 47 48 49 50 51 53 54 55 56 57 58 59 60 61 62 63 64 65 67 69 71 73 74 75 76 77 79 82 83 86 87 88 89 90 92 93 94 98 100 101 103 105 106 107 108 110 111 112 114 117 118 119 127 128 3.5 3.6\"\n  },\n  D: {\n    \"11\": 0.00196,\n    \"34\": 0.00196,\n    \"36\": 0.00391,\n    \"38\": 0.00391,\n    \"39\": 0.00196,\n    \"43\": 0.00196,\n    \"49\": 0.00196,\n    \"50\": 0.00196,\n    \"51\": 0.00196,\n    \"53\": 0.00196,\n    \"56\": 0.00196,\n    \"59\": 0.00196,\n    \"63\": 0.00196,\n    \"65\": 0.00196,\n    \"68\": 0.00391,\n    \"69\": 0.01369,\n    \"70\": 0.00782,\n    \"71\": 0.00196,\n    \"73\": 0.00196,\n    \"74\": 0.00196,\n    \"75\": 0.00978,\n    \"76\": 0.00196,\n    \"77\": 0.00391,\n    \"79\": 0.04301,\n    \"80\": 0.00196,\n    \"81\": 0.00391,\n    \"83\": 0.0176,\n    \"86\": 0.0176,\n    \"87\": 0.02737,\n    \"88\": 0.02933,\n    \"90\": 0.00196,\n    \"91\": 0.01564,\n    \"92\": 0.00782,\n    \"93\": 0.02151,\n    \"94\": 0.00196,\n    \"95\": 0.01369,\n    \"96\": 0.00196,\n    \"97\": 0.00196,\n    \"98\": 0.01369,\n    \"99\": 0.01173,\n    \"100\": 0.00391,\n    \"101\": 0.00196,\n    \"102\": 0.00391,\n    \"103\": 0.1349,\n    \"104\": 0.00196,\n    \"105\": 0.00196,\n    \"106\": 0.00391,\n    \"107\": 0.00196,\n    \"108\": 0.02542,\n    \"109\": 0.96577,\n    \"110\": 0.00978,\n    \"111\": 0.00196,\n    \"112\": 0.00587,\n    \"113\": 0.00196,\n    \"114\": 0.01955,\n    \"115\": 0.00391,\n    \"116\": 0.10948,\n    \"117\": 0.02542,\n    \"118\": 0.00782,\n    \"119\": 0.03519,\n    \"120\": 0.04106,\n    \"121\": 0.08798,\n    \"122\": 0.26979,\n    \"123\": 5.46814,\n    \"124\": 2.60406,\n    \"125\": 0.01955,\n    _: \"4 5 6 7 8 9 10 12 13 14 15 16 17 18 19 20 21 22 23 24 25 26 27 28 29 30 31 32 33 35 37 40 41 42 44 45 46 47 48 52 54 55 57 58 60 61 62 64 66 67 72 78 84 85 89 126 127\"\n  },\n  F: {\n    \"40\": 0.00196,\n    \"46\": 0.00196,\n    \"79\": 0.00587,\n    \"85\": 0.00196,\n    \"89\": 0.00782,\n    \"95\": 0.01369,\n    \"102\": 0.00587,\n    \"107\": 0.04497,\n    \"108\": 0.24047,\n    \"109\": 0.06256,\n    _: \"9 11 12 15 16 17 18 19 20 21 22 23 24 25 26 27 28 29 30 31 32 33 34 35 36 37 38 39 41 42 43 44 45 47 48 49 50 51 52 53 54 55 56 57 58 60 62 63 64 65 66 67 68 69 70 71 72 73 74 75 76 77 78 80 81 82 83 84 86 87 88 90 91 92 93 94 96 97 98 99 100 101 103 104 105 106 9.5-9.6 10.0-10.1 10.5 10.6 11.1 11.5 11.6 12.1\"\n  },\n  B: {\n    \"12\": 0.00196,\n    \"13\": 0.00196,\n    \"15\": 0.00587,\n    \"17\": 0.00196,\n    \"18\": 0.00587,\n    \"84\": 0.00196,\n    \"90\": 0.00196,\n    \"92\": 0.00978,\n    \"100\": 0.00196,\n    \"101\": 0.00587,\n    \"102\": 0.00196,\n    \"109\": 0.01564,\n    \"112\": 0.00196,\n    \"114\": 0.00196,\n    \"115\": 0.00196,\n    \"117\": 0.00391,\n    \"118\": 0.00391,\n    \"119\": 0.00587,\n    \"120\": 0.02542,\n    \"121\": 0.02151,\n    \"122\": 0.11535,\n    \"123\": 1.66566,\n    \"124\": 0.84847,\n    _: \"14 16 79 80 81 83 85 86 87 88 89 91 93 94 95 96 97 98 99 103 104 105 106 107 108 110 111 113 116\"\n  },\n  E: {\n    \"11\": 0.00196,\n    \"13\": 0.00196,\n    \"14\": 0.01369,\n    _: \"0 4 5 6 7 8 9 10 12 15 3.1 3.2 5.1 6.1 7.1 9.1 10.1 11.1 17.5\",\n    \"12.1\": 0.00782,\n    \"13.1\": 0.02737,\n    \"14.1\": 0.02542,\n    \"15.1\": 0.00196,\n    \"15.2-15.3\": 0.00391,\n    \"15.4\": 0.00196,\n    \"15.5\": 0.00391,\n    \"15.6\": 0.06061,\n    \"16.0\": 0.00196,\n    \"16.1\": 0.01369,\n    \"16.2\": 0.00391,\n    \"16.3\": 0.01369,\n    \"16.4\": 0.00196,\n    \"16.5\": 0.00587,\n    \"16.6\": 0.02737,\n    \"17.0\": 0.0176,\n    \"17.1\": 0.01564,\n    \"17.2\": 0.01955,\n    \"17.3\": 0.04692,\n    \"17.4\": 0.14272\n  },\n  G: {\n    \"8\": 0,\n    \"3.2\": 0,\n    \"4.0-4.1\": 0,\n    \"4.2-4.3\": 0.00308,\n    \"5.0-5.1\": 0.00308,\n    \"6.0-6.1\": 0.00771,\n    \"7.0-7.1\": 0.01233,\n    \"8.1-8.4\": 0.00308,\n    \"9.0-9.2\": 0.00771,\n    \"9.3\": 0.03854,\n    \"10.0-10.2\": 0.00771,\n    \"10.3\": 0.06166,\n    \"11.0-11.2\": 0.05241,\n    \"11.3-11.4\": 0.01541,\n    \"12.0-12.1\": 0.01079,\n    \"12.2-12.5\": 0.25125,\n    \"13.0-13.1\": 0.00462,\n    \"13.2\": 0.05087,\n    \"13.3\": 0.01233,\n    \"13.4-13.7\": 0.04778,\n    \"14.0-14.4\": 0.09403,\n    \"14.5-14.8\": 0.14335,\n    \"15.0-15.1\": 0.06628,\n    \"15.2-15.3\": 0.07553,\n    \"15.4\": 0.08632,\n    \"15.5\": 0.10944,\n    \"15.6-15.8\": 0.95568,\n    \"16.0\": 0.22351,\n    \"16.1\": 0.46551,\n    \"16.2\": 0.22351,\n    \"16.3\": 0.3946,\n    \"16.4\": 0.0817,\n    \"16.5\": 0.1711,\n    \"16.6-16.7\": 1.35183,\n    \"17.0\": 0.16185,\n    \"17.1\": 0.29904,\n    \"17.2\": 0.39769,\n    \"17.3\": 2.90096,\n    \"17.4\": 6.54796,\n    \"17.5\": 0.06012\n  },\n  P: {\n    \"4\": 0.17451,\n    \"20\": 0.04106,\n    \"21\": 0.11292,\n    \"22\": 0.12318,\n    \"23\": 0.37981,\n    \"24\": 1.56031,\n    _: \"5.0-5.4 6.2-6.4 8.2 10.1 12.0 14.0\",\n    \"7.2-7.4\": 0.32849,\n    \"9.2\": 0.01027,\n    \"11.1-11.2\": 0.02053,\n    \"13.0\": 0.02053,\n    \"15.0\": 0.02053,\n    \"16.0\": 0.04106,\n    \"17.0\": 0.10265,\n    \"18.0\": 0.02053,\n    \"19.0\": 0.11292\n  },\n  I: {\n    \"0\": 0.03205,\n    \"3\": 0,\n    \"4\": 0,\n    \"2.1\": 0,\n    \"2.2\": 0,\n    \"2.3\": 0,\n    \"4.1\": 0.00001,\n    \"4.2-4.3\": 0.00002,\n    \"4.4\": 0,\n    \"4.4.3-4.4.4\": 0.00008\n  },\n  A: {\n    \"11\": 0.00391,\n    _: \"6 7 8 9 10 5.5\"\n  },\n  K: {\n    \"0\": 0.26962,\n    _: \"10 11 12 11.1 11.5 12.1\"\n  },\n  J: {\n    _: \"7 10\"\n  },\n  N: {\n    _: \"10 11\"\n  },\n  S: {\n    \"2.5\": 0.01609,\n    _: \"3.0-3.1\"\n  },\n  Q: {\n    _: \"14.9\"\n  },\n  O: {\n    \"0\": 0.02414\n  },\n  H: {\n    \"0\": 0.02\n  },\n  L: {\n    \"0\": 65.50925\n  },\n  R: {\n    _: \"0\"\n  },\n  M: {\n    \"0\": 0.0885\n  }\n};","map":{"version":3,"names":["module","exports","C","_","D","F","B","E","G","P","I","A","K","J","N","S","Q","O","H","L","R","M"],"sources":["C:/Users/chest/OneDrive/Documentos/GitHub/HackUPC/frontend/node_modules/caniuse-lite/data/regions/SN.js"],