{"ast":null,"code":"module.exports = {\n  C: {\n    \"4\": 0.19793,\n    \"52\": 0.01164,\n    \"73\": 0.06986,\n    \"75\": 0.00388,\n    \"76\": 0.00388,\n    \"78\": 0.00388,\n    \"105\": 0.00388,\n    \"106\": 0.00776,\n    \"108\": 0.00388,\n    \"109\": 0.00388,\n    \"110\": 0.00388,\n    \"113\": 0.00388,\n    \"115\": 0.09703,\n    \"118\": 0.00388,\n    \"120\": 0.01164,\n    \"121\": 0.00388,\n    \"122\": 0.00388,\n    \"123\": 0.01164,\n    \"124\": 0.54334,\n    \"125\": 0.24838,\n    \"126\": 0.00388,\n    _: \"2 3 5 6 7 8 9 10 11 12 13 14 15 16 17 18 19 20 21 22 23 24 25 26 27 28 29 30 31 32 33 34 35 36 37 38 39 40 41 42 43 44 45 46 47 48 49 50 51 53 54 55 56 57 58 59 60 61 62 63 64 65 66 67 68 69 70 71 72 74 77 79 80 81 82 83 84 85 86 87 88 89 90 91 92 93 94 95 96 97 98 99 100 101 102 103 104 107 111 112 114 116 117 119 127 128 3.5 3.6\"\n  },\n  D: {\n    \"38\": 0.00776,\n    \"43\": 0.00388,\n    \"45\": 0.00776,\n    \"47\": 0.00388,\n    \"49\": 0.01941,\n    \"65\": 0.01164,\n    \"69\": 0.00776,\n    \"70\": 0.00776,\n    \"72\": 0.00776,\n    \"73\": 0.00776,\n    \"75\": 0.00388,\n    \"76\": 0.01164,\n    \"79\": 0.01941,\n    \"81\": 0.01164,\n    \"83\": 0.00388,\n    \"84\": 0.01552,\n    \"85\": 0.01552,\n    \"86\": 0.00388,\n    \"87\": 0.12419,\n    \"88\": 0.01941,\n    \"89\": 0.00388,\n    \"90\": 0.01164,\n    \"91\": 0.02717,\n    \"92\": 0.00388,\n    \"93\": 0.03881,\n    \"94\": 0.00388,\n    \"95\": 0.00776,\n    \"96\": 0.00388,\n    \"97\": 0.02329,\n    \"98\": 0.00388,\n    \"99\": 0.01552,\n    \"100\": 0.00388,\n    \"101\": 0.00388,\n    \"102\": 0.02717,\n    \"103\": 0.1436,\n    \"104\": 0.00776,\n    \"105\": 0.01941,\n    \"106\": 0.05433,\n    \"107\": 0.03881,\n    \"108\": 0.04657,\n    \"109\": 1.48254,\n    \"110\": 0.04657,\n    \"111\": 0.0621,\n    \"112\": 0.02717,\n    \"113\": 0.00776,\n    \"114\": 0.01941,\n    \"115\": 0.01164,\n    \"116\": 0.11255,\n    \"117\": 0.01552,\n    \"118\": 0.01941,\n    \"119\": 0.14748,\n    \"120\": 0.12031,\n    \"121\": 0.33765,\n    \"122\": 1.07116,\n    \"123\": 15.06604,\n    \"124\": 5.82538,\n    \"125\": 0.02329,\n    _: \"4 5 6 7 8 9 10 11 12 13 14 15 16 17 18 19 20 21 22 23 24 25 26 27 28 29 30 31 32 33 34 35 36 37 39 40 41 42 44 46 48 50 51 52 53 54 55 56 57 58 59 60 61 62 63 64 66 67 68 71 74 77 78 80 126 127\"\n  },\n  F: {\n    \"46\": 0.00388,\n    \"69\": 0.01552,\n    \"95\": 0.01941,\n    \"102\": 0.00388,\n    \"106\": 0.00388,\n    \"107\": 1.48254,\n    \"108\": 0.41527,\n    \"109\": 0.26003,\n    _: \"9 11 12 15 16 17 18 19 20 21 22 23 24 25 26 27 28 29 30 31 32 33 34 35 36 37 38 39 40 41 42 43 44 45 47 48 49 50 51 52 53 54 55 56 57 58 60 62 63 64 65 66 67 68 70 71 72 73 74 75 76 77 78 79 80 81 82 83 84 85 86 87 88 89 90 91 92 93 94 96 97 98 99 100 101 103 104 105 9.5-9.6 10.0-10.1 10.5 10.6 11.1 11.5 11.6 12.1\"\n  },\n  B: {\n    \"12\": 0.00388,\n    \"15\": 0.00776,\n    \"18\": 0.02717,\n    \"85\": 0.00388,\n    \"89\": 0.00388,\n    \"92\": 0.03493,\n    \"100\": 0.00388,\n    \"107\": 0.00388,\n    \"108\": 0.01941,\n    \"109\": 0.02717,\n    \"110\": 0.01164,\n    \"111\": 0.00388,\n    \"113\": 0.00388,\n    \"114\": 0.00388,\n    \"115\": 0.00388,\n    \"116\": 0.00388,\n    \"117\": 0.00388,\n    \"118\": 0.00388,\n    \"119\": 0.01552,\n    \"120\": 0.01941,\n    \"121\": 0.07374,\n    \"122\": 0.23674,\n    \"123\": 2.72446,\n    \"124\": 1.16042,\n    _: \"13 14 16 17 79 80 81 83 84 86 87 88 90 91 93 94 95 96 97 98 99 101 102 103 104 105 106 112\"\n  },\n  E: {\n    \"14\": 0.01941,\n    \"15\": 0.01552,\n    _: \"0 4 5 6 7 8 9 10 11 12 13 3.1 3.2 6.1 7.1 9.1 10.1 11.1\",\n    \"5.1\": 0.00388,\n    \"12.1\": 0.00388,\n    \"13.1\": 0.02717,\n    \"14.1\": 0.04269,\n    \"15.1\": 0.00776,\n    \"15.2-15.3\": 0.00776,\n    \"15.4\": 0.01552,\n    \"15.5\": 0.02329,\n    \"15.6\": 0.15912,\n    \"16.0\": 0.01164,\n    \"16.1\": 0.02717,\n    \"16.2\": 0.03105,\n    \"16.3\": 0.04269,\n    \"16.4\": 0.01552,\n    \"16.5\": 0.02717,\n    \"16.6\": 0.13584,\n    \"17.0\": 0.05822,\n    \"17.1\": 0.09314,\n    \"17.2\": 0.09703,\n    \"17.3\": 0.23674,\n    \"17.4\": 0.60932,\n    \"17.5\": 0.00776\n  },\n  G: {\n    \"8\": 0,\n    \"3.2\": 0,\n    \"4.0-4.1\": 0,\n    \"4.2-4.3\": 0.00351,\n    \"5.0-5.1\": 0.00351,\n    \"6.0-6.1\": 0.00878,\n    \"7.0-7.1\": 0.01404,\n    \"8.1-8.4\": 0.00351,\n    \"9.0-9.2\": 0.00878,\n    \"9.3\": 0.04388,\n    \"10.0-10.2\": 0.00878,\n    \"10.3\": 0.07021,\n    \"11.0-11.2\": 0.05968,\n    \"11.3-11.4\": 0.01755,\n    \"12.0-12.1\": 0.01229,\n    \"12.2-12.5\": 0.28611,\n    \"13.0-13.1\": 0.00527,\n    \"13.2\": 0.05792,\n    \"13.3\": 0.01404,\n    \"13.4-13.7\": 0.05441,\n    \"14.0-14.4\": 0.10707,\n    \"14.5-14.8\": 0.16324,\n    \"15.0-15.1\": 0.07548,\n    \"15.2-15.3\": 0.08601,\n    \"15.4\": 0.09829,\n    \"15.5\": 0.12462,\n    \"15.6-15.8\": 1.08826,\n    \"16.0\": 0.25451,\n    \"16.1\": 0.53009,\n    \"16.2\": 0.25451,\n    \"16.3\": 0.44935,\n    \"16.4\": 0.09303,\n    \"16.5\": 0.19483,\n    \"16.6-16.7\": 1.53936,\n    \"17.0\": 0.1843,\n    \"17.1\": 0.34052,\n    \"17.2\": 0.45286,\n    \"17.3\": 3.30339,\n    \"17.4\": 7.45632,\n    \"17.5\": 0.06845\n  },\n  P: {\n    \"4\": 0.0844,\n    \"20\": 0.0211,\n    \"21\": 0.05275,\n    \"22\": 0.0422,\n    \"23\": 0.15824,\n    \"24\": 1.22373,\n    \"5.0-5.4\": 0.01055,\n    \"6.2-6.4\": 0.01055,\n    \"7.2-7.4\": 0.09494,\n    _: \"8.2 10.1 12.0 15.0\",\n    \"9.2\": 0.01055,\n    \"11.1-11.2\": 0.03165,\n    \"13.0\": 0.01055,\n    \"14.0\": 0.01055,\n    \"16.0\": 0.03165,\n    \"17.0\": 0.01055,\n    \"18.0\": 0.01055,\n    \"19.0\": 0.0211\n  },\n  I: {\n    \"0\": 0.03656,\n    \"3\": 0,\n    \"4\": 0,\n    \"2.1\": 0,\n    \"2.2\": 0,\n    \"2.3\": 0,\n    \"4.1\": 0.00001,\n    \"4.2-4.3\": 0.00002,\n    \"4.4\": 0,\n    \"4.4.3-4.4.4\": 0.00009\n  },\n  A: {\n    \"8\": 0.01242,\n    \"9\": 0.00414,\n    \"11\": 0.04554,\n    _: \"6 7 10 5.5\"\n  },\n  K: {\n    \"0\": 0.27531,\n    _: \"10 11 12 11.1 11.5 12.1\"\n  },\n  J: {\n    _: \"7 10\"\n  },\n  N: {\n    _: \"10 11\"\n  },\n  S: {\n    _: \"2.5 3.0-3.1\"\n  },\n  Q: {\n    \"14.9\": 0.00612\n  },\n  O: {\n    \"0\": 0.03671\n  },\n  H: {\n    \"0\": 0\n  },\n  L: {\n    \"0\": 44.20587\n  },\n  R: {\n    _: \"0\"\n  },\n  M: {\n    \"0\": 0.43438\n  }\n};","map":{"version":3,"names":["module","exports","C","_","D","F","B","E","G","P","I","A","K","J","N","S","Q","O","H","L","R","M"],"sources":["C:/Users/chest/OneDrive/Documentos/GitHub/HackUPC/frontend/node_modules/caniuse-lite/data/regions/DO.js"],