{"ast":null,"code":"module.exports = {\n  C: {\n    \"46\": 0.00216,\n    \"47\": 0.00216,\n    \"48\": 0.00216,\n    \"51\": 0.00216,\n    \"52\": 0.00431,\n    \"71\": 0.00216,\n    \"72\": 0.00216,\n    \"78\": 0.00431,\n    \"88\": 0.00647,\n    \"102\": 0.00216,\n    \"103\": 0.00216,\n    \"105\": 0.00216,\n    \"106\": 0.00216,\n    \"107\": 0.00216,\n    \"108\": 0.00216,\n    \"110\": 0.00216,\n    \"111\": 0.00216,\n    \"115\": 0.11211,\n    \"121\": 0.00216,\n    \"122\": 0.00216,\n    \"123\": 0.00647,\n    \"124\": 0.18326,\n    \"125\": 0.09918,\n    _: \"2 3 4 5 6 7 8 9 10 11 12 13 14 15 16 17 18 19 20 21 22 23 24 25 26 27 28 29 30 31 32 33 34 35 36 37 38 39 40 41 42 43 44 45 49 50 53 54 55 56 57 58 59 60 61 62 63 64 65 66 67 68 69 70 73 74 75 76 77 79 80 81 82 83 84 85 86 87 89 90 91 92 93 94 95 96 97 98 99 100 101 104 109 112 113 114 116 117 118 119 120 126 127 128 3.5 3.6\"\n  },\n  D: {\n    \"22\": 0.00431,\n    \"26\": 0.02587,\n    \"34\": 0.06252,\n    \"38\": 0.10996,\n    \"39\": 0.00431,\n    \"41\": 0.00216,\n    \"43\": 0.00216,\n    \"47\": 0.04096,\n    \"49\": 0.06684,\n    \"50\": 0.00431,\n    \"53\": 0.01078,\n    \"55\": 0.00216,\n    \"56\": 0.00431,\n    \"58\": 0.00216,\n    \"60\": 0.00647,\n    \"61\": 0.00216,\n    \"63\": 0.00216,\n    \"65\": 0.00216,\n    \"66\": 0.00216,\n    \"67\": 0.00431,\n    \"68\": 0.00431,\n    \"69\": 0.00431,\n    \"70\": 0.00216,\n    \"71\": 0.00431,\n    \"72\": 0.00216,\n    \"73\": 0.01509,\n    \"74\": 0.00216,\n    \"75\": 0.00431,\n    \"77\": 0.00216,\n    \"78\": 0.00431,\n    \"79\": 0.33418,\n    \"80\": 0.01078,\n    \"81\": 0.00647,\n    \"83\": 0.04096,\n    \"84\": 0.00216,\n    \"85\": 0.0194,\n    \"86\": 0.00647,\n    \"87\": 0.23716,\n    \"88\": 0.01078,\n    \"89\": 0.00216,\n    \"90\": 0.00431,\n    \"91\": 0.00647,\n    \"92\": 0.00431,\n    \"93\": 0.00216,\n    \"94\": 0.06252,\n    \"95\": 0.00647,\n    \"96\": 0.00647,\n    \"97\": 0.00431,\n    \"98\": 0.00862,\n    \"99\": 0.0345,\n    \"100\": 0.01078,\n    \"101\": 0.00647,\n    \"102\": 0.00647,\n    \"103\": 0.01725,\n    \"104\": 0.00647,\n    \"105\": 0.01078,\n    \"106\": 0.02587,\n    \"107\": 0.0194,\n    \"108\": 0.02587,\n    \"109\": 2.79633,\n    \"110\": 0.01725,\n    \"111\": 0.01725,\n    \"112\": 0.02587,\n    \"113\": 0.00862,\n    \"114\": 0.01509,\n    \"115\": 0.00647,\n    \"116\": 0.07546,\n    \"117\": 0.01725,\n    \"118\": 0.0194,\n    \"119\": 0.04743,\n    \"120\": 0.09702,\n    \"121\": 0.0884,\n    \"122\": 0.29322,\n    \"123\": 7.52228,\n    \"124\": 2.66913,\n    \"125\": 0.01725,\n    \"126\": 0.00216,\n    _: \"4 5 6 7 8 9 10 11 12 13 14 15 16 17 18 19 20 21 23 24 25 27 28 29 30 31 32 33 35 36 37 40 42 44 45 46 48 51 52 54 57 59 62 64 76 127\"\n  },\n  F: {\n    \"25\": 0.00216,\n    \"28\": 0.0194,\n    \"31\": 0.00647,\n    \"32\": 0.01078,\n    \"36\": 0.00862,\n    \"40\": 0.03665,\n    \"46\": 0.12289,\n    \"79\": 0.00431,\n    \"82\": 0.00216,\n    \"85\": 0.00431,\n    \"86\": 0.00862,\n    \"95\": 0.05606,\n    \"106\": 0.00431,\n    \"107\": 0.70501,\n    \"108\": 0.42689,\n    \"109\": 0.1272,\n    _: \"9 11 12 15 16 17 18 19 20 21 22 23 24 26 27 29 30 33 34 35 37 38 39 41 42 43 44 45 47 48 49 50 51 52 53 54 55 56 57 58 60 62 63 64 65 66 67 68 69 70 71 72 73 74 75 76 77 78 80 81 83 84 87 88 89 90 91 92 93 94 96 97 98 99 100 101 102 103 104 105 9.5-9.6 10.0-10.1 10.5 10.6 11.1 11.5 11.6 12.1\"\n  },\n  B: {\n    \"12\": 0.00216,\n    \"13\": 0.00216,\n    \"14\": 0.00216,\n    \"15\": 0.00216,\n    \"16\": 0.00216,\n    \"17\": 0.00431,\n    \"18\": 0.00862,\n    \"92\": 0.00647,\n    \"100\": 0.00216,\n    \"106\": 0.00216,\n    \"107\": 0.00216,\n    \"108\": 0.00216,\n    \"109\": 0.08193,\n    \"110\": 0.00216,\n    \"111\": 0.00431,\n    \"112\": 0.00216,\n    \"113\": 0.00216,\n    \"114\": 0.00431,\n    \"115\": 0.00216,\n    \"116\": 0.00216,\n    \"117\": 0.00431,\n    \"118\": 0.00216,\n    \"119\": 0.00647,\n    \"120\": 0.01294,\n    \"121\": 0.01294,\n    \"122\": 0.0733,\n    \"123\": 1.17071,\n    \"124\": 0.47863,\n    _: \"79 80 81 83 84 85 86 87 88 89 90 91 93 94 95 96 97 98 99 101 102 103 104 105\"\n  },\n  E: {\n    \"13\": 0.00216,\n    \"14\": 0.01078,\n    \"15\": 0.00216,\n    _: \"0 4 5 6 7 8 9 10 11 12 3.1 3.2 5.1 6.1 7.1 9.1 10.1 11.1\",\n    \"12.1\": 0.00216,\n    \"13.1\": 0.01078,\n    \"14.1\": 0.0194,\n    \"15.1\": 0.00216,\n    \"15.2-15.3\": 0.00216,\n    \"15.4\": 0.00431,\n    \"15.5\": 0.00647,\n    \"15.6\": 0.06037,\n    \"16.0\": 0.00862,\n    \"16.1\": 0.01294,\n    \"16.2\": 0.01078,\n    \"16.3\": 0.02587,\n    \"16.4\": 0.00647,\n    \"16.5\": 0.01294,\n    \"16.6\": 0.06684,\n    \"17.0\": 0.01078,\n    \"17.1\": 0.0194,\n    \"17.2\": 0.03234,\n    \"17.3\": 0.06684,\n    \"17.4\": 0.16601,\n    \"17.5\": 0.00216\n  },\n  G: {\n    \"8\": 0,\n    \"3.2\": 0,\n    \"4.0-4.1\": 0,\n    \"4.2-4.3\": 0.00228,\n    \"5.0-5.1\": 0.00228,\n    \"6.0-6.1\": 0.0057,\n    \"7.0-7.1\": 0.00912,\n    \"8.1-8.4\": 0.00228,\n    \"9.0-9.2\": 0.0057,\n    \"9.3\": 0.02849,\n    \"10.0-10.2\": 0.0057,\n    \"10.3\": 0.04559,\n    \"11.0-11.2\": 0.03875,\n    \"11.3-11.4\": 0.0114,\n    \"12.0-12.1\": 0.00798,\n    \"12.2-12.5\": 0.18578,\n    \"13.0-13.1\": 0.00342,\n    \"13.2\": 0.03761,\n    \"13.3\": 0.00912,\n    \"13.4-13.7\": 0.03533,\n    \"14.0-14.4\": 0.06952,\n    \"14.5-14.8\": 0.106,\n    \"15.0-15.1\": 0.04901,\n    \"15.2-15.3\": 0.05585,\n    \"15.4\": 0.06383,\n    \"15.5\": 0.08092,\n    \"15.6-15.8\": 0.70663,\n    \"16.0\": 0.16526,\n    \"16.1\": 0.3442,\n    \"16.2\": 0.16526,\n    \"16.3\": 0.29177,\n    \"16.4\": 0.06041,\n    \"16.5\": 0.12651,\n    \"16.6-16.7\": 0.99955,\n    \"17.0\": 0.11967,\n    \"17.1\": 0.22111,\n    \"17.2\": 0.29405,\n    \"17.3\": 2.14498,\n    \"17.4\": 4.84159,\n    \"17.5\": 0.04445\n  },\n  P: {\n    \"4\": 0.43803,\n    \"20\": 0.04075,\n    \"21\": 0.12224,\n    \"22\": 0.07131,\n    \"23\": 0.5399,\n    \"24\": 2.05772,\n    \"5.0-5.4\": 0.04075,\n    \"6.2-6.4\": 0.03056,\n    \"7.2-7.4\": 0.09168,\n    _: \"8.2 10.1\",\n    \"9.2\": 0.02037,\n    \"11.1-11.2\": 0.01019,\n    \"12.0\": 0.01019,\n    \"13.0\": 0.04075,\n    \"14.0\": 0.01019,\n    \"15.0\": 0.01019,\n    \"16.0\": 0.02037,\n    \"17.0\": 0.07131,\n    \"18.0\": 0.02037,\n    \"19.0\": 0.04075\n  },\n  I: {\n    \"0\": 0.03125,\n    \"3\": 0,\n    \"4\": 0,\n    \"2.1\": 0,\n    \"2.2\": 0,\n    \"2.3\": 0,\n    \"4.1\": 0.00001,\n    \"4.2-4.3\": 0.00002,\n    \"4.4\": 0,\n    \"4.4.3-4.4.4\": 0.00008\n  },\n  A: {\n    \"8\": 0.00216,\n    \"11\": 0.14661,\n    _: \"6 7 9 10 5.5\"\n  },\n  K: {\n    \"0\": 0.86284,\n    _: \"10 11 12 11.1 11.5 12.1\"\n  },\n  J: {\n    _: \"7 10\"\n  },\n  N: {\n    _: \"10 11\"\n  },\n  S: {\n    _: \"2.5 3.0-3.1\"\n  },\n  Q: {\n    _: \"14.9\"\n  },\n  O: {\n    \"0\": 0.10197\n  },\n  H: {\n    \"0\": 0\n  },\n  L: {\n    \"0\": 61.42446\n  },\n  R: {\n    _: \"0\"\n  },\n  M: {\n    \"0\": 0.09413\n  }\n};","map":{"version":3,"names":["module","exports","C","_","D","F","B","E","G","P","I","A","K","J","N","S","Q","O","H","L","R","M"],"sources":["C:/Users/chest/OneDrive/Documentos/GitHub/HackUPC/frontend/node_modules/caniuse-lite/data/regions/TR.js"],