{"ast":null,"code":"module.exports = {\n  C: {\n    \"3\": 0.00472,\n    \"4\": 0.00472,\n    \"30\": 0.00472,\n    \"38\": 0.00472,\n    \"39\": 0.00472,\n    \"40\": 0.00472,\n    \"47\": 0.00944,\n    \"89\": 0.00472,\n    \"99\": 0.00472,\n    \"115\": 0.20296,\n    \"120\": 0.00472,\n    \"121\": 0.00472,\n    \"122\": 0.00472,\n    \"123\": 0.13216,\n    \"124\": 0.79768,\n    \"125\": 0.4248,\n    \"126\": 0.00472,\n    _: \"2 5 6 7 8 9 10 11 12 13 14 15 16 17 18 19 20 21 22 23 24 25 26 27 28 29 31 32 33 34 35 36 37 41 42 43 44 45 46 48 49 50 51 52 53 54 55 56 57 58 59 60 61 62 63 64 65 66 67 68 69 70 71 72 73 74 75 76 77 78 79 80 81 82 83 84 85 86 87 88 90 91 92 93 94 95 96 97 98 100 101 102 103 104 105 106 107 108 109 110 111 112 113 114 116 117 118 119 127 128\",\n    \"3.5\": 0.00472,\n    \"3.6\": 0.00472\n  },\n  D: {\n    \"21\": 0.00472,\n    \"31\": 0.00472,\n    \"35\": 0.00472,\n    \"36\": 0.00472,\n    \"37\": 0.00472,\n    \"38\": 0.00472,\n    \"39\": 0.00472,\n    \"40\": 0.00944,\n    \"41\": 0.00472,\n    \"42\": 0.00472,\n    \"43\": 0.00944,\n    \"44\": 0.01416,\n    \"45\": 0.00944,\n    \"46\": 0.00944,\n    \"47\": 0.00944,\n    \"49\": 0.00472,\n    \"50\": 0.00472,\n    \"51\": 0.01888,\n    \"56\": 0.00472,\n    \"62\": 0.00472,\n    \"63\": 0.00944,\n    \"68\": 0.00472,\n    \"69\": 0.00472,\n    \"70\": 0.0472,\n    \"71\": 0.00472,\n    \"72\": 0.00472,\n    \"73\": 0.00472,\n    \"74\": 0.01416,\n    \"75\": 0.00472,\n    \"76\": 0.00472,\n    \"78\": 0.00944,\n    \"79\": 0.00944,\n    \"80\": 0.00472,\n    \"81\": 0.00472,\n    \"85\": 0.00472,\n    \"87\": 0.01416,\n    \"88\": 0.00944,\n    \"89\": 0.00472,\n    \"90\": 0.00472,\n    \"91\": 0.00472,\n    \"92\": 0.00472,\n    \"93\": 0.00472,\n    \"94\": 0.00944,\n    \"95\": 0.00472,\n    \"96\": 0.00472,\n    \"97\": 0.00944,\n    \"98\": 0.00472,\n    \"99\": 0.02832,\n    \"100\": 0.00472,\n    \"101\": 0.00472,\n    \"102\": 0.01888,\n    \"103\": 0.03776,\n    \"104\": 0.00472,\n    \"105\": 0.00944,\n    \"106\": 0.00472,\n    \"107\": 0.00472,\n    \"108\": 0.00472,\n    \"109\": 4.17248,\n    \"110\": 0.00472,\n    \"111\": 0.01888,\n    \"112\": 0.01416,\n    \"113\": 0.00944,\n    \"114\": 0.01416,\n    \"115\": 0.0472,\n    \"116\": 0.10856,\n    \"117\": 0.02832,\n    \"118\": 0.03304,\n    \"119\": 0.16992,\n    \"120\": 0.25488,\n    \"121\": 0.25016,\n    \"122\": 0.77408,\n    \"123\": 18.5496,\n    \"124\": 6.6788,\n    \"125\": 0.0236,\n    \"126\": 0.00472,\n    _: \"4 5 6 7 8 9 10 11 12 13 14 15 16 17 18 19 20 22 23 24 25 26 27 28 29 30 32 33 34 48 52 53 54 55 57 58 59 60 61 64 65 66 67 77 83 84 86 127\"\n  },\n  F: {\n    \"31\": 0.00472,\n    \"54\": 0.00472,\n    \"79\": 0.00472,\n    \"95\": 0.02832,\n    \"107\": 1.20832,\n    \"108\": 0.59944,\n    \"109\": 0.236,\n    _: \"9 11 12 15 16 17 18 19 20 21 22 23 24 25 26 27 28 29 30 32 33 34 35 36 37 38 39 40 41 42 43 44 45 46 47 48 49 50 51 52 53 55 56 57 58 60 62 63 64 65 66 67 68 69 70 71 72 73 74 75 76 77 78 80 81 82 83 84 85 86 87 88 89 90 91 92 93 94 96 97 98 99 100 101 102 103 104 105 106 9.5-9.6 10.0-10.1 10.5 10.6 11.1 11.5 11.6\",\n    \"12.1\": 0.00472\n  },\n  B: {\n    \"12\": 0.00944,\n    \"14\": 0.00472,\n    \"16\": 0.00472,\n    \"17\": 0.00472,\n    \"18\": 0.01888,\n    \"84\": 0.00472,\n    \"92\": 0.03776,\n    \"99\": 0.00472,\n    \"100\": 0.00944,\n    \"108\": 0.00472,\n    \"109\": 0.08496,\n    \"110\": 0.00472,\n    \"112\": 0.00472,\n    \"113\": 0.00944,\n    \"114\": 0.00944,\n    \"115\": 0.00472,\n    \"116\": 0.00472,\n    \"117\": 0.01416,\n    \"118\": 0.00944,\n    \"119\": 0.01416,\n    \"120\": 0.03776,\n    \"121\": 0.0472,\n    \"122\": 0.39176,\n    \"123\": 4.63504,\n    \"124\": 2.02488,\n    _: \"13 15 79 80 81 83 85 86 87 88 89 90 91 93 94 95 96 97 98 101 102 103 104 105 106 107 111\"\n  },\n  E: {\n    \"9\": 0.02832,\n    \"14\": 0.0236,\n    \"15\": 0.00944,\n    _: \"0 4 5 6 7 8 10 11 12 13 3.1 3.2 6.1 7.1 9.1 10.1 11.1 12.1\",\n    \"5.1\": 0.00472,\n    \"13.1\": 0.01888,\n    \"14.1\": 0.0944,\n    \"15.1\": 0.06136,\n    \"15.2-15.3\": 0.00944,\n    \"15.4\": 0.01416,\n    \"15.5\": 0.03304,\n    \"15.6\": 0.0708,\n    \"16.0\": 0.00472,\n    \"16.1\": 0.08496,\n    \"16.2\": 0.03776,\n    \"16.3\": 0.07552,\n    \"16.4\": 0.04248,\n    \"16.5\": 0.07552,\n    \"16.6\": 0.14632,\n    \"17.0\": 0.03776,\n    \"17.1\": 0.08496,\n    \"17.2\": 0.10856,\n    \"17.3\": 0.20296,\n    \"17.4\": 0.42952,\n    \"17.5\": 0.00944\n  },\n  G: {\n    \"8\": 0,\n    \"3.2\": 0,\n    \"4.0-4.1\": 0,\n    \"4.2-4.3\": 0.00358,\n    \"5.0-5.1\": 0.00358,\n    \"6.0-6.1\": 0.00894,\n    \"7.0-7.1\": 0.0143,\n    \"8.1-8.4\": 0.00358,\n    \"9.0-9.2\": 0.00894,\n    \"9.3\": 0.0447,\n    \"10.0-10.2\": 0.00894,\n    \"10.3\": 0.07151,\n    \"11.0-11.2\": 0.06079,\n    \"11.3-11.4\": 0.01788,\n    \"12.0-12.1\": 0.01251,\n    \"12.2-12.5\": 0.29141,\n    \"13.0-13.1\": 0.00536,\n    \"13.2\": 0.059,\n    \"13.3\": 0.0143,\n    \"13.4-13.7\": 0.05542,\n    \"14.0-14.4\": 0.10906,\n    \"14.5-14.8\": 0.16627,\n    \"15.0-15.1\": 0.07688,\n    \"15.2-15.3\": 0.0876,\n    \"15.4\": 0.10012,\n    \"15.5\": 0.12693,\n    \"15.6-15.8\": 1.10844,\n    \"16.0\": 0.25923,\n    \"16.1\": 0.53992,\n    \"16.2\": 0.25923,\n    \"16.3\": 0.45768,\n    \"16.4\": 0.09475,\n    \"16.5\": 0.19845,\n    \"16.6-16.7\": 1.56791,\n    \"17.0\": 0.18772,\n    \"17.1\": 0.34683,\n    \"17.2\": 0.46125,\n    \"17.3\": 3.36465,\n    \"17.4\": 7.59461,\n    \"17.5\": 0.06972\n  },\n  P: {\n    \"4\": 0.10275,\n    \"20\": 0.02055,\n    \"21\": 0.0822,\n    \"22\": 0.16439,\n    \"23\": 0.41098,\n    \"24\": 2.20904,\n    \"5.0-5.4\": 0.0411,\n    \"6.2-6.4\": 0.01027,\n    \"7.2-7.4\": 0.0411,\n    _: \"8.2 10.1 12.0\",\n    \"9.2\": 0.01027,\n    \"11.1-11.2\": 0.03082,\n    \"13.0\": 0.02055,\n    \"14.0\": 0.01027,\n    \"15.0\": 0.01027,\n    \"16.0\": 0.02055,\n    \"17.0\": 0.02055,\n    \"18.0\": 0.01027,\n    \"19.0\": 0.0411\n  },\n  I: {\n    \"0\": 0.16301,\n    \"3\": 0,\n    \"4\": 0.00002,\n    \"2.1\": 0,\n    \"2.2\": 0,\n    \"2.3\": 0,\n    \"4.1\": 0.00003,\n    \"4.2-4.3\": 0.0001,\n    \"4.4\": 0,\n    \"4.4.3-4.4.4\": 0.00041\n  },\n  A: {\n    \"6\": 0.00532,\n    \"7\": 0.01065,\n    \"8\": 0.09581,\n    \"9\": 0.02661,\n    \"10\": 0.01597,\n    \"11\": 0.09048,\n    _: \"5.5\"\n  },\n  K: {\n    \"0\": 0.11616,\n    _: \"10 11 12 11.1 11.5 12.1\"\n  },\n  J: {\n    _: \"7 10\"\n  },\n  N: {\n    _: \"10 11\"\n  },\n  S: {\n    \"2.5\": 0.00528,\n    _: \"3.0-3.1\"\n  },\n  Q: {\n    \"14.9\": 0.02112\n  },\n  O: {\n    \"0\": 0.14256\n  },\n  H: {\n    \"0\": 0\n  },\n  L: {\n    \"0\": 32.95048\n  },\n  R: {\n    _: \"0\"\n  },\n  M: {\n    \"0\": 0.1584\n  }\n};","map":{"version":3,"names":["module","exports","C","_","D","F","B","E","G","P","I","A","K","J","N","S","Q","O","H","L","R","M"],"sources":["C:/Users/chest/OneDrive/Documentos/GitHub/HackUPC/frontend/node_modules/caniuse-lite/data/regions/MN.js"],