{"ast":null,"code":"module.exports = {\n  C: {\n    \"50\": 0.01044,\n    \"52\": 0.0992,\n    \"60\": 0.00522,\n    \"68\": 0.00522,\n    \"72\": 0.00522,\n    \"77\": 0.02088,\n    \"78\": 0.02088,\n    \"83\": 0.02088,\n    \"84\": 0.00522,\n    \"88\": 0.04699,\n    \"89\": 0.00522,\n    \"91\": 0.01566,\n    \"93\": 0.00522,\n    \"99\": 0.01044,\n    \"102\": 0.02088,\n    \"103\": 0.04177,\n    \"107\": 0.00522,\n    \"108\": 0.00522,\n    \"111\": 0.01566,\n    \"113\": 0.03133,\n    \"114\": 0.00522,\n    \"115\": 0.8197,\n    \"116\": 0.00522,\n    \"117\": 0.00522,\n    \"118\": 0.03133,\n    \"119\": 0.01566,\n    \"120\": 0.00522,\n    \"121\": 0.03133,\n    \"122\": 0.05221,\n    \"123\": 0.13053,\n    \"124\": 3.34144,\n    \"125\": 1.81691,\n    \"126\": 0.00522,\n    _: \"2 3 4 5 6 7 8 9 10 11 12 13 14 15 16 17 18 19 20 21 22 23 24 25 26 27 28 29 30 31 32 33 34 35 36 37 38 39 40 41 42 43 44 45 46 47 48 49 51 53 54 55 56 57 58 59 61 62 63 64 65 66 67 69 70 71 73 74 75 76 79 80 81 82 85 86 87 90 92 94 95 96 97 98 100 101 104 105 106 109 110 112 127 128 3.5 3.6\"\n  },\n  D: {\n    \"41\": 0.00522,\n    \"43\": 0.00522,\n    \"44\": 0.00522,\n    \"45\": 0.00522,\n    \"46\": 0.00522,\n    \"48\": 0.00522,\n    \"49\": 0.02088,\n    \"51\": 0.04699,\n    \"70\": 0.00522,\n    \"76\": 0.00522,\n    \"78\": 0.00522,\n    \"79\": 0.02088,\n    \"80\": 0.00522,\n    \"81\": 0.00522,\n    \"83\": 0.00522,\n    \"84\": 0.00522,\n    \"85\": 0.01566,\n    \"86\": 0.00522,\n    \"87\": 0.05221,\n    \"88\": 0.02088,\n    \"89\": 0.01044,\n    \"90\": 0.02611,\n    \"91\": 0.00522,\n    \"92\": 0.00522,\n    \"93\": 0.01044,\n    \"94\": 0.00522,\n    \"95\": 0.00522,\n    \"96\": 0.00522,\n    \"98\": 0.04699,\n    \"99\": 0.01044,\n    \"100\": 0.02088,\n    \"102\": 0.02088,\n    \"103\": 0.03133,\n    \"104\": 0.02611,\n    \"105\": 0.00522,\n    \"106\": 0.00522,\n    \"107\": 0.01044,\n    \"108\": 0.01044,\n    \"109\": 2.30246,\n    \"110\": 0.00522,\n    \"111\": 0.03655,\n    \"112\": 0.05743,\n    \"113\": 0.00522,\n    \"114\": 0.01044,\n    \"115\": 1.46188,\n    \"116\": 0.14097,\n    \"117\": 0.02088,\n    \"118\": 0.02611,\n    \"119\": 0.07309,\n    \"120\": 0.10442,\n    \"121\": 0.27671,\n    \"122\": 1.0442,\n    \"123\": 19.8398,\n    \"124\": 7.38772,\n    \"125\": 0.03133,\n    _: \"4 5 6 7 8 9 10 11 12 13 14 15 16 17 18 19 20 21 22 23 24 25 26 27 28 29 30 31 32 33 34 35 36 37 38 39 40 42 47 50 52 53 54 55 56 57 58 59 60 61 62 63 64 65 66 67 68 69 71 72 73 74 75 77 97 101 126 127\"\n  },\n  F: {\n    \"28\": 0.00522,\n    \"46\": 0.02088,\n    \"82\": 0.00522,\n    \"95\": 0.02088,\n    \"99\": 0.03133,\n    \"106\": 0.01044,\n    \"107\": 1.07031,\n    \"108\": 0.6213,\n    \"109\": 0.21406,\n    _: \"9 11 12 15 16 17 18 19 20 21 22 23 24 25 26 27 29 30 31 32 33 34 35 36 37 38 39 40 41 42 43 44 45 47 48 49 50 51 52 53 54 55 56 57 58 60 62 63 64 65 66 67 68 69 70 71 72 73 74 75 76 77 78 79 80 81 83 84 85 86 87 88 89 90 91 92 93 94 96 97 98 100 101 102 103 104 105 9.5-9.6 10.0-10.1 10.5 10.6 11.1 11.5 11.6 12.1\"\n  },\n  B: {\n    \"85\": 0.01044,\n    \"92\": 0.00522,\n    \"98\": 0.00522,\n    \"107\": 0.00522,\n    \"108\": 0.00522,\n    \"109\": 0.27149,\n    \"113\": 0.00522,\n    \"114\": 0.00522,\n    \"115\": 0.00522,\n    \"116\": 0.00522,\n    \"118\": 0.00522,\n    \"119\": 0.01044,\n    \"120\": 0.08876,\n    \"121\": 0.06265,\n    \"122\": 0.25583,\n    \"123\": 3.91575,\n    \"124\": 1.83779,\n    _: \"12 13 14 15 16 17 18 79 80 81 83 84 86 87 88 89 90 91 93 94 95 96 97 99 100 101 102 103 104 105 106 110 111 112 117\"\n  },\n  E: {\n    \"9\": 0.01044,\n    \"14\": 0.03133,\n    _: \"0 4 5 6 7 8 10 11 12 13 15 3.1 3.2 5.1 6.1 7.1 9.1 10.1 11.1 12.1\",\n    \"13.1\": 0.06787,\n    \"14.1\": 0.10442,\n    \"15.1\": 0.00522,\n    \"15.2-15.3\": 0.01044,\n    \"15.4\": 0.01566,\n    \"15.5\": 0.02088,\n    \"15.6\": 0.16185,\n    \"16.0\": 0.01566,\n    \"16.1\": 0.08876,\n    \"16.2\": 0.04177,\n    \"16.3\": 0.08354,\n    \"16.4\": 0.05743,\n    \"16.5\": 0.05743,\n    \"16.6\": 0.24017,\n    \"17.0\": 0.06265,\n    \"17.1\": 0.14097,\n    \"17.2\": 0.11486,\n    \"17.3\": 0.28193,\n    \"17.4\": 0.88757,\n    \"17.5\": 0.00522\n  },\n  G: {\n    \"8\": 0,\n    \"3.2\": 0,\n    \"4.0-4.1\": 0,\n    \"4.2-4.3\": 0.00201,\n    \"5.0-5.1\": 0.00201,\n    \"6.0-6.1\": 0.00503,\n    \"7.0-7.1\": 0.00805,\n    \"8.1-8.4\": 0.00201,\n    \"9.0-9.2\": 0.00503,\n    \"9.3\": 0.02514,\n    \"10.0-10.2\": 0.00503,\n    \"10.3\": 0.04023,\n    \"11.0-11.2\": 0.0342,\n    \"11.3-11.4\": 0.01006,\n    \"12.0-12.1\": 0.00704,\n    \"12.2-12.5\": 0.16394,\n    \"13.0-13.1\": 0.00302,\n    \"13.2\": 0.03319,\n    \"13.3\": 0.00805,\n    \"13.4-13.7\": 0.03118,\n    \"14.0-14.4\": 0.06135,\n    \"14.5-14.8\": 0.09354,\n    \"15.0-15.1\": 0.04325,\n    \"15.2-15.3\": 0.04928,\n    \"15.4\": 0.05632,\n    \"15.5\": 0.07141,\n    \"15.6-15.8\": 0.62358,\n    \"16.0\": 0.14584,\n    \"16.1\": 0.30374,\n    \"16.2\": 0.14584,\n    \"16.3\": 0.25748,\n    \"16.4\": 0.05331,\n    \"16.5\": 0.11164,\n    \"16.6-16.7\": 0.88206,\n    \"17.0\": 0.10561,\n    \"17.1\": 0.19512,\n    \"17.2\": 0.25949,\n    \"17.3\": 1.89286,\n    \"17.4\": 4.27251,\n    \"17.5\": 0.03922\n  },\n  P: {\n    \"4\": 0.16662,\n    \"20\": 0.03124,\n    \"21\": 0.02083,\n    \"22\": 0.0729,\n    \"23\": 0.36448,\n    \"24\": 2.99911,\n    \"5.0-5.4\": 0.03124,\n    _: \"6.2-6.4 7.2-7.4 9.2 10.1 11.1-11.2 12.0 16.0\",\n    \"8.2\": 0.06248,\n    \"13.0\": 0.01041,\n    \"14.0\": 0.04165,\n    \"15.0\": 0.02083,\n    \"17.0\": 0.01041,\n    \"18.0\": 0.01041,\n    \"19.0\": 0.02083\n  },\n  I: {\n    \"0\": 0.08089,\n    \"3\": 0,\n    \"4\": 0.00001,\n    \"2.1\": 0,\n    \"2.2\": 0,\n    \"2.3\": 0,\n    \"4.1\": 0.00002,\n    \"4.2-4.3\": 0.00005,\n    \"4.4\": 0,\n    \"4.4.3-4.4.4\": 0.0002\n  },\n  A: {\n    \"8\": 0.02088,\n    \"9\": 0.00522,\n    \"10\": 0.00522,\n    \"11\": 0.03655,\n    _: \"6 7 5.5\"\n  },\n  K: {\n    \"0\": 0.29146,\n    _: \"10 11 12 11.1 11.5 12.1\"\n  },\n  J: {\n    _: \"7 10\"\n  },\n  N: {\n    _: \"10 11\"\n  },\n  S: {\n    _: \"2.5 3.0-3.1\"\n  },\n  Q: {\n    _: \"14.9\"\n  },\n  O: {\n    \"0\": 0.11945\n  },\n  H: {\n    \"0\": 0\n  },\n  L: {\n    \"0\": 32.86964\n  },\n  R: {\n    _: \"0\"\n  },\n  M: {\n    \"0\": 0.72626\n  }\n};","map":{"version":3,"names":["module","exports","C","_","D","F","B","E","G","P","I","A","K","J","N","S","Q","O","H","L","R","M"],"sources":["C:/Users/chest/OneDrive/Documentos/GitHub/HackUPC/frontend/node_modules/caniuse-lite/data/regions/SI.js"],