{"ast":null,"code":"module.exports = {\n  C: {\n    \"48\": 0.00362,\n    \"52\": 0.01448,\n    \"53\": 0.02533,\n    \"55\": 0.14838,\n    \"56\": 1.20513,\n    \"78\": 0.00362,\n    \"85\": 0.00362,\n    \"96\": 0.00362,\n    \"98\": 0.00362,\n    \"103\": 0.00362,\n    \"105\": 0.00362,\n    \"108\": 0.00362,\n    \"110\": 0.00362,\n    \"113\": 0.00362,\n    \"115\": 0.152,\n    \"119\": 0.00724,\n    \"120\": 0.01086,\n    \"121\": 0.00362,\n    \"122\": 0.00362,\n    \"123\": 0.01448,\n    \"124\": 0.49218,\n    \"125\": 0.2859,\n    \"126\": 0.00362,\n    _: \"2 3 4 5 6 7 8 9 10 11 12 13 14 15 16 17 18 19 20 21 22 23 24 25 26 27 28 29 30 31 32 33 34 35 36 37 38 39 40 41 42 43 44 45 46 47 49 50 51 54 57 58 59 60 61 62 63 64 65 66 67 68 69 70 71 72 73 74 75 76 77 79 80 81 82 83 84 86 87 88 89 90 91 92 93 94 95 97 99 100 101 102 104 106 107 109 111 112 114 116 117 118 127 128 3.5 3.6\"\n  },\n  D: {\n    \"25\": 0.11581,\n    \"37\": 0.0181,\n    \"38\": 0.00362,\n    \"43\": 0.01086,\n    \"49\": 0.0181,\n    \"53\": 0.00362,\n    \"56\": 0.00724,\n    \"58\": 0.00362,\n    \"65\": 0.00362,\n    \"68\": 0.00362,\n    \"70\": 0.00362,\n    \"73\": 0.00362,\n    \"74\": 0.01448,\n    \"78\": 0.00362,\n    \"79\": 0.304,\n    \"80\": 0.00362,\n    \"81\": 0.00362,\n    \"83\": 0.00362,\n    \"84\": 0.00362,\n    \"85\": 0.00362,\n    \"86\": 0.00724,\n    \"87\": 0.18095,\n    \"88\": 0.00724,\n    \"89\": 0.00362,\n    \"90\": 0.00362,\n    \"91\": 0.01086,\n    \"92\": 0.12667,\n    \"93\": 0.00362,\n    \"94\": 0.04343,\n    \"95\": 0.00724,\n    \"96\": 0.00362,\n    \"97\": 0.00362,\n    \"98\": 0.00362,\n    \"99\": 0.02171,\n    \"100\": 0.00362,\n    \"101\": 0.04705,\n    \"102\": 0.01086,\n    \"103\": 0.02895,\n    \"104\": 0.01086,\n    \"105\": 0.02533,\n    \"106\": 0.0181,\n    \"107\": 0.02171,\n    \"108\": 0.03981,\n    \"109\": 1.99045,\n    \"110\": 0.01086,\n    \"111\": 0.0181,\n    \"112\": 0.0181,\n    \"113\": 0.05429,\n    \"114\": 0.04343,\n    \"115\": 0.01448,\n    \"116\": 0.05067,\n    \"117\": 0.03257,\n    \"118\": 0.09409,\n    \"119\": 0.05429,\n    \"120\": 0.10133,\n    \"121\": 0.1339,\n    \"122\": 0.50666,\n    \"123\": 13.43735,\n    \"124\": 6.35135,\n    \"125\": 0.02171,\n    \"126\": 0.00362,\n    _: \"4 5 6 7 8 9 10 11 12 13 14 15 16 17 18 19 20 21 22 23 24 26 27 28 29 30 31 32 33 34 35 36 39 40 41 42 44 45 46 47 48 50 51 52 54 55 57 59 60 61 62 63 64 66 67 69 71 72 75 76 77 127\"\n  },\n  F: {\n    \"95\": 0.01448,\n    \"102\": 0.00362,\n    \"106\": 0.00362,\n    \"107\": 0.20628,\n    \"108\": 0.17733,\n    \"109\": 0.06514,\n    _: \"9 11 12 15 16 17 18 19 20 21 22 23 24 25 26 27 28 29 30 31 32 33 34 35 36 37 38 39 40 41 42 43 44 45 46 47 48 49 50 51 52 53 54 55 56 57 58 60 62 63 64 65 66 67 68 69 70 71 72 73 74 75 76 77 78 79 80 81 82 83 84 85 86 87 88 89 90 91 92 93 94 96 97 98 99 100 101 103 104 105 9.5-9.6 10.0-10.1 10.5 10.6 11.1 11.5 11.6 12.1\"\n  },\n  B: {\n    \"12\": 0.00362,\n    \"18\": 0.01086,\n    \"92\": 0.00724,\n    \"107\": 0.00362,\n    \"108\": 0.00724,\n    \"109\": 0.05429,\n    \"110\": 0.00362,\n    \"111\": 0.00362,\n    \"113\": 0.00362,\n    \"114\": 0.00362,\n    \"115\": 0.00362,\n    \"116\": 0.00362,\n    \"117\": 0.00362,\n    \"118\": 0.00724,\n    \"119\": 0.00724,\n    \"120\": 0.02533,\n    \"121\": 0.01448,\n    \"122\": 0.10133,\n    \"123\": 1.95788,\n    \"124\": 1.08208,\n    _: \"13 14 15 16 17 79 80 81 83 84 85 86 87 88 89 90 91 93 94 95 96 97 98 99 100 101 102 103 104 105 106 112\"\n  },\n  E: {\n    \"14\": 0.01448,\n    \"15\": 0.00724,\n    _: \"0 4 5 6 7 8 9 10 11 12 13 3.1 3.2 5.1 6.1 7.1 9.1 10.1 11.1\",\n    \"12.1\": 0.00362,\n    \"13.1\": 0.0181,\n    \"14.1\": 0.05429,\n    \"15.1\": 0.01086,\n    \"15.2-15.3\": 0.00724,\n    \"15.4\": 0.05067,\n    \"15.5\": 0.02895,\n    \"15.6\": 0.14838,\n    \"16.0\": 0.0181,\n    \"16.1\": 0.07962,\n    \"16.2\": 0.04343,\n    \"16.3\": 0.10857,\n    \"16.4\": 0.03619,\n    \"16.5\": 0.0579,\n    \"16.6\": 0.24609,\n    \"17.0\": 0.0579,\n    \"17.1\": 0.12667,\n    \"17.2\": 0.15924,\n    \"17.3\": 0.65142,\n    \"17.4\": 1.25579,\n    \"17.5\": 0.01086\n  },\n  G: {\n    \"8\": 0,\n    \"3.2\": 0,\n    \"4.0-4.1\": 0,\n    \"4.2-4.3\": 0.00343,\n    \"5.0-5.1\": 0.00343,\n    \"6.0-6.1\": 0.00857,\n    \"7.0-7.1\": 0.01371,\n    \"8.1-8.4\": 0.00343,\n    \"9.0-9.2\": 0.00857,\n    \"9.3\": 0.04283,\n    \"10.0-10.2\": 0.00857,\n    \"10.3\": 0.06853,\n    \"11.0-11.2\": 0.05825,\n    \"11.3-11.4\": 0.01713,\n    \"12.0-12.1\": 0.01199,\n    \"12.2-12.5\": 0.27927,\n    \"13.0-13.1\": 0.00514,\n    \"13.2\": 0.05654,\n    \"13.3\": 0.01371,\n    \"13.4-13.7\": 0.05311,\n    \"14.0-14.4\": 0.10451,\n    \"14.5-14.8\": 0.15934,\n    \"15.0-15.1\": 0.07367,\n    \"15.2-15.3\": 0.08395,\n    \"15.4\": 0.09594,\n    \"15.5\": 0.12164,\n    \"15.6-15.8\": 1.06225,\n    \"16.0\": 0.24843,\n    \"16.1\": 0.51742,\n    \"16.2\": 0.24843,\n    \"16.3\": 0.4386,\n    \"16.4\": 0.0908,\n    \"16.5\": 0.19018,\n    \"16.6-16.7\": 1.50256,\n    \"17.0\": 0.1799,\n    \"17.1\": 0.33238,\n    \"17.2\": 0.44203,\n    \"17.3\": 3.22443,\n    \"17.4\": 7.27809,\n    \"17.5\": 0.06682\n  },\n  P: {\n    \"4\": 0.13587,\n    \"20\": 0.0209,\n    \"21\": 0.09406,\n    \"22\": 0.10451,\n    \"23\": 0.33444,\n    \"24\": 2.35155,\n    \"5.0-5.4\": 0.0209,\n    \"6.2-6.4\": 0.01045,\n    \"7.2-7.4\": 0.13587,\n    _: \"8.2 9.2 10.1 12.0 15.0\",\n    \"11.1-11.2\": 0.01045,\n    \"13.0\": 0.0209,\n    \"14.0\": 0.16722,\n    \"16.0\": 0.06271,\n    \"17.0\": 0.09406,\n    \"18.0\": 0.03135,\n    \"19.0\": 0.03135\n  },\n  I: {\n    \"0\": 0.03813,\n    \"3\": 0,\n    \"4\": 0,\n    \"2.1\": 0,\n    \"2.2\": 0,\n    \"2.3\": 0,\n    \"4.1\": 0.00001,\n    \"4.2-4.3\": 0.00002,\n    \"4.4\": 0,\n    \"4.4.3-4.4.4\": 0.0001\n  },\n  A: {\n    \"8\": 0.00369,\n    \"9\": 0.00369,\n    \"11\": 0.5427,\n    _: \"6 7 10 5.5\"\n  },\n  K: {\n    \"0\": 0.238,\n    _: \"10 11 12 11.1 11.5 12.1\"\n  },\n  J: {\n    _: \"7 10\"\n  },\n  N: {\n    _: \"10 11\"\n  },\n  S: {\n    _: \"2.5 3.0-3.1\"\n  },\n  Q: {\n    \"14.9\": 0.00638\n  },\n  O: {\n    \"0\": 0.15953\n  },\n  H: {\n    \"0\": 0.03\n  },\n  L: {\n    \"0\": 44.02324\n  },\n  R: {\n    _: \"0\"\n  },\n  M: {\n    \"0\": 0.12762\n  }\n};","map":{"version":3,"names":["module","exports","C","_","D","F","B","E","G","P","I","A","K","J","N","S","Q","O","H","L","R","M"],"sources":["C:/Users/chest/OneDrive/Documentos/GitHub/HackUPC/frontend/node_modules/caniuse-lite/data/regions/TH.js"],