{"ast":null,"code":"module.exports = {\n  C: {\n    \"43\": 0.00468,\n    \"52\": 0.31329,\n    \"60\": 0.00468,\n    \"78\": 0.04208,\n    \"83\": 0.00935,\n    \"85\": 0.00468,\n    \"91\": 0.00468,\n    \"96\": 0.02806,\n    \"99\": 0.00468,\n    \"101\": 0.00935,\n    \"102\": 0.00468,\n    \"104\": 0.00468,\n    \"105\": 0.02338,\n    \"106\": 0.00468,\n    \"109\": 0.00468,\n    \"110\": 0.00935,\n    \"113\": 0.00468,\n    \"115\": 0.85571,\n    \"116\": 0.00468,\n    \"117\": 0.00468,\n    \"118\": 0.00468,\n    \"119\": 0.00935,\n    \"120\": 0.00468,\n    \"121\": 0.02806,\n    \"122\": 0.0187,\n    \"123\": 0.04676,\n    \"124\": 1.11756,\n    \"125\": 0.57515,\n    \"126\": 0.00468,\n    _: \"2 3 4 5 6 7 8 9 10 11 12 13 14 15 16 17 18 19 20 21 22 23 24 25 26 27 28 29 30 31 32 33 34 35 36 37 38 39 40 41 42 44 45 46 47 48 49 50 51 53 54 55 56 57 58 59 61 62 63 64 65 66 67 68 69 70 71 72 73 74 75 76 77 79 80 81 82 84 86 87 88 89 90 92 93 94 95 97 98 100 103 107 108 111 112 114 127 128 3.5 3.6\"\n  },\n  D: {\n    \"26\": 0.00468,\n    \"38\": 0.00468,\n    \"45\": 0.00935,\n    \"49\": 0.07014,\n    \"55\": 0.00935,\n    \"58\": 0.05611,\n    \"69\": 0.00468,\n    \"70\": 0.00468,\n    \"71\": 0.00468,\n    \"72\": 0.00468,\n    \"74\": 0.00468,\n    \"76\": 0.00468,\n    \"77\": 0.01403,\n    \"79\": 0.12625,\n    \"80\": 0.00935,\n    \"84\": 0.00468,\n    \"86\": 0.00935,\n    \"87\": 0.01403,\n    \"88\": 0.01403,\n    \"89\": 0.00935,\n    \"90\": 0.00468,\n    \"91\": 0.00468,\n    \"92\": 0.00468,\n    \"93\": 0.12625,\n    \"94\": 0.01403,\n    \"96\": 0.00468,\n    \"97\": 0.00935,\n    \"98\": 0.00935,\n    \"99\": 0.0187,\n    \"100\": 0.0187,\n    \"101\": 0.00935,\n    \"102\": 0.05611,\n    \"103\": 0.02806,\n    \"104\": 0.00935,\n    \"105\": 0.02806,\n    \"106\": 0.14028,\n    \"107\": 0.0187,\n    \"108\": 0.03741,\n    \"109\": 3.33866,\n    \"110\": 0.00935,\n    \"111\": 0.05144,\n    \"112\": 0.03273,\n    \"113\": 0.0187,\n    \"114\": 0.03273,\n    \"115\": 0.01403,\n    \"116\": 0.04208,\n    \"117\": 0.0187,\n    \"118\": 0.02338,\n    \"119\": 0.12625,\n    \"120\": 0.29926,\n    \"121\": 0.30862,\n    \"122\": 0.57515,\n    \"123\": 11.91912,\n    \"124\": 4.5591,\n    \"125\": 0.02338,\n    \"126\": 0.00468,\n    _: \"4 5 6 7 8 9 10 11 12 13 14 15 16 17 18 19 20 21 22 23 24 25 27 28 29 30 31 32 33 34 35 36 37 39 40 41 42 43 44 46 47 48 50 51 52 53 54 56 57 59 60 61 62 63 64 65 66 67 68 73 75 78 81 83 85 95 127\"\n  },\n  F: {\n    \"36\": 0.02338,\n    \"42\": 0.00468,\n    \"53\": 0.00468,\n    \"56\": 0.01403,\n    \"63\": 0.02806,\n    \"72\": 0.00468,\n    \"73\": 0.00468,\n    \"77\": 0.00468,\n    \"79\": 0.08884,\n    \"80\": 0.00935,\n    \"81\": 0.02338,\n    \"82\": 0.01403,\n    \"83\": 0.02806,\n    \"84\": 0.00935,\n    \"85\": 0.10755,\n    \"86\": 0.02806,\n    \"87\": 0.00935,\n    \"93\": 0.00935,\n    \"94\": 0.01403,\n    \"95\": 1.00066,\n    \"96\": 0.00935,\n    \"99\": 0.00468,\n    \"101\": 0.00468,\n    \"102\": 0.00468,\n    \"103\": 0.00468,\n    \"105\": 0.01403,\n    \"106\": 0.0187,\n    \"107\": 1.26252,\n    \"108\": 3.07213,\n    \"109\": 0.97728,\n    _: \"9 11 12 15 16 17 18 19 20 21 22 23 24 25 26 27 28 29 30 31 32 33 34 35 37 38 39 40 41 43 44 45 46 47 48 49 50 51 52 54 55 57 58 60 62 64 65 66 67 68 69 70 71 74 75 76 78 88 89 90 91 92 97 98 100 104 9.5-9.6 10.0-10.1 10.5 10.6 11.1 11.5 11.6\",\n    \"12.1\": 0.00468\n  },\n  B: {\n    \"18\": 0.00468,\n    \"92\": 0.00935,\n    \"105\": 0.00468,\n    \"106\": 0.00468,\n    \"107\": 0.00935,\n    \"109\": 0.03273,\n    \"114\": 0.00468,\n    \"117\": 0.00468,\n    \"119\": 0.00468,\n    \"120\": 0.00935,\n    \"121\": 0.00935,\n    \"122\": 0.08884,\n    \"123\": 1.52905,\n    \"124\": 0.75284,\n    _: \"12 13 14 15 16 17 79 80 81 83 84 85 86 87 88 89 90 91 93 94 95 96 97 98 99 100 101 102 103 104 108 110 111 112 113 115 116 118\"\n  },\n  E: {\n    \"14\": 0.00935,\n    \"15\": 0.00468,\n    _: \"0 4 5 6 7 8 9 10 11 12 13 3.1 3.2 6.1 7.1 10.1 11.1\",\n    \"5.1\": 0.00468,\n    \"9.1\": 0.00468,\n    \"12.1\": 0.0187,\n    \"13.1\": 0.0187,\n    \"14.1\": 0.03741,\n    \"15.1\": 0.00935,\n    \"15.2-15.3\": 0.00935,\n    \"15.4\": 0.02806,\n    \"15.5\": 0.02338,\n    \"15.6\": 0.28991,\n    \"16.0\": 0.01403,\n    \"16.1\": 0.08884,\n    \"16.2\": 0.05611,\n    \"16.3\": 0.12158,\n    \"16.4\": 0.03741,\n    \"16.5\": 0.13093,\n    \"16.6\": 0.43954,\n    \"17.0\": 0.04208,\n    \"17.1\": 0.1356,\n    \"17.2\": 0.21977,\n    \"17.3\": 0.49566,\n    \"17.4\": 1.86105,\n    \"17.5\": 0.00468\n  },\n  G: {\n    \"8\": 0,\n    \"3.2\": 0,\n    \"4.0-4.1\": 0,\n    \"4.2-4.3\": 0.00336,\n    \"5.0-5.1\": 0.00336,\n    \"6.0-6.1\": 0.00841,\n    \"7.0-7.1\": 0.01346,\n    \"8.1-8.4\": 0.00336,\n    \"9.0-9.2\": 0.00841,\n    \"9.3\": 0.04206,\n    \"10.0-10.2\": 0.00841,\n    \"10.3\": 0.0673,\n    \"11.0-11.2\": 0.0572,\n    \"11.3-11.4\": 0.01682,\n    \"12.0-12.1\": 0.01178,\n    \"12.2-12.5\": 0.27423,\n    \"13.0-13.1\": 0.00505,\n    \"13.2\": 0.05552,\n    \"13.3\": 0.01346,\n    \"13.4-13.7\": 0.05215,\n    \"14.0-14.4\": 0.10263,\n    \"14.5-14.8\": 0.15646,\n    \"15.0-15.1\": 0.07234,\n    \"15.2-15.3\": 0.08244,\n    \"15.4\": 0.09421,\n    \"15.5\": 0.11945,\n    \"15.6-15.8\": 1.04308,\n    \"16.0\": 0.24395,\n    \"16.1\": 0.50808,\n    \"16.2\": 0.24395,\n    \"16.3\": 0.43069,\n    \"16.4\": 0.08917,\n    \"16.5\": 0.18674,\n    \"16.6-16.7\": 1.47545,\n    \"17.0\": 0.17665,\n    \"17.1\": 0.32638,\n    \"17.2\": 0.43406,\n    \"17.3\": 3.16625,\n    \"17.4\": 7.14677,\n    \"17.5\": 0.06561\n  },\n  P: {\n    \"4\": 0.07212,\n    \"20\": 0.0103,\n    \"21\": 0.02061,\n    \"22\": 0.02061,\n    \"23\": 0.12364,\n    \"24\": 0.67999,\n    _: \"5.0-5.4 7.2-7.4 8.2 9.2 10.1 11.1-11.2 12.0 15.0 16.0 18.0 19.0\",\n    \"6.2-6.4\": 0.13394,\n    \"13.0\": 0.0103,\n    \"14.0\": 0.0103,\n    \"17.0\": 0.0103\n  },\n  I: {\n    \"0\": 0.03181,\n    \"3\": 0,\n    \"4\": 0,\n    \"2.1\": 0,\n    \"2.2\": 0,\n    \"2.3\": 0,\n    \"4.1\": 0.00001,\n    \"4.2-4.3\": 0.00002,\n    \"4.4\": 0,\n    \"4.4.3-4.4.4\": 0.00008\n  },\n  A: {\n    \"8\": 0.03379,\n    \"11\": 0.11584,\n    _: \"6 7 9 10 5.5\"\n  },\n  K: {\n    \"0\": 1.10336,\n    _: \"10 11 12 11.1 11.5 12.1\"\n  },\n  J: {\n    _: \"7 10\"\n  },\n  N: {\n    _: \"10 11\"\n  },\n  S: {\n    _: \"2.5 3.0-3.1\"\n  },\n  Q: {\n    _: \"14.9\"\n  },\n  O: {\n    \"0\": 0.1118\n  },\n  H: {\n    \"0\": 0.02\n  },\n  L: {\n    \"0\": 32.01121\n  },\n  R: {\n    _: \"0\"\n  },\n  M: {\n    \"0\": 0.14375\n  }\n};","map":{"version":3,"names":["module","exports","C","_","D","F","B","E","G","P","I","A","K","J","N","S","Q","O","H","L","R","M"],"sources":["C:/Users/chest/OneDrive/Documentos/GitHub/HackUPC/frontend/node_modules/caniuse-lite/data/regions/BY.js"],