{"ast":null,"code":"module.exports = {\n  C: {\n    \"78\": 0.00345,\n    \"115\": 0.0483,\n    \"122\": 0.00345,\n    \"123\": 0.04485,\n    \"124\": 2.4219,\n    \"125\": 1.38,\n    _: \"2 3 4 5 6 7 8 9 10 11 12 13 14 15 16 17 18 19 20 21 22 23 24 25 26 27 28 29 30 31 32 33 34 35 36 37 38 39 40 41 42 43 44 45 46 47 48 49 50 51 52 53 54 55 56 57 58 59 60 61 62 63 64 65 66 67 68 69 70 71 72 73 74 75 76 77 79 80 81 82 83 84 85 86 87 88 89 90 91 92 93 94 95 96 97 98 99 100 101 102 103 104 105 106 107 108 109 110 111 112 113 114 116 117 118 119 120 121 126 127 128 3.5 3.6\"\n  },\n  D: {\n    \"29\": 0.01035,\n    \"49\": 0.0276,\n    \"56\": 0.00345,\n    \"69\": 0.00345,\n    \"73\": 0.04485,\n    \"74\": 0.01725,\n    \"76\": 0.0483,\n    \"79\": 0.0138,\n    \"81\": 0.0069,\n    \"83\": 0.06555,\n    \"85\": 0.069,\n    \"87\": 0.03105,\n    \"88\": 0.0138,\n    \"91\": 0.01035,\n    \"93\": 0.13455,\n    \"94\": 0.0276,\n    \"95\": 0.0069,\n    \"98\": 0.0069,\n    \"99\": 0.0207,\n    \"102\": 0.00345,\n    \"103\": 0.1656,\n    \"107\": 0.00345,\n    \"108\": 0.00345,\n    \"109\": 0.7452,\n    \"110\": 0.0276,\n    \"112\": 0.01725,\n    \"114\": 0.01725,\n    \"115\": 0.0345,\n    \"116\": 0.0414,\n    \"117\": 0.0276,\n    \"118\": 0.0276,\n    \"119\": 0.07935,\n    \"120\": 0.2346,\n    \"121\": 0.28635,\n    \"122\": 1.8423,\n    \"123\": 9.2046,\n    \"124\": 3.72255,\n    \"125\": 0.0276,\n    \"126\": 0.01035,\n    _: \"4 5 6 7 8 9 10 11 12 13 14 15 16 17 18 19 20 21 22 23 24 25 26 27 28 30 31 32 33 34 35 36 37 38 39 40 41 42 43 44 45 46 47 48 50 51 52 53 54 55 57 58 59 60 61 62 63 64 65 66 67 68 70 71 72 75 77 78 80 84 86 89 90 92 96 97 100 101 104 105 106 111 113 127\"\n  },\n  F: {\n    \"82\": 0.00345,\n    \"85\": 0.0069,\n    \"106\": 0.00345,\n    \"107\": 0.138,\n    \"108\": 0.1035,\n    \"109\": 0.30705,\n    _: \"9 11 12 15 16 17 18 19 20 21 22 23 24 25 26 27 28 29 30 31 32 33 34 35 36 37 38 39 40 41 42 43 44 45 46 47 48 49 50 51 52 53 54 55 56 57 58 60 62 63 64 65 66 67 68 69 70 71 72 73 74 75 76 77 78 79 80 81 83 84 86 87 88 89 90 91 92 93 94 95 96 97 98 99 100 101 102 103 104 105 9.5-9.6 10.0-10.1 10.5 10.6 11.1 11.5 11.6 12.1\"\n  },\n  B: {\n    \"14\": 0.00345,\n    \"18\": 0.00345,\n    \"96\": 0.0138,\n    \"106\": 0.00345,\n    \"108\": 0.00345,\n    \"109\": 0.0069,\n    \"114\": 0.00345,\n    \"115\": 0.0069,\n    \"117\": 0.0069,\n    \"119\": 0.00345,\n    \"120\": 0.0138,\n    \"121\": 0.02415,\n    \"122\": 0.19665,\n    \"123\": 4.30215,\n    \"124\": 1.30755,\n    _: \"12 13 15 16 17 79 80 81 83 84 85 86 87 88 89 90 91 92 93 94 95 97 98 99 100 101 102 103 104 105 107 110 111 112 113 116 118\"\n  },\n  E: {\n    \"14\": 0.0069,\n    _: \"0 4 5 6 7 8 9 10 11 12 13 15 3.1 3.2 5.1 6.1 7.1 9.1 10.1 11.1 15.1 16.0\",\n    \"12.1\": 0.01035,\n    \"13.1\": 0.0138,\n    \"14.1\": 0.04485,\n    \"15.2-15.3\": 0.00345,\n    \"15.4\": 0.01035,\n    \"15.5\": 0.00345,\n    \"15.6\": 0.2622,\n    \"16.1\": 0.03795,\n    \"16.2\": 0.00345,\n    \"16.3\": 0.0828,\n    \"16.4\": 0.0069,\n    \"16.5\": 0.0276,\n    \"16.6\": 0.4209,\n    \"17.0\": 0.03795,\n    \"17.1\": 0.03795,\n    \"17.2\": 0.1311,\n    \"17.3\": 0.45885,\n    \"17.4\": 0.6969,\n    \"17.5\": 0.0207\n  },\n  G: {\n    \"8\": 0,\n    \"3.2\": 0,\n    \"4.0-4.1\": 0,\n    \"4.2-4.3\": 0.00312,\n    \"5.0-5.1\": 0.00312,\n    \"6.0-6.1\": 0.0078,\n    \"7.0-7.1\": 0.01248,\n    \"8.1-8.4\": 0.00312,\n    \"9.0-9.2\": 0.0078,\n    \"9.3\": 0.039,\n    \"10.0-10.2\": 0.0078,\n    \"10.3\": 0.0624,\n    \"11.0-11.2\": 0.05304,\n    \"11.3-11.4\": 0.0156,\n    \"12.0-12.1\": 0.01092,\n    \"12.2-12.5\": 0.25428,\n    \"13.0-13.1\": 0.00468,\n    \"13.2\": 0.05148,\n    \"13.3\": 0.01248,\n    \"13.4-13.7\": 0.04836,\n    \"14.0-14.4\": 0.09516,\n    \"14.5-14.8\": 0.14508,\n    \"15.0-15.1\": 0.06708,\n    \"15.2-15.3\": 0.07644,\n    \"15.4\": 0.08736,\n    \"15.5\": 0.11076,\n    \"15.6-15.8\": 0.96718,\n    \"16.0\": 0.2262,\n    \"16.1\": 0.47111,\n    \"16.2\": 0.2262,\n    \"16.3\": 0.39935,\n    \"16.4\": 0.08268,\n    \"16.5\": 0.17316,\n    \"16.6-16.7\": 1.3681,\n    \"17.0\": 0.1638,\n    \"17.1\": 0.30263,\n    \"17.2\": 0.40247,\n    \"17.3\": 2.93587,\n    \"17.4\": 6.62676,\n    \"17.5\": 0.06084\n  },\n  P: {\n    \"4\": 0.2356,\n    \"20\": 0.02356,\n    \"21\": 0.15314,\n    \"22\": 0.04712,\n    \"23\": 0.18848,\n    \"24\": 2.45028,\n    _: \"5.0-5.4 6.2-6.4 8.2 10.1 12.0 15.0 17.0\",\n    \"7.2-7.4\": 0.1767,\n    \"9.2\": 0.01178,\n    \"11.1-11.2\": 0.07068,\n    \"13.0\": 0.25916,\n    \"14.0\": 0.01178,\n    \"16.0\": 0.01178,\n    \"18.0\": 0.02356,\n    \"19.0\": 0.02356\n  },\n  I: {\n    \"0\": 0.07827,\n    \"3\": 0,\n    \"4\": 0.00001,\n    \"2.1\": 0,\n    \"2.2\": 0,\n    \"2.3\": 0,\n    \"4.1\": 0.00002,\n    \"4.2-4.3\": 0.00005,\n    \"4.4\": 0,\n    \"4.4.3-4.4.4\": 0.0002\n  },\n  A: {\n    _: \"6 7 8 9 10 11 5.5\"\n  },\n  K: {\n    \"0\": 0.51737,\n    _: \"10 11 12 11.1 11.5 12.1\"\n  },\n  J: {\n    _: \"7 10\"\n  },\n  N: {\n    _: \"10 11\"\n  },\n  S: {\n    _: \"2.5 3.0-3.1\"\n  },\n  Q: {\n    _: \"14.9\"\n  },\n  O: {\n    \"0\": 0.07859\n  },\n  H: {\n    \"0\": 0\n  },\n  L: {\n    \"0\": 49.3712\n  },\n  R: {\n    _: \"0\"\n  },\n  M: {\n    \"0\": 0.28161\n  }\n};","map":{"version":3,"names":["module","exports","C","_","D","F","B","E","G","P","I","A","K","J","N","S","Q","O","H","L","R","M"],"sources":["C:/Users/chest/OneDrive/Documentos/GitHub/HackUPC/frontend/node_modules/caniuse-lite/data/regions/VC.js"],