{"ast":null,"code":"module.exports = {\n  C: {\n    \"115\": 14.88346,\n    \"123\": 0.05126,\n    \"124\": 0.02563,\n    \"125\": 0.09611,\n    _: \"2 3 4 5 6 7 8 9 10 11 12 13 14 15 16 17 18 19 20 21 22 23 24 25 26 27 28 29 30 31 32 33 34 35 36 37 38 39 40 41 42 43 44 45 46 47 48 49 50 51 52 53 54 55 56 57 58 59 60 61 62 63 64 65 66 67 68 69 70 71 72 73 74 75 76 77 78 79 80 81 82 83 84 85 86 87 88 89 90 91 92 93 94 95 96 97 98 99 100 101 102 103 104 105 106 107 108 109 110 111 112 113 114 116 117 118 119 120 121 122 126 127 128 3.5 3.6\"\n  },\n  D: {\n    \"39\": 0.00641,\n    \"69\": 0.07688,\n    \"73\": 0.05766,\n    \"83\": 0.05766,\n    \"87\": 0.01281,\n    \"98\": 0.0897,\n    \"102\": 0.00641,\n    \"103\": 0.01922,\n    \"105\": 0.15377,\n    \"106\": 0.05766,\n    \"109\": 1.25577,\n    \"111\": 0.01281,\n    \"114\": 0.01281,\n    \"116\": 0.14736,\n    \"119\": 0.00641,\n    \"120\": 0.01922,\n    \"121\": 0.01281,\n    \"122\": 0.0897,\n    \"123\": 10.36653,\n    \"124\": 5.35625,\n    _: \"4 5 6 7 8 9 10 11 12 13 14 15 16 17 18 19 20 21 22 23 24 25 26 27 28 29 30 31 32 33 34 35 36 37 38 40 41 42 43 44 45 46 47 48 49 50 51 52 53 54 55 56 57 58 59 60 61 62 63 64 65 66 67 68 70 71 72 74 75 76 77 78 79 80 81 84 85 86 88 89 90 91 92 93 94 95 96 97 99 100 101 104 107 108 110 112 113 115 117 118 125 126 127\"\n  },\n  F: {\n    \"95\": 0.43568,\n    \"107\": 0.12814,\n    \"108\": 0.14095,\n    \"109\": 0.01922,\n    _: \"9 11 12 15 16 17 18 19 20 21 22 23 24 25 26 27 28 29 30 31 32 33 34 35 36 37 38 39 40 41 42 43 44 45 46 47 48 49 50 51 52 53 54 55 56 57 58 60 62 63 64 65 66 67 68 69 70 71 72 73 74 75 76 77 78 79 80 81 82 83 84 85 86 87 88 89 90 91 92 93 94 96 97 98 99 100 101 102 103 104 105 106 9.5-9.6 10.0-10.1 10.5 10.6 11.1 11.5 11.6 12.1\"\n  },\n  B: {\n    \"18\": 0.01281,\n    \"90\": 0.02563,\n    \"105\": 0.01281,\n    \"109\": 0.01281,\n    \"113\": 1.67223,\n    \"120\": 0.03204,\n    \"121\": 10.16791,\n    \"122\": 0.08329,\n    \"123\": 8.97621,\n    \"124\": 2.43466,\n    _: \"12 13 14 15 16 17 79 80 81 83 84 85 86 87 88 89 91 92 93 94 95 96 97 98 99 100 101 102 103 104 106 107 108 110 111 112 114 115 116 117 118 119\"\n  },\n  E: {\n    _: \"0 4 5 6 7 8 9 10 11 12 13 14 15 3.1 3.2 5.1 6.1 7.1 9.1 10.1 11.1 12.1 13.1 15.1 15.2-15.3 15.4 16.0 16.1 16.2 16.3 16.4 16.5 16.6 17.0 17.1 17.2 17.5\",\n    \"14.1\": 0.03204,\n    \"15.5\": 0.00641,\n    \"15.6\": 0.00641,\n    \"17.3\": 0.00641,\n    \"17.4\": 0.03844\n  },\n  G: {\n    \"8\": 0,\n    \"3.2\": 0,\n    \"4.0-4.1\": 0,\n    \"4.2-4.3\": 0.00034,\n    \"5.0-5.1\": 0.00034,\n    \"6.0-6.1\": 0.00085,\n    \"7.0-7.1\": 0.00136,\n    \"8.1-8.4\": 0.00034,\n    \"9.0-9.2\": 0.00085,\n    \"9.3\": 0.00424,\n    \"10.0-10.2\": 0.00085,\n    \"10.3\": 0.00678,\n    \"11.0-11.2\": 0.00577,\n    \"11.3-11.4\": 0.0017,\n    \"12.0-12.1\": 0.00119,\n    \"12.2-12.5\": 0.02764,\n    \"13.0-13.1\": 0.00051,\n    \"13.2\": 0.0056,\n    \"13.3\": 0.00136,\n    \"13.4-13.7\": 0.00526,\n    \"14.0-14.4\": 0.01034,\n    \"14.5-14.8\": 0.01577,\n    \"15.0-15.1\": 0.00729,\n    \"15.2-15.3\": 0.00831,\n    \"15.4\": 0.0095,\n    \"15.5\": 0.01204,\n    \"15.6-15.8\": 0.10515,\n    \"16.0\": 0.02459,\n    \"16.1\": 0.05122,\n    \"16.2\": 0.02459,\n    \"16.3\": 0.04341,\n    \"16.4\": 0.00899,\n    \"16.5\": 0.01882,\n    \"16.6-16.7\": 0.14873,\n    \"17.0\": 0.01781,\n    \"17.1\": 0.0329,\n    \"17.2\": 0.04375,\n    \"17.3\": 0.31917,\n    \"17.4\": 0.72042,\n    \"17.5\": 0.00661\n  },\n  P: {\n    \"4\": 0.06398,\n    \"21\": 0.01066,\n    \"22\": 0.15995,\n    \"23\": 0.03199,\n    \"24\": 0.29857,\n    _: \"20 6.2-6.4 7.2-7.4 8.2 9.2 10.1 11.1-11.2 12.0 13.0 14.0 15.0 17.0 18.0\",\n    \"5.0-5.4\": 0.06398,\n    \"16.0\": 0.02133,\n    \"19.0\": 0.01066\n  },\n  I: {\n    \"0\": 0.08588,\n    \"3\": 0,\n    \"4\": 0.00001,\n    \"2.1\": 0,\n    \"2.2\": 0,\n    \"2.3\": 0,\n    \"4.1\": 0.00002,\n    \"4.2-4.3\": 0.00005,\n    \"4.4\": 0,\n    \"4.4.3-4.4.4\": 0.00022\n  },\n  A: {\n    _: \"6 7 8 9 10 11 5.5\"\n  },\n  K: {\n    \"0\": 0.57488,\n    _: \"10 11 12 11.1 11.5 12.1\"\n  },\n  J: {\n    _: \"7 10\"\n  },\n  N: {\n    _: \"10 11\"\n  },\n  S: {\n    \"2.5\": 0.01078,\n    _: \"3.0-3.1\"\n  },\n  Q: {\n    _: \"14.9\"\n  },\n  O: {\n    \"0\": 0.24432\n  },\n  H: {\n    \"0\": 0\n  },\n  L: {\n    \"0\": 39.37616\n  },\n  R: {\n    _: \"0\"\n  },\n  M: {\n    \"0\": 0.00359\n  }\n};","map":{"version":3,"names":["module","exports","C","_","D","F","B","E","G","P","I","A","K","J","N","S","Q","O","H","L","R","M"],"sources":["C:/Users/chest/OneDrive/Documentos/GitHub/HackUPC/frontend/node_modules/caniuse-lite/data/regions/SH.js"],