{"ast":null,"code":"module.exports = {\n  C: {\n    \"2\": 0.02227,\n    \"3\": 0.01484,\n    \"4\": 0.01484,\n    \"6\": 0.00742,\n    \"8\": 0.00742,\n    \"9\": 0.00742,\n    \"11\": 0.01484,\n    \"12\": 0.00742,\n    \"14\": 0.00742,\n    \"15\": 0.00742,\n    \"17\": 0.00742,\n    \"18\": 0.00742,\n    \"19\": 0.00742,\n    \"21\": 0.01484,\n    \"23\": 0.00742,\n    \"24\": 0.00742,\n    \"25\": 0.01484,\n    \"26\": 0.00742,\n    \"27\": 0.00742,\n    \"28\": 0.00742,\n    \"29\": 0.00742,\n    \"30\": 0.00742,\n    \"31\": 0.01484,\n    \"32\": 0.01484,\n    \"33\": 0.00742,\n    \"34\": 0.01484,\n    \"35\": 0.02227,\n    \"36\": 0.00742,\n    \"37\": 0.01484,\n    \"38\": 0.01484,\n    \"39\": 0.02227,\n    \"40\": 0.05195,\n    \"41\": 0.01484,\n    \"42\": 0.00742,\n    \"44\": 0.02227,\n    \"50\": 4.40867,\n    \"52\": 4.60164,\n    \"53\": 4.66102,\n    \"56\": 4.27507,\n    \"65\": 0.00742,\n    \"103\": 0.00742,\n    \"106\": 0.00742,\n    \"107\": 0.01484,\n    \"108\": 0.03711,\n    \"109\": 0.05195,\n    \"110\": 0.08164,\n    \"111\": 0.00742,\n    \"113\": 0.00742,\n    \"115\": 0.95744,\n    \"117\": 0.00742,\n    \"120\": 0.00742,\n    \"122\": 0.00742,\n    \"123\": 0.08906,\n    \"124\": 3.08755,\n    \"125\": 1.44729,\n    _: \"5 7 10 13 16 20 22 43 45 46 47 48 49 51 54 55 57 58 59 60 61 62 63 64 66 67 68 69 70 71 72 73 74 75 76 77 78 79 80 81 82 83 84 85 86 87 88 89 90 91 92 93 94 95 96 97 98 99 100 101 102 104 105 112 114 116 118 119 121 126 127 128\",\n    \"3.5\": 0.00742,\n    \"3.6\": 0.05195\n  },\n  D: {\n    \"4\": 0.00742,\n    \"5\": 0.00742,\n    \"6\": 0.00742,\n    \"7\": 0.00742,\n    \"10\": 0.00742,\n    \"11\": 0.00742,\n    \"16\": 0.00742,\n    \"17\": 0.00742,\n    \"19\": 0.00742,\n    \"20\": 0.00742,\n    \"21\": 0.01484,\n    \"22\": 0.00742,\n    \"26\": 0.00742,\n    \"27\": 0.00742,\n    \"28\": 0.01484,\n    \"30\": 0.00742,\n    \"31\": 0.02227,\n    \"33\": 0.02227,\n    \"34\": 0.00742,\n    \"36\": 0.02227,\n    \"37\": 0.01484,\n    \"38\": 0.02227,\n    \"39\": 0.02969,\n    \"40\": 0.03711,\n    \"41\": 0.0668,\n    \"42\": 0.03711,\n    \"43\": 0.0668,\n    \"44\": 0.10391,\n    \"45\": 0.0668,\n    \"46\": 0.07422,\n    \"47\": 0.05938,\n    \"49\": 0.15586,\n    \"51\": 0.1336,\n    \"70\": 0.02969,\n    \"79\": 0.12617,\n    \"87\": 13.98305,\n    \"95\": 0.00742,\n    \"100\": 0.02969,\n    \"106\": 0.24493,\n    \"107\": 0.81642,\n    \"108\": 0.1336,\n    \"109\": 0.6086,\n    \"110\": 0.54923,\n    \"111\": 0.58634,\n    \"112\": 0.04453,\n    \"116\": 0.95002,\n    \"117\": 0.00742,\n    \"119\": 0.02227,\n    \"120\": 0.25977,\n    \"121\": 2.06332,\n    \"122\": 0.51212,\n    \"123\": 6.92473,\n    \"124\": 2.78325,\n    _: \"8 9 12 13 14 15 18 23 24 25 29 32 35 48 50 52 53 54 55 56 57 58 59 60 61 62 63 64 65 66 67 68 69 71 72 73 74 75 76 77 78 80 81 83 84 85 86 88 89 90 91 92 93 94 96 97 98 99 101 102 103 104 105 113 114 115 118 125 126 127\"\n  },\n  F: {\n    \"11\": 0.00742,\n    \"12\": 0.00742,\n    \"24\": 0.00742,\n    \"26\": 0.00742,\n    \"28\": 0.00742,\n    \"31\": 0.02227,\n    \"32\": 0.02227,\n    \"54\": 0.00742,\n    \"86\": 0.00742,\n    \"107\": 0.23008,\n    \"108\": 0.34883,\n    \"109\": 0.92775,\n    _: \"9 15 16 17 18 19 20 21 22 23 25 27 29 30 33 34 35 36 37 38 39 40 41 42 43 44 45 46 47 48 49 50 51 52 53 55 56 57 58 60 62 63 64 65 66 67 68 69 70 71 72 73 74 75 76 77 78 79 80 81 82 83 84 85 87 88 89 90 91 92 93 94 95 96 97 98 99 100 101 102 103 104 105 106 10.5 10.6 11.6\",\n    \"9.5-9.6\": 0.00742,\n    \"10.0-10.1\": 0.00742,\n    \"11.1\": 0.00742,\n    \"11.5\": 0.00742,\n    \"12.1\": 0.02227\n  },\n  B: {\n    \"12\": 0.01484,\n    \"13\": 0.00742,\n    \"92\": 0.00742,\n    \"107\": 0.35626,\n    \"108\": 0.31172,\n    \"109\": 0.01484,\n    \"113\": 0.05195,\n    \"114\": 0.00742,\n    \"119\": 0.05195,\n    \"120\": 0.36368,\n    \"121\": 0.07422,\n    \"122\": 0.46759,\n    \"123\": 4.31218,\n    \"124\": 1.92972,\n    _: \"14 15 16 17 18 79 80 81 83 84 85 86 87 88 89 90 91 93 94 95 96 97 98 99 100 101 102 103 104 105 106 110 111 112 115 116 117 118\"\n  },\n  E: {\n    \"5\": 0.00742,\n    \"6\": 0.00742,\n    \"7\": 0.01484,\n    \"8\": 0.02227,\n    \"9\": 0.18555,\n    \"13\": 0.00742,\n    \"14\": 0.00742,\n    _: \"0 4 10 11 12 15 3.1 3.2 6.1 10.1 11.1 15.2-15.3 15.4 17.5\",\n    \"5.1\": 0.00742,\n    \"7.1\": 0.00742,\n    \"9.1\": 0.00742,\n    \"12.1\": 0.00742,\n    \"13.1\": 0.08906,\n    \"14.1\": 2.03363,\n    \"15.1\": 0.03711,\n    \"15.5\": 0.00742,\n    \"15.6\": 0.15586,\n    \"16.0\": 0.15586,\n    \"16.1\": 0.01484,\n    \"16.2\": 0.00742,\n    \"16.3\": 0.12617,\n    \"16.4\": 0.01484,\n    \"16.5\": 0.29688,\n    \"16.6\": 0.23008,\n    \"17.0\": 0.05938,\n    \"17.1\": 0.02227,\n    \"17.2\": 0.10391,\n    \"17.3\": 0.43048,\n    \"17.4\": 1.0465\n  },\n  G: {\n    \"8\": 0,\n    \"3.2\": 0,\n    \"4.0-4.1\": 0,\n    \"4.2-4.3\": 0.00206,\n    \"5.0-5.1\": 0.00206,\n    \"6.0-6.1\": 0.00514,\n    \"7.0-7.1\": 0.00822,\n    \"8.1-8.4\": 0.00206,\n    \"9.0-9.2\": 0.00514,\n    \"9.3\": 0.0257,\n    \"10.0-10.2\": 0.00514,\n    \"10.3\": 0.04111,\n    \"11.0-11.2\": 0.03495,\n    \"11.3-11.4\": 0.01028,\n    \"12.0-12.1\": 0.00719,\n    \"12.2-12.5\": 0.16754,\n    \"13.0-13.1\": 0.00308,\n    \"13.2\": 0.03392,\n    \"13.3\": 0.00822,\n    \"13.4-13.7\": 0.03186,\n    \"14.0-14.4\": 0.0627,\n    \"14.5-14.8\": 0.09559,\n    \"15.0-15.1\": 0.0442,\n    \"15.2-15.3\": 0.05036,\n    \"15.4\": 0.05756,\n    \"15.5\": 0.07298,\n    \"15.6-15.8\": 0.63727,\n    \"16.0\": 0.14904,\n    \"16.1\": 0.31041,\n    \"16.2\": 0.14904,\n    \"16.3\": 0.26313,\n    \"16.4\": 0.05448,\n    \"16.5\": 0.11409,\n    \"16.6-16.7\": 0.90142,\n    \"17.0\": 0.10792,\n    \"17.1\": 0.1994,\n    \"17.2\": 0.26518,\n    \"17.3\": 1.93441,\n    \"17.4\": 4.3663,\n    \"17.5\": 0.04009\n  },\n  P: {\n    \"4\": 0.06576,\n    \"23\": 0.02192,\n    \"24\": 2.02752,\n    _: \"20 21 22 5.0-5.4 7.2-7.4 8.2 9.2 10.1 11.1-11.2 12.0 13.0 14.0 15.0 16.0 17.0 18.0\",\n    \"6.2-6.4\": 0.08768,\n    \"19.0\": 0.01096\n  },\n  I: {\n    \"0\": 0.95252,\n    \"3\": 0,\n    \"4\": 0.0001,\n    \"2.1\": 0,\n    \"2.2\": 0,\n    \"2.3\": 0,\n    \"4.1\": 0.00019,\n    \"4.2-4.3\": 0.00057,\n    \"4.4\": 0,\n    \"4.4.3-4.4.4\": 0.00239\n  },\n  A: {\n    \"6\": 0.02246,\n    \"7\": 0.0524,\n    \"8\": 0.69622,\n    \"9\": 0.14973,\n    \"10\": 0.11229,\n    \"11\": 0.64382,\n    _: \"5.5\"\n  },\n  K: {\n    \"0\": 0.54138,\n    _: \"10 11 12 11.1 11.5 12.1\"\n  },\n  J: {\n    _: \"7 10\"\n  },\n  N: {\n    _: \"10 11\"\n  },\n  S: {\n    \"2.5\": 0.03351,\n    _: \"3.0-3.1\"\n  },\n  Q: {\n    \"14.9\": 0.01289\n  },\n  O: {\n    \"0\": 0.11085\n  },\n  H: {\n    \"0\": 0\n  },\n  L: {\n    \"0\": 10.63716\n  },\n  R: {\n    _: \"0\"\n  },\n  M: {\n    \"0\": 0.44084\n  }\n};","map":{"version":3,"names":["module","exports","C","_","D","F","B","E","G","P","I","A","K","J","N","S","Q","O","H","L","R","M"],"sources":["C:/Users/chest/OneDrive/Documentos/GitHub/HackUPC/frontend/node_modules/caniuse-lite/data/regions/LI.js"],